大学英文名称,学位,专业英文名称,所属院系,职业项目,投票状态,response_1_text,response_1_status,response_1_valid,response_2_text,response_2_status,response_2_valid,response_3_text,response_3_status,response_3_valid
Harvard University,MS,Data Science SEAS,约翰·保尔森工程与应用科学学院,non-professional,一致投票(3/3有效),non-professional,有效回答,True,non-professional,有效回答,True,non-professional,有效回答,True
Harvard University,MS,Data Science,Harvard Extension School,professional,一致投票(3/3有效),professional,有效回答,True,professional,有效回答,True,professional,有效回答,True
Stanford University,MS,Data Science,工程学院,non-professional,一致投票(3/3有效),non-professional,有效回答,True,non-professional,有效回答,True,non-professional,有效回答,True
Stanford University,MS,Data Science,人文科学学院,non-professional,一致投票(3/3有效),non-professional,有效回答,True,non-professional,有效回答,True,non-professional,有效回答,True
Yale University,MS,Statistics and Data Science,艺术与科学研究生院,non-professional,一致投票(3/3有效),non-professional,有效回答,True,non-professional,有效回答,True,non-professional,有效回答,True
Yale University,PH.D.,Statistics and Data Science,艺术与科学研究生院,non-professional,一致投票(3/3有效),non-professional,有效回答,True,non-professional,有效回答,True,non-professional,有效回答,True
University of Pennsylvania,PHD,Statistics and Data Science ,商学院,non-professional,一致投票(3/3有效),non-professional,有效回答,True,non-professional,有效回答,True,non-professional,有效回答,True
University of Pennsylvania,MSE,Data Science,工程学院,non-professional,一致投票(3/3有效),non-professional,有效回答,True,non-professional,有效回答,True,"non-professional
",有效回答,True
Duke University,MS,Electrical and Computer Engineering-Machine Learning & Big Data,工程学院,non-professional,一致投票(3/3有效),non-professional,有效回答,True,non-professional,有效回答,True,non-professional,有效回答,True
Duke University,Meng,Electrical and Computer Engineering-Machine Learning & Big Data,工程学院,professional,一致投票(3/3有效),professional,有效回答,True,professional,有效回答,True,professional,有效回答,True
Duke University,MS,Statistical Science（Data Science & Analytics ）,文理学院,non-professional,一致投票(3/3有效),non-professional,有效回答,True,non-professional,有效回答,True,non-professional,有效回答,True
Duke University,MS,Interdisciplinary Data Science,文理学院,non-professional,多数票(2票non-professional vs 1票professional),non-professional,有效回答,True,non-professional,有效回答,True,professional,有效回答,True
Duke University,MENG,Electrical and Computer Engineering,杜克昆山分校,non-professional,多数票(2票non-professional vs 1票professional),non-professional,有效回答,True,non-professional,有效回答,True,professional,有效回答,True
" 
Brown University",MS,Data Science,研究生院,non-professional,一致投票(3/3有效),non-professional,有效回答,True,non-professional,有效回答,True,non-professional,有效回答,True
Northwestern University,MS,Master of Science in Machine Learning and Data Science,工程与应用科学学院,professional,一致投票(3/3有效),professional,有效回答,True,professional,有效回答,True,professional,有效回答,True
Northwestern University,MS,Statistics and Data Science,文理学院,non-professional,一致投票(3/3有效),non-professional,有效回答,True,non-professional,有效回答,True,non-professional,有效回答,True
Johns Hopkins University,MSE,Data Science,工程学院,non-professional,一致投票(3/3有效),non-professional,有效回答,True,non-professional,有效回答,True,non-professional,有效回答,True
Johns Hopkins University,MSE,Data Science,工程学院,non-professional,一致投票(3/3有效),non-professional,有效回答,True,non-professional,有效回答,True,non-professional,有效回答,True
Johns Hopkins University,PHD,Applied Mathematics and Statistics,工程学院,non-professional,一致投票(3/3有效),non-professional,有效回答,True,non-professional,有效回答,True,non-professional,有效回答,True
Johns Hopkins University,PHD,Applied Mathematics and Statistics,工程学院,non-professional,一致投票(3/3有效),non-professional,有效回答,True,non-professional,有效回答,True,non-professional,有效回答,True
Johns Hopkins University,MSEM,Master of Science in Global Innovation and Leadership：Technical Concentrations,工程学院,non-professional,一致投票(3/3有效),non-professional,有效回答,True,non-professional,有效回答,True,non-professional,有效回答,True
Columbia University,MS,Data Science,工程与应用科学研究生学院,non-professional,一致投票(3/3有效),non-professional,有效回答,True,non-professional,有效回答,True,non-professional,有效回答,True
Columbia University,PhD,The PhD specialization in Data Science,工程与应用科学研究生学院,non-professional,一致投票(3/3有效),non-professional,有效回答,True,non-professional,有效回答,True,non-professional,有效回答,True
Columbia University,MS,Applied Analytics,School of Professional Studies,professional,一致投票(3/3有效),professional,有效回答,True,professional,有效回答,True,professional,有效回答,True
Columbia University,MS,Applied Analytics,School of Professional Studies,professional,一致投票(3/3有效),professional,有效回答,True,professional,有效回答,True,professional,有效回答,True
Cornell University,M.Eng.,Operations Research and Information Engineering ：Data Analytics (DA),工程学院,professional,一致投票(3/3有效),professional,有效回答,True,professional,有效回答,True,professional,有效回答,True
Cornell University,M.Eng.,Operations Research and Information Engineering ：Data Analytics (DA),工程学院,professional,一致投票(3/3有效),professional,有效回答,True,professional,有效回答,True,professional,有效回答,True
Cornell University,M.Eng.,Operations Research and Information Engineering (M.Eng.) (Cornell NYC Tech),康奈尔科技学院,professional,一致投票(3/3有效),professional,有效回答,True,professional,有效回答,True,professional,有效回答,True
Cornell University,M.P.S.,Information Science (M.P.S.) , 计算与信息科学学院,professional,一致投票(3/3有效),"professional
",有效回答,True,professional,有效回答,True,professional,有效回答,True
Cornell University,Ph.D.,Information Science (Ph.D.) , 计算与信息科学学院,non-professional,一致投票(3/3有效),non-professional,有效回答,True,non-professional,有效回答,True,non-professional,有效回答,True
Cornell University,M.P.S.,Applied Statistics (Data Science) , 计算与信息科学学院,professional,一致投票(3/3有效),professional,有效回答,True,professional,有效回答,True,professional,有效回答,True
Cornell University,M.P.S.,Applied Statistics (Data Science) , 计算与信息科学学院,professional,一致投票(3/3有效),professional,有效回答,True,professional,有效回答,True,professional,有效回答,True
University of Chicago,MScA,Applied Data Science,物理科学部,professional,一致投票(3/3有效),professional,有效回答,True,"professional
",有效回答,True,professional,有效回答,True
University of Chicago,MS,Data Science ,物理科学部,non-professional,一致投票(3/3有效),non-professional,有效回答,True,non-professional,有效回答,True,non-professional,有效回答,True
University of Chicago,Ph.D,Data Science ,物理科学部,non-professional,一致投票(3/3有效),non-professional,有效回答,True,non-professional,有效回答,True,non-professional,有效回答,True
"University of California, Berkeley",M.Eng,Data Science  ,电子工程和计算机科学系,professional,一致投票(3/3有效),"professional
",有效回答,True,"professional
",有效回答,True,"professional
",有效回答,True
"University of California, Berkeley",MAna,Master of Analytics,工业工程与运筹学系,professional,一致投票(3/3有效),professional,有效回答,True,professional,有效回答,True,professional,有效回答,True
"University of California, Los Angeles",MENG,Data Science ,工程与应用科学学院,professional,一致投票(3/3有效),"professional
",有效回答,True,professional,有效回答,True,"professional
",有效回答,True
"University of California, Los Angeles",M.A.S.D.S,Master of Applied Statistics and Data Science,物理科学学院,professional,一致投票(3/3有效),professional,有效回答,True,professional,有效回答,True,"professional
",有效回答,True
Rice University,MDS,Master of Data Science,工程学院,professional,一致投票(3/3有效),professional,有效回答,True,"professional
",有效回答,True,professional,有效回答,True
Vanderbilt University,MS,Data Science ,文理学院,non-professional,一致投票(3/3有效),non-professional,有效回答,True,non-professional,有效回答,True,non-professional,有效回答,True
" 
University of Notre Dame",PHD,PHD IN ANALYTICS,商学院,non-professional,一致投票(3/3有效),non-professional,有效回答,True,non-professional,有效回答,True,non-professional,有效回答,True
" 
University of Notre Dame",M.S.,Applied and Computational Mathematics ,理学院,professional,一致投票(3/3有效),professional,有效回答,True,professional,有效回答,True,professional,有效回答,True
" 
University of Notre Dame",M.S.,Applied and Computational Mathematics ,理学院,professional,一致投票(3/3有效),professional,有效回答,True,professional,有效回答,True,professional,有效回答,True
"University of Michigan, Ann Arbor",MENG,Data Science and Machine Learning,工程学院,professional,一致投票(3/3有效),"professional
",有效回答,True,professional,有效回答,True,professional,有效回答,True
"University of Michigan, Ann Arbor",Ph.D,Industrial and Operations Engineering,工程学院,non-professional,一致投票(3/3有效),non-professional,有效回答,True,non-professional,有效回答,True,non-professional,有效回答,True
"University of Michigan, Ann Arbor",MS,Industrial and Operations Engineering,工程学院,non-professional,一致投票(3/3有效),non-professional,有效回答,True,non-professional,有效回答,True,"non-professional
",有效回答,True
"University of Michigan, Ann Arbor",MSE,Industrial and Operations Engineering,工程学院,non-professional,一致投票(3/3有效),non-professional,有效回答,True,"non-professional
",有效回答,True,non-professional,有效回答,True
"University of Michigan, Ann Arbor",MS,Industrial and Operations Engineering,工程学院,non-professional,一致投票(3/3有效),non-professional,有效回答,True,non-professional,有效回答,True,non-professional,有效回答,True
"University of Michigan, Ann Arbor",MSE,Industrial and Operations Engineering,工程学院,non-professional,多数票(2票non-professional vs 1票professional),non-professional,有效回答,True,professional,有效回答,True,non-professional,有效回答,True
"University of Michigan, Ann Arbor",Ph.D,Information,信息学院,non-professional,一致投票(3/3有效),non-professional,有效回答,True,non-professional,有效回答,True,non-professional,有效回答,True
"University of Michigan, Ann Arbor",MS,Information,信息学院,professional,多数票(2票professional vs 1票non-professional),professional,有效回答,True,non-professional,有效回答,True,professional,有效回答,True
"University of Michigan, Ann Arbor",MS,Data Science ,文化、科学与艺术学院,non-professional,一致投票(3/3有效),non-professional,有效回答,True,non-professional,有效回答,True,non-professional,有效回答,True
"University of North Carolina, Chapel Hill",MS,"MS program in Statistics, Analytics and Data Science (STANDS)",文理学院,non-professional,一致投票(3/3有效),non-professional,有效回答,True,non-professional,有效回答,True,non-professional,有效回答,True
Georgetown University,M.S.,Master of Science in Data Science and Analytics,文理研究生院,professional,多数票(2票professional vs 1票non-professional),professional,有效回答,True,non-professional,有效回答,True,professional,有效回答,True
Georgetown University,M.S.,Mathematics & Statistics ,文理研究生院,professional,一致投票(3/3有效),professional,有效回答,True,"professional
",有效回答,True,professional,有效回答,True
Georgetown University,M.S.,Mathematics & Statistics ,文理研究生院,professional,一致投票(3/3有效),professional,有效回答,True,professional,有效回答,True,professional,有效回答,True
Emory University,MS,Quantitative Theory and Methods,研究生院,non-professional,多数票(2票non-professional vs 1票professional),non-professional,有效回答,True,non-professional,有效回答,True,professional,有效回答,True
University of Virginia,PHD,Data Analytics and Decision Science,达顿商学院,non-professional,一致投票(3/3有效),non-professional,有效回答,True,non-professional,有效回答,True,non-professional,有效回答,True
University of Virginia,MSDS,Data Science,数据科学学院,professional,多数票(2票professional vs 1票non-professional),professional,有效回答,True,professional,有效回答,True,non-professional,有效回答,True
University of Virginia,PHD,Data Science,数据科学学院,non-professional,一致投票(3/3有效),non-professional,有效回答,True,non-professional,有效回答,True,non-professional,有效回答,True
Carnegie Mellon University,MITS,Master of Information Technology Strategy (MITS),人文与社会科学学院,professional,一致投票(3/3有效),professional,有效回答,True,"professional
",有效回答,True,professional,有效回答,True
Carnegie Mellon University,MADS,Master of Science in Applied Data Science (MADS),人文与社会科学学院,professional,一致投票(3/3有效),professional,有效回答,True,professional,有效回答,True,professional,有效回答,True
Carnegie Mellon University,MISM,Information Systems Management（BUSINESS INTELLIGENCE & DATA ANALYTICS）,信息系统与公共政策学院 ,professional,一致投票(3/3有效),professional,有效回答,True,professional,有效回答,True,professional,有效回答,True
Carnegie Mellon University,MISM,Information Systems Management（BUSINESS INTELLIGENCE & DATA ANALYTICS）,信息系统与公共政策学院 ,professional,一致投票(3/3有效),"professional
",有效回答,True,professional,有效回答,True,professional,有效回答,True
Carnegie Mellon University,MS,MS in DATA ANALYTICS FOR SCIENCE,科学学院,non-professional,多数票(2票non-professional vs 1票professional),professional,有效回答,True,non-professional,有效回答,True,"non-professional
",有效回答,True
Carnegie Mellon University,MCDS,Computational Data Science,计算机科学学院,professional,一致投票(3/3有效),professional,有效回答,True,professional,有效回答,True,professional,有效回答,True
Carnegie Mellon University,MCDS,Computational Data Science,计算机科学学院,professional,一致投票(3/3有效),"professional
",有效回答,True,professional,有效回答,True,professional,有效回答,True
Washington University in St. Louis,MS,MS in Engineering Data Analytics & Statistics,工程学院,non-professional,一致投票(3/3有效),non-professional,有效回答,True,non-professional,有效回答,True,non-professional,有效回答,True
Washington University in St. Louis,MS,MS in Engineering Data Analytics & Statistics,工程学院,non-professional,一致投票(3/3有效),non-professional,有效回答,True,non-professional,有效回答,True,non-professional,有效回答,True
Washington University in St. Louis,PHD,Computational & Data Sciences ,工程学院,non-professional,一致投票(3/3有效),non-professional,有效回答,True,non-professional,有效回答,True,non-professional,有效回答,True
Washington University in St. Louis,MS,Master of Data Analytics & Applications,继续和专业教育学院,professional,一致投票(3/3有效),professional,有效回答,True,professional,有效回答,True,professional,有效回答,True
Washington University in St. Louis,MS,Master of Data Analytics & Applications,继续和专业教育学院,professional,一致投票(3/3有效),professional,有效回答,True,"professional
",有效回答,True,professional,有效回答,True
University of Florida,M.S.,Information Systems and Operations Management：Data Science,商学院,non-professional,多数票(2票non-professional vs 1票professional),non-professional,有效回答,True,professional,有效回答,True,non-professional,有效回答,True
University of Florida,M.S.,Information Systems and Operations Management：Data Science,商学院,non-professional,一致投票(3/3有效),non-professional,有效回答,True,non-professional,有效回答,True,non-professional,有效回答,True
University of Florida,M.S.,Information Systems and Operations Management：Data Science,商学院,non-professional,多数票(2票non-professional vs 1票professional),professional,有效回答,True,non-professional,有效回答,True,non-professional,有效回答,True
University of Florida,M.S.,Information Systems and Operations Management：Data Science,商学院,non-professional,多数票(2票non-professional vs 1票professional),non-professional,有效回答,True,professional,有效回答,True,non-professional,有效回答,True
"University of California, Davis",MS,Statistics- DATA SCIENCE TRACK (48 units),文学与科学学院,non-professional,一致投票(3/3有效),non-professional,有效回答,True,non-professional,有效回答,True,non-professional,有效回答,True
"University of California, San Diego",PhD,Data Science,数据科学研究所,non-professional,一致投票(3/3有效),non-professional,有效回答,True,non-professional,有效回答,True,non-professional,有效回答,True
"University of California, San Diego",MS,Data Science,数据科学研究所,non-professional,一致投票(3/3有效),non-professional,有效回答,True,non-professional,有效回答,True,"non-professional
",有效回答,True
"University of California, San Diego",MS,Machine Learning and Data Science ,工程学院,non-professional,一致投票(3/3有效),"non-professional
",有效回答,True,non-professional,有效回答,True,non-professional,有效回答,True
"University of California, San Diego",PHD,Machine Learning and Data Science ,工程学院,non-professional,一致投票(3/3有效),non-professional,有效回答,True,non-professional,有效回答,True,non-professional,有效回答,True
University of Southern California,PhD,Business Administration( Data Sciences & Operations),商学院,non-professional,一致投票(3/3有效),non-professional,有效回答,True,non-professional,有效回答,True,non-professional,有效回答,True
University of Southern California,M.S.,Computer Science (Data Science),工程学院,professional,一致投票(3/3有效),professional,有效回答,True,professional,有效回答,True,professional,有效回答,True
University of Southern California,M.S.,Computer Science (Data Science),工程学院,professional,一致投票(3/3有效),professional,有效回答,True,professional,有效回答,True,professional,有效回答,True
University of Southern California,M.S.,Applied Data Science,工程学院,professional,一致投票(3/3有效),professional,有效回答,True,professional,有效回答,True,professional,有效回答,True
University of Southern California,M.S.,Applied Data Science,工程学院,professional,一致投票(3/3有效),professional,有效回答,True,professional,有效回答,True,professional,有效回答,True
University of Southern California,M.S.,ECE-Machine Learning and Data Science,工程学院,non-professional,一致投票(3/3有效),non-professional,有效回答,True,non-professional,有效回答,True,non-professional,有效回答,True
University of Southern California,M.S.,ECE-Machine Learning and Data Science,工程学院,non-professional,多数票(2票non-professional vs 1票professional),non-professional,有效回答,True,non-professional,有效回答,True,professional,有效回答,True
University of Southern California,M.S.,Analytics,工程学院,professional,一致投票(3/3有效),professional,有效回答,True,professional,有效回答,True,professional,有效回答,True
University of Southern California,M.S.,Analytics,工程学院,professional,一致投票(3/3有效),professional,有效回答,True,professional,有效回答,True,professional,有效回答,True
University of Southern California,M.S.,Mathematical Data Science M.S.,文理学院,non-professional,一致投票(3/3有效),non-professional,有效回答,True,non-professional,有效回答,True,non-professional,有效回答,True
"University of Texas, Austin", Ph.D.,Electrical and Computer Engineering ,工程学院,professional,多数票(2票professional vs 1票non-professional),non-professional,有效回答,True,professional,有效回答,True,professional,有效回答,True
"University of Texas, Austin", Ph.D.,Electrical and Computer Engineering ,工程学院,professional,一致投票(3/3有效),professional,有效回答,True,professional,有效回答,True,professional,有效回答,True
"University of Texas, Austin",MSE ,Electrical and Computer Engineering,工程学院,professional,一致投票(3/3有效),professional,有效回答,True,professional,有效回答,True,professional,有效回答,True
"University of Texas, Austin",MSE ,Electrical and Computer Engineering,工程学院,professional,一致投票(3/3有效),professional,有效回答,True,professional,有效回答,True,professional,有效回答,True
"University of California, Irvine",MDS,Master of Data Science,信息与计算机科学学院,professional,多数票(2票professional vs 1票non-professional),non-professional,有效回答,True,professional,有效回答,True,professional,有效回答,True
Georgia Institute of Technology,MS,Analytics,商学院,professional,一致投票(3/3有效),professional,有效回答,True,professional,有效回答,True,professional,有效回答,True
"University of California, Santa Barbara",MA,Statistics-Data Science,文理学院,non-professional,一致投票(3/3有效),non-professional,有效回答,True,non-professional,有效回答,True,non-professional,有效回答,True
"University of California, Santa Barbara",MA,Statistics-Data Science,文理学院,non-professional,多数票(2票non-professional vs 1票professional),professional,有效回答,True,non-professional,有效回答,True,non-professional,有效回答,True
"University of California, Santa Barbara",MA,Statistics-Data Science,文理学院,non-professional,多数票(2票non-professional vs 1票professional),professional,有效回答,True,non-professional,有效回答,True,non-professional,有效回答,True
New York University,Ph.D,Data Science ,文理研究生院,non-professional,一致投票(3/3有效),non-professional,有效回答,True,non-professional,有效回答,True,non-professional,有效回答,True
New York University,MS,Data Science ,文理研究生院,non-professional,一致投票(3/3有效),non-professional,有效回答,True,non-professional,有效回答,True,non-professional,有效回答,True
New York University,MS,Data Science （Industry Concentration）,文理研究生院,professional,一致投票(3/3有效),professional,有效回答,True,professional,有效回答,True,professional,有效回答,True
New York University,MS,MS in Data Analytics & Business Computing,商学院,professional,多数票(2票professional vs 1票non-professional),professional,有效回答,True,professional,有效回答,True,non-professional,有效回答,True
"University of Wisconsin, Madison",M.S.,MS – Data Engineering,文理学院,professional,一致投票(3/3有效),professional,有效回答,True,professional,有效回答,True,professional,有效回答,True
"University of Wisconsin, Madison",MS,Statistics and Data Science,文理学院,professional,一致投票(3/3有效),professional,有效回答,True,professional,有效回答,True,professional,有效回答,True
"University of Wisconsin, Madison",MS,Statistics and Data Science,文理学院,professional,一致投票(3/3有效),professional,有效回答,True,professional,有效回答,True,professional,有效回答,True
"University of Wisconsin, Madison",MS,Data Science,文理学院,professional,一致投票(3/3有效),professional,有效回答,True,professional,有效回答,True,professional,有效回答,True
"University of Illinois, Urbana-Champaign",MS,Data Science + CEE M.S.,工程学院,non-professional,一致投票(3/3有效),non-professional,有效回答,True,non-professional,有效回答,True,non-professional,有效回答,True
"University of Illinois, Urbana-Champaign",MS,Data Science + CEE M.S.,工程学院,non-professional,一致投票(3/3有效),non-professional,有效回答,True,non-professional,有效回答,True,non-professional,有效回答,True
"University of Illinois, Urbana-Champaign",MS,MS in Industrial Engineering with the Advanced Analytics Concentration,工程学院,non-professional,一致投票(3/3有效),non-professional,有效回答,True,non-professional,有效回答,True,non-professional,有效回答,True
"University of Illinois, Urbana-Champaign",MS,MS in Industrial Engineering with the Advanced Analytics Concentration,工程学院,non-professional,一致投票(3/3有效),non-professional,有效回答,True,non-professional,有效回答,True,non-professional,有效回答,True
"University of Illinois, Urbana-Champaign",,Data Science & Engineering (DSE),工程学院,non-professional,一致投票(3/3有效),non-professional,有效回答,True,non-professional,有效回答,True,non-professional,有效回答,True
"University of Illinois, Urbana-Champaign",MS,MS in Information Management,信息科学学院,professional,一致投票(3/3有效),"professional
",有效回答,True,professional,有效回答,True,professional,有效回答,True
"University of Illinois, Urbana-Champaign",MS,MS in Information Management,信息科学学院,professional,一致投票(3/3有效),professional,有效回答,True,professional,有效回答,True,professional,有效回答,True
"University of Illinois, Urbana-Champaign",MS,statistics-analytics,文理学院,professional,一致投票(3/3有效),professional,有效回答,True,professional,有效回答,True,professional,有效回答,True
"University of Illinois, Urbana-Champaign",MS,statistics-analytics,文理学院,professional,一致投票(3/3有效),professional,有效回答,True,professional,有效回答,True,professional,有效回答,True
Boston College,MS,Master of Science (M.S.) in Applied Analytics,高级研究学院,professional,一致投票(3/3有效),professional,有效回答,True,professional,有效回答,True,professional,有效回答,True
Boston College,MS,Master of Science (M.S.) in Applied Analytics,高级研究学院,professional,一致投票(3/3有效),"professional
",有效回答,True,professional,有效回答,True,professional,有效回答,True
Boston College,MS,Master of Science (M.S.) in Applied Analytics,高级研究学院,professional,一致投票(3/3有效),"professional
",有效回答,True,professional,有效回答,True,professional,有效回答,True
University of Washington,MS,Data Science - Interdisciplinary Group (MS in Data Science) ,文理学院,professional,一致投票(3/3有效),professional,有效回答,True,professional,有效回答,True,professional,有效回答,True
University of Washington,PHD,Mathematics (PhD) —Data Science Option,文理学院,non-professional,一致投票(3/3有效),non-professional,有效回答,True,non-professional,有效回答,True,non-professional,有效回答,True
University of Washington,PHD,Statistics (PhD)：ADVANCED DATA SCIENCE (ADS) TRACK,文理学院,non-professional,一致投票(3/3有效),non-professional,有效回答,True,non-professional,有效回答,True,non-professional,有效回答,True
University of Washington,PHD,Statistics (PhD)-Machine Learning and Big Data,文理学院,non-professional,一致投票(3/3有效),non-professional,有效回答,True,non-professional,有效回答,True,non-professional,有效回答,True
University of Washington,MS,Statistics - (MS - Advanced Methods & Data Analysis - Fulltime) ,文理学院,non-professional,一致投票(3/3有效),non-professional,有效回答,True,non-professional,有效回答,True,non-professional,有效回答,True
"Rutgers University, New Brunswick",M.S.,MS in Information Technology and Analytics,商学院,professional,一致投票(3/3有效),professional,有效回答,True,professional,有效回答,True,professional,有效回答,True
"Rutgers University, New Brunswick",M.S.,MS in Information Technology and Analytics,商学院,professional,一致投票(3/3有效),professional,有效回答,True,professional,有效回答,True,professional,有效回答,True
"Rutgers University, New Brunswick",MI,Master of Information,传播与信息学院,professional,一致投票(3/3有效),professional,有效回答,True,professional,有效回答,True,professional,有效回答,True
"Rutgers University, New Brunswick",MI,Master of Information,传播与信息学院,professional,一致投票(3/3有效),professional,有效回答,True,professional,有效回答,True,professional,有效回答,True
"Rutgers University, New Brunswick",MI,Master of Information,传播与信息学院,professional,一致投票(3/3有效),professional,有效回答,True,professional,有效回答,True,professional,有效回答,True
"Rutgers University, New Brunswick",MS,Data Science  ,文理学院,professional,多数票(2票professional vs 1票non-professional),non-professional,有效回答,True,professional,有效回答,True,professional,有效回答,True
"Rutgers University, New Brunswick",MS,Data Science  ,文理学院,professional,一致投票(3/3有效),professional,有效回答,True,professional,有效回答,True,professional,有效回答,True
"Rutgers University, New Brunswick",MBS,Business and Science - Computer and Information Sciences,文理学院,professional,一致投票(3/3有效),professional,有效回答,True,professional,有效回答,True,professional,有效回答,True
"Rutgers University, New Brunswick",MBS,Business and Science - Computer and Information Sciences,文理学院,professional,一致投票(3/3有效),professional,有效回答,True,"professional
",有效回答,True,"professional
",有效回答,True
Tufts University,MS,Data Analytics ,文理学院,non-professional,一致投票(3/3有效),non-professional,有效回答,True,non-professional,有效回答,True,non-professional,有效回答,True
Tufts University,MS,Data Science ,工程学院,non-professional,一致投票(3/3有效),non-professional,有效回答,True,non-professional,有效回答,True,non-professional,有效回答,True
Tufts University,MS,Data Science ,工程学院,non-professional,一致投票(3/3有效),non-professional,有效回答,True,non-professional,有效回答,True,non-professional,有效回答,True
Boston University,MS,Computer Science ：data-centric computing.,艺术与科学学院,non-professional,一致投票(3/3有效),non-professional,有效回答,True,non-professional,有效回答,True,non-professional,有效回答,True
Boston University,MS, Master of Science in Statistical Practice,艺术与科学学院,professional,一致投票(3/3有效),"professional
",有效回答,True,professional,有效回答,True,"professional
",有效回答,True
Boston University,MS,Data Analytics,工程学院,professional,多数票(2票professional vs 1票non-professional),non-professional,有效回答,True,"professional
",有效回答,True,professional,有效回答,True
Boston University,PHD, PhD program in Computing & Data Sciences,计算与数据科学学院,non-professional,一致投票(3/3有效),non-professional,有效回答,True,non-professional,有效回答,True,non-professional,有效回答,True
Boston University,M.S.,MS in Data Science (MSDS),计算与数据科学学院,non-professional,一致投票(3/3有效),non-professional,有效回答,True,non-professional,有效回答,True,non-professional,有效回答,True
Boston University,MS,MS in Applied Data Analytics,Metropolitan College,professional,一致投票(3/3有效),professional,有效回答,True,"professional
",有效回答,True,professional,有效回答,True
Boston University,MS,"MS in Computer Information Systems, Data Analytics Concentration",Metropolitan College,professional,一致投票(3/3有效),professional,有效回答,True,professional,有效回答,True,professional,有效回答,True
Boston University,MS,"MS in Computer Information Systems, Database Management & Business Intelligence Concentration",Metropolitan College,professional,一致投票(3/3有效),professional,有效回答,True,professional,有效回答,True,professional,有效回答,True
Boston University,MS,"MS in Computer Science, Data Analytics Concentration",Metropolitan College,professional,一致投票(3/3有效),professional,有效回答,True,professional,有效回答,True,"professional
",有效回答,True
"Ohio State University, Columbus",MS,Industrial and Systems Engineering（Data Analytics and Optimization）,工程学院,non-professional,一致投票(3/3有效),non-professional,有效回答,True,non-professional,有效回答,True,non-professional,有效回答,True
"Ohio State University, Columbus",MS,Industrial and Systems Engineering（Data Analytics and Optimization）,工程学院,non-professional,一致投票(3/3有效),non-professional,有效回答,True,non-professional,有效回答,True,non-professional,有效回答,True
"Ohio State University, Columbus",MS,Industrial and Systems Engineering（Data Analytics and Optimization）,工程学院,non-professional,多数票(2票non-professional vs 1票professional),non-professional,有效回答,True,"non-professional
",有效回答,True,professional,有效回答,True
"University of Maryland, College Park",MPS,Data Science ,计算机、数学与自然科学学院,professional,一致投票(3/3有效),professional,有效回答,True,professional,有效回答,True,professional,有效回答,True
"Texas A&M University, College Station",MS,"Master of Science in Industrial Engineering, Data Science",工程学院,non-professional,一致投票(3/3有效),non-professional,有效回答,True,non-professional,有效回答,True,non-professional,有效回答,True
"Texas A&M University, College Station",MS,"Master of Science in Industrial Engineering, Data Science",工程学院,non-professional,一致投票(3/3有效),non-professional,有效回答,True,non-professional,有效回答,True,non-professional,有效回答,True
"Texas A&M University, College Station",MS,MS IN STATISTICAL DATA SCIENCE,文理学院,non-professional,一致投票(3/3有效),"non-professional
",有效回答,True,non-professional,有效回答,True,non-professional,有效回答,True
"Texas A&M University, College Station",MS,Master of Science in Data Science,文理学院,non-professional,一致投票(3/3有效),non-professional,有效回答,True,non-professional,有效回答,True,non-professional,有效回答,True
Virginia Tech,MS,ata Analysis + Applied Statistics,理学院,non-professional,一致投票(3/3有效),non-professional,有效回答,True,non-professional,有效回答,True,non-professional,有效回答,True
Lehigh University,MS,"M.S., Data Science",工程与应用科学学院,non-professional,一致投票(3/3有效),non-professional,有效回答,True,non-professional,有效回答,True,"non-professional
",有效回答,True
University of Rochester,MS,Data Science,文理学院,professional,一致投票(3/3有效),professional,有效回答,True,"professional
",有效回答,True,professional,有效回答,True
University of Rochester,MS,MS in Data Science—Genomics Track,文理学院,non-professional,一致投票(3/3有效),non-professional,有效回答,True,non-professional,有效回答,True,non-professional,有效回答,True
University of Georgia,MS,MS in Data Science,文理学院,professional,多数票(2票professional vs 1票non-professional),non-professional,有效回答,True,professional,有效回答,True,professional,有效回答,True
University of Georgia,MS,MS in Data Science,文理学院,professional,多数票(2票professional vs 1票non-professional),professional,有效回答,True,non-professional,有效回答,True,professional,有效回答,True
University of Georgia,MS,MS in Data Science,文理学院,non-professional,一致投票(3/3有效),non-professional,有效回答,True,non-professional,有效回答,True,non-professional,有效回答,True
Northeastern University（Boston）,MS,Align DATA SCIENCE,计算机科学学院,professional,一致投票(3/3有效),professional,有效回答,True,professional,有效回答,True,professional,有效回答,True
Northeastern University（Boston）,MS,Align DATA SCIENCE,计算机科学学院,professional,一致投票(3/3有效),professional,有效回答,True,professional,有效回答,True,professional,有效回答,True
Northeastern University（Boston）,MS,DATA SCIENCE,计算机科学学院,professional,一致投票(3/3有效),professional,有效回答,True,professional,有效回答,True,professional,有效回答,True
Northeastern University（Boston）,MS,DATA SCIENCE,计算机科学学院,professional,一致投票(3/3有效),professional,有效回答,True,professional,有效回答,True,"professional
",有效回答,True
Northeastern University（Boston）,MS,Master of Science in Data Analytics Engineering,工程学院,professional,一致投票(3/3有效),professional,有效回答,True,professional,有效回答,True,professional,有效回答,True
Northeastern University（Boston）,MS,Master of Science in Data Analytics Engineering,工程学院,professional,一致投票(3/3有效),professional,有效回答,True,professional,有效回答,True,professional,有效回答,True
Northeastern University（Boston）,MS,Master of Science in Data Architecture and Management,工程学院,professional,一致投票(3/3有效),professional,有效回答,True,professional,有效回答,True,professional,有效回答,True
Northeastern University（Boston）,MS,Master of Science in Data Architecture and Management,工程学院,professional,多数票(2票professional vs 1票non-professional),non-professional,有效回答,True,professional,有效回答,True,professional,有效回答,True
Northeastern University（Boston）,MS,Applied Math,科学学院,professional,一致投票(3/3有效),professional,有效回答,True,professional,有效回答,True,professional,有效回答,True
Northeastern University（Boston）,MS,Applied Math,科学学院,professional,多数票(2票professional vs 1票non-professional),professional,有效回答,True,non-professional,有效回答,True,professional,有效回答,True
Northeastern University（Boston）,MPS,Analytics — Boston,专业研究学院,professional,一致投票(3/3有效),professional,有效回答,True,professional,有效回答,True,professional,有效回答,True
Northeastern University ,MS,Master of Professional Studies in Analytics,东北大学（弗吉尼亚州阿灵顿）,professional,一致投票(3/3有效),professional,有效回答,True,professional,有效回答,True,professional,有效回答,True
Northeastern University ,MPS,Analytics — Oakland,东北大学（奥克兰校区）,professional,一致投票(3/3有效),professional,有效回答,True,professional,有效回答,True,"professional
",有效回答,True
Northeastern University ,MPS,Analytics — Portland,东北大学（波特兰校区）,professional,一致投票(3/3有效),professional,有效回答,True,professional,有效回答,True,professional,有效回答,True
Northeastern University ,MS,Align DATA SCIENCE,东北大学（波特兰校区）,professional,一致投票(3/3有效),professional,有效回答,True,professional,有效回答,True,professional,有效回答,True
Northeastern University ,MS,Align DATA SCIENCE,东北大学（波特兰校区）,professional,一致投票(3/3有效),professional,有效回答,True,professional,有效回答,True,professional,有效回答,True
Northeastern University ,MS,DATA SCIENCE,东北大学（波特兰校区）,professional,一致投票(3/3有效),professional,有效回答,True,professional,有效回答,True,professional,有效回答,True
Northeastern University ,MS,DATA SCIENCE,东北大学（波特兰校区）,professional,一致投票(3/3有效),professional,有效回答,True,professional,有效回答,True,professional,有效回答,True
Northeastern University ,MS,Analytics — Silicon Valley,东北大学（硅谷校区）,professional,一致投票(3/3有效),professional,有效回答,True,professional,有效回答,True,professional,有效回答,True
Northeastern University ,MS,Align DATA SCIENCE,东北大学（硅谷校区）,professional,一致投票(3/3有效),professional,有效回答,True,professional,有效回答,True,professional,有效回答,True
Northeastern University ,MS,Align DATA SCIENCE,东北大学（硅谷校区）,professional,一致投票(3/3有效),"professional
",有效回答,True,"professional
",有效回答,True,"professional
",有效回答,True
Northeastern University ,MS,DATA SCIENCE,东北大学（硅谷校区）,professional,一致投票(3/3有效),professional,有效回答,True,professional,有效回答,True,professional,有效回答,True
Northeastern University ,MS,DATA SCIENCE,东北大学（硅谷校区）,professional,一致投票(3/3有效),professional,有效回答,True,professional,有效回答,True,"professional
",有效回答,True
Northeastern University ,MS,Analytics  ,东北大学（西雅图校区）,professional,一致投票(3/3有效),professional,有效回答,True,professional,有效回答,True,professional,有效回答,True
Northeastern University ,MS,Master of Science in Data Analytics Engineering,东北大学（西雅图校区）,professional,多数票(2票professional vs 1票non-professional),professional,有效回答,True,non-professional,有效回答,True,professional,有效回答,True
Northeastern University ,MS,Master of Science in Data Analytics Engineering,东北大学（西雅图校区）,professional,一致投票(3/3有效),professional,有效回答,True,professional,有效回答,True,professional,有效回答,True
Northeastern University ,MS,Master of Science in Data Architecture and Management,东北大学（西雅图校区）,professional,一致投票(3/3有效),professional,有效回答,True,professional,有效回答,True,professional,有效回答,True
Northeastern University ,MS,Master of Science in Data Architecture and Management,东北大学（西雅图校区）,professional,一致投票(3/3有效),professional,有效回答,True,professional,有效回答,True,professional,有效回答,True
Northeastern University ,MS,Analytics ,东北大学（西雅图校区）,professional,一致投票(3/3有效),professional,有效回答,True,professional,有效回答,True,professional,有效回答,True
Northeastern University（Toronto）,MS,Analytics — Toronto,东北大学（加拿大多伦多校区）,professional,一致投票(3/3有效),professional,有效回答,True,professional,有效回答,True,professional,有效回答,True
Northeastern University（Vancouver）,MS,Analytics — Vancouver,东北大学（加拿大温哥华校区）,professional,一致投票(3/3有效),professional,有效回答,True,professional,有效回答,True,professional,有效回答,True
Northeastern University（Vancouver）,MS,Master of Science in Data Analytics Engineering,东北大学（加拿大温哥华校区）,professional,多数票(2票professional vs 1票non-professional),professional,有效回答,True,professional,有效回答,True,non-professional,有效回答,True
Northeastern University（Vancouver）,MS,Master of Science in Data Analytics Engineering,东北大学（加拿大温哥华校区）,professional,一致投票(3/3有效),professional,有效回答,True,professional,有效回答,True,professional,有效回答,True
Northeastern University（Boston）,硕士预科项目,Analytics（College of Professional Studies）,Global Pathways项目,professional,一致投票(3/3有效),professional,有效回答,True,"professional
",有效回答,True,professional,有效回答,True
Northeastern University（Boston）,硕士预科项目,Data Analytics Engineering（College of Engineering）,Global Pathways项目,non-professional,一致投票(3/3有效),non-professional,有效回答,True,non-professional,有效回答,True,non-professional,有效回答,True
Northeastern University（Boston）,硕士预科项目,Data Analytics Engineering（College of Engineering）,Global Pathways项目,non-professional,一致投票(3/3有效),non-professional,有效回答,True,non-professional,有效回答,True,non-professional,有效回答,True
Northeastern University（Boston）,硕士预科项目,Data Architecture and Management（College of Engineering）,Global Pathways项目,professional,一致投票(3/3有效),professional,有效回答,True,"professional
",有效回答,True,professional,有效回答,True
Northeastern University（Boston）,硕士预科项目,Data Architecture and Management（College of Engineering）,Global Pathways项目,professional,一致投票(3/3有效),professional,有效回答,True,professional,有效回答,True,professional,有效回答,True
Florida State University,PHD,Data Science,文理学院,non-professional,一致投票(3/3有效),"non-professional
",有效回答,True,non-professional,有效回答,True,non-professional,有效回答,True
Florida State University,MS,Data Science,文理学院,non-professional,一致投票(3/3有效),non-professional,有效回答,True,non-professional,有效回答,True,non-professional,有效回答,True
Florida State University,MS,Statistical Data Science ,文理学院,non-professional,多数票(2票non-professional vs 1票professional),non-professional,有效回答,True,non-professional,有效回答,True,professional,有效回答,True
Florida State University,MS,Statistical Data Science ,文理学院,non-professional,一致投票(3/3有效),non-professional,有效回答,True,non-professional,有效回答,True,non-professional,有效回答,True
"University of Minnesota, Twin Cities",MS,Data Science M.S.,理工学院,non-professional,一致投票(3/3有效),non-professional,有效回答,True,non-professional,有效回答,True,non-professional,有效回答,True
"University of Minnesota, Twin Cities",MS,M.S. in Data Science in Operations Research,理工学院,non-professional,多数票(2票non-professional vs 1票professional),non-professional,有效回答,True,professional,有效回答,True,non-professional,有效回答,True
"University of Minnesota, Twin Cities",MS,M.S. in Industrial and Systems Engineering (Analytics Track),理工学院,non-professional,多数票(2票non-professional vs 1票professional),non-professional,有效回答,True,professional,有效回答,True,non-professional,有效回答,True
"University of Minnesota, Twin Cities",MS,MS Mathematics: Data Science,理工学院,non-professional,多数票(2票non-professional vs 1票professional),non-professional,有效回答,True,professional,有效回答,True,non-professional,有效回答,True
College of William & Mary,MS,Applied Science—Data Science,文理学院,non-professional,一致投票(3/3有效),non-professional,有效回答,True,non-professional,有效回答,True,non-professional,有效回答,True
College of William & Mary,Ph.D,Applied Science—Data Science,文理学院,non-professional,一致投票(3/3有效),non-professional,有效回答,True,non-professional,有效回答,True,non-professional,有效回答,True
College of William & Mary,MS,Applied Science—Data Science,文理学院,non-professional,一致投票(3/3有效),non-professional,有效回答,True,non-professional,有效回答,True,non-professional,有效回答,True
College of William & Mary,Ph.D,Applied Science—Data Science,文理学院,non-professional,一致投票(3/3有效),non-professional,有效回答,True,non-professional,有效回答,True,non-professional,有效回答,True
University of Connecticut,M.S.,Data Science,文理学院,professional,一致投票(3/3有效),professional,有效回答,True,professional,有效回答,True,professional,有效回答,True
"Stony Brook University, SUNY",MS,"Data Science 
",工程与应用科学学院,non-professional,一致投票(3/3有效),non-professional,有效回答,True,non-professional,有效回答,True,non-professional,有效回答,True
"Stony Brook University, SUNY",PHD,"Data Science 
",工程与应用科学学院,non-professional,一致投票(3/3有效),non-professional,有效回答,True,non-professional,有效回答,True,non-professional,有效回答,True
"Stony Brook University, SUNY",MS,"Data Science 
",工程与应用科学学院,non-professional,一致投票(3/3有效),non-professional,有效回答,True,non-professional,有效回答,True,non-professional,有效回答,True
"Stony Brook University, SUNY",PHD,"Data Science 
",工程与应用科学学院,non-professional,一致投票(3/3有效),non-professional,有效回答,True,non-professional,有效回答,True,non-professional,有效回答,True
"North Carolina State University, Raleigh",MCS, Computer Science- Data Science,工程学院,professional,一致投票(3/3有效),professional,有效回答,True,professional,有效回答,True,professional,有效回答,True
"North Carolina State University, Raleigh",MS,Advanced Analytics,研究生院,professional,一致投票(3/3有效),professional,有效回答,True,professional,有效回答,True,professional,有效回答,True
"Pennsylvania State University, University Park",MS,Informatics(Data Sciences),信息科学与技术学院,non-professional,一致投票(3/3有效),non-professional,有效回答,True,non-professional,有效回答,True,non-professional,有效回答,True
Rensselaer Polytechnic Institute,MS,Information Technology,科学学院,non-professional,一致投票(3/3有效),non-professional,有效回答,True,non-professional,有效回答,True,non-professional,有效回答,True
Rensselaer Polytechnic Institute,MS,Information Technology,科学学院,non-professional,一致投票(3/3有效),non-professional,有效回答,True,non-professional,有效回答,True,non-professional,有效回答,True
Michigan State University,MS,MASTER'S IN BUSINESS DATA SCIENCE & ANALYTICS,商学院,non-professional,一致投票(3/3有效),non-professional,有效回答,True,non-professional,有效回答,True,non-professional,有效回答,True
Michigan State University,MS,Master of Science  in Data Science,自然科学学院,professional,一致投票(3/3有效),professional,有效回答,True,professional,有效回答,True,professional,有效回答,True
"University of Massachusetts, Amherst",MS,Master of Science in Computer Science（DATA SCIENCE ）,信息与计算机科学学院,non-professional,一致投票(3/3有效),non-professional,有效回答,True,non-professional,有效回答,True,non-professional,有效回答,True
"University of Massachusetts, Amherst",MS,Master of Science in Computer Science（DATA SCIENCE ）,信息与计算机科学学院,non-professional,一致投票(3/3有效),non-professional,有效回答,True,non-professional,有效回答,True,non-professional,有效回答,True
University of Miami,MS, Master of Science in Data Science,文理学院,professional,一致投票(3/3有效),professional,有效回答,True,professional,有效回答,True,professional,有效回答,True
University of Miami,MS, Master of Science in Data Science：Technical Data Science (College of Arts & Sciences and College of Engineering),文理学院,professional,一致投票(3/3有效),professional,有效回答,True,professional,有效回答,True,professional,有效回答,True
University of Pittsburgh,MS,Master of Science in Information Science,计算机和信息学院,professional,一致投票(3/3有效),professional,有效回答,True,professional,有效回答,True,professional,有效回答,True
University of Pittsburgh,MS,Master of Science in Information Science,计算机和信息学院,professional,多数票(2票professional vs 1票non-professional),professional,有效回答,True,non-professional,有效回答,True,professional,有效回答,True
University of Pittsburgh,MS,Master of Science in Information Science,计算机和信息学院,professional,一致投票(3/3有效),professional,有效回答,True,professional,有效回答,True,professional,有效回答,True
University of Pittsburgh,PHD,Doctor of Philosophy in Information Science,计算机和信息学院,non-professional,一致投票(3/3有效),non-professional,有效回答,True,non-professional,有效回答,True,non-professional,有效回答,True
University of Pittsburgh,MS,Industrial Engineering：Data Science,工程学院,professional,一致投票(3/3有效),professional,有效回答,True,professional,有效回答,True,professional,有效回答,True
University of Pittsburgh,MS,Industrial Engineering：Data Science,工程学院,professional,一致投票(3/3有效),professional,有效回答,True,professional,有效回答,True,professional,有效回答,True
George Washington University,MS,Data Science ,文理学院,professional,一致投票(3/3有效),professional,有效回答,True,professional,有效回答,True,professional,有效回答,True
George Washington University,MS,Data Science ,文理学院,professional,多数票(2票professional vs 1票non-professional),non-professional,有效回答,True,professional,有效回答,True,professional,有效回答,True
George Washington University,MS,Data Analytics ,工程学院,professional,一致投票(3/3有效),professional,有效回答,True,professional,有效回答,True,professional,有效回答,True
George Washington University,MS,Data Analytics ,工程学院,professional,一致投票(3/3有效),professional,有效回答,True,professional,有效回答,True,professional,有效回答,True
Villanova University,MS,MS IN APPLIED STATISTICS AND DATA SCIENCE,文理学院,professional,一致投票(3/3有效),professional,有效回答,True,professional,有效回答,True,professional,有效回答,True
Villanova University,MS,MS IN APPLIED STATISTICS AND DATA SCIENCE,文理学院,professional,一致投票(3/3有效),professional,有效回答,True,professional,有效回答,True,professional,有效回答,True
Villanova University,MS,MS IN APPLIED STATISTICS AND DATA SCIENCE,文理学院,professional,一致投票(2/3有效),professional,有效回答,True,,空白回答,False,professional,有效回答,True
Syracuse University,MS,APPLIED DATA SCIENCE,信息研究学院,professional,一致投票(3/3有效),professional,有效回答,True,professional,有效回答,True,professional,有效回答,True
Syracuse University,MS,APPLIED DATA SCIENCE,信息研究学院,professional,一致投票(3/3有效),professional,有效回答,True,professional,有效回答,True,professional,有效回答,True
Syracuse University,PHD,Information Science and Technology,信息研究学院,non-professional,一致投票(3/3有效),non-professional,有效回答,True,non-professional,有效回答,True,non-professional,有效回答,True
"Binghamton University, SUNY",MS,Data Analytics (MS),研究生跨学科项目,professional,多数票(2票professional vs 1票non-professional),non-professional,有效回答,True,professional,有效回答,True,professional,有效回答,True
"Binghamton University, SUNY",MS,MS in Information Systems: Applied Data Science,工程学院,professional,一致投票(1/3有效),professional,有效回答,True,,空白回答,False,,空白回答,False
"Indiana University, Bloomington",M.S., Dual M.S. Degree program in Statistical Science and Data Science,文理学院,non-professional,一致投票(3/3有效),non-professional,有效回答,True,non-professional,有效回答,True,non-professional,有效回答,True
"Indiana University, Bloomington",M.S., Dual M.S. Degree program in Data Science and Applied Statistics,文理学院,non-professional,一致投票(3/3有效),non-professional,有效回答,True,non-professional,有效回答,True,non-professional,有效回答,True
"Indiana University, Bloomington",M.S.,Data Science—Applied Data Science Track,信息学，计算机和工程学院,non-professional,多数票(2票non-professional vs 1票professional),non-professional,有效回答,True,non-professional,有效回答,True,professional,有效回答,True
"Indiana University, Bloomington",M.S.,Data Science—Big Data Systems Track,信息学，计算机和工程学院,non-professional,多数票(2票non-professional vs 1票professional),non-professional,有效回答,True,professional,有效回答,True,non-professional,有效回答,True
"Indiana University, Bloomington",M.S.,Data Science—Computational and Analytical Track,信息学，计算机和工程学院,non-professional,一致投票(3/3有效),non-professional,有效回答,True,non-professional,有效回答,True,non-professional,有效回答,True
"Indiana University, Bloomington",M.S.,Data Science—Managerial Data Science Track,信息学，计算机和工程学院,non-professional,一致投票(3/3有效),non-professional,有效回答,True,non-professional,有效回答,True,non-professional,有效回答,True
"University of California, Riverside",MS,MS in Computational Data Science,工程学院,non-professional,一致投票(3/3有效),non-professional,有效回答,True,non-professional,有效回答,True,non-professional,有效回答,True
Colorado School of Mines,MS, Applied Mathematics and Statistics—DATA SCIENCE（非论文）,应用数学和统计学系,non-professional,一致投票(3/3有效),non-professional,有效回答,True,non-professional,有效回答,True,non-professional,有效回答,True
Colorado School of Mines,MS,DATA SCIENCE（非论文）,研究生跨学科项目,professional,一致投票(3/3有效),professional,有效回答,True,professional,有效回答,True,professional,有效回答,True
"University at Buffalo, SUNY",MS,Industrial Engineering (Data Analytics Engineering)  ,工程与应用科学学院,professional,一致投票(3/3有效),professional,有效回答,True,professional,有效回答,True,professional,有效回答,True
"University at Buffalo, SUNY",MS,Industrial Engineering (Data Analytics Engineering)  ,工程与应用科学学院,professional,多数票(2票professional vs 1票non-professional),non-professional,有效回答,True,professional,有效回答,True,professional,有效回答,True
"University at Buffalo, SUNY",MPS,Data Sciences and Applications MPS,工程与应用科学学院,professional,一致投票(2/3有效),professional,有效回答,True,,空白回答,False,professional,有效回答,True
"University at Buffalo, SUNY",MPS,Data Sciences and Applications MPS,工程与应用科学学院,professional,一致投票(3/3有效),professional,有效回答,True,professional,有效回答,True,professional,有效回答,True
"University at Buffalo, SUNY",MS,Engineering Science (Data Science) MS,工程与应用科学学院,professional,一致投票(3/3有效),professional,有效回答,True,professional,有效回答,True,professional,有效回答,True
"University at Buffalo, SUNY",MS,Engineering Science (Data Science) MS,工程与应用科学学院,professional,一致投票(3/3有效),professional,有效回答,True,professional,有效回答,True,professional,有效回答,True
"University at Buffalo, SUNY",PhD,Computational and Data Enabled Sciences PhD,工程与应用科学学院,non-professional,一致投票(3/3有效),non-professional,有效回答,True,non-professional,有效回答,True,non-professional,有效回答,True
Stevens Institute of Technology,PHD,Ph.D. in Data Science,商学院,non-professional,一致投票(3/3有效),non-professional,有效回答,True,non-professional,有效回答,True,non-professional,有效回答,True
Stevens Institute of Technology,MBA,ANALYTICS MBA,商学院,professional,一致投票(3/3有效),professional,有效回答,True,professional,有效回答,True,professional,有效回答,True
Stevens Institute of Technology,MBA,ANALYTICS MBA,商学院,professional,一致投票(3/3有效),professional,有效回答,True,professional,有效回答,True,professional,有效回答,True
Stevens Institute of Technology,MS,"DATA SCIENCE, M.S. ",工程与科学学院,professional,多数票(2票professional vs 1票non-professional),non-professional,有效回答,True,professional,有效回答,True,professional,有效回答,True
Stevens Institute of Technology,MS,"DATA SCIENCE, M.S. ",工程与科学学院,professional,一致投票(3/3有效),professional,有效回答,True,professional,有效回答,True,professional,有效回答,True
University of Delaware,MS,Data Science,文理学院,professional,多数票(2票professional vs 1票non-professional),non-professional,有效回答,True,"professional
",有效回答,True,professional,有效回答,True
University of Delaware,MS,INTERDISCIPLINARY EVALUATION SCIENCE,跨学科项目,professional,一致投票(3/3有效),professional,有效回答,True,professional,有效回答,True,professional,有效回答,True
Worcester Polytechnic Institute,MS,DATA SCIENCE,文理学院,professional,多数票(2票professional vs 1票non-professional),non-professional,有效回答,True,professional,有效回答,True,professional,有效回答,True
Worcester Polytechnic Institute,MS,DATA SCIENCE,文理学院,non-professional,多数票(2票non-professional vs 1票professional),professional,有效回答,True,non-professional,有效回答,True,non-professional,有效回答,True
Worcester Polytechnic Institute,Ph.D,DATA SCIENCE,文理学院,non-professional,一致投票(3/3有效),non-professional,有效回答,True,non-professional,有效回答,True,non-professional,有效回答,True
Worcester Polytechnic Institute,Ph.D,DATA SCIENCE,文理学院,non-professional,一致投票(3/3有效),non-professional,有效回答,True,non-professional,有效回答,True,non-professional,有效回答,True
Clemson University,MS,Master of Applied Computing,工程，计算机和应用科学学院,non-professional,一致投票(3/3有效),non-professional,有效回答,True,non-professional,有效回答,True,non-professional,有效回答,True
Clemson University,MS,Master of Applied Computing,工程，计算机和应用科学学院,professional,多数票(2票professional vs 1票non-professional),professional,有效回答,True,non-professional,有效回答,True,professional,有效回答,True
Clemson University,MS,Computer Science,工程，计算机和应用科学学院,non-professional,一致投票(3/3有效),non-professional,有效回答,True,non-professional,有效回答,True,non-professional,有效回答,True
Clemson University,MS,Computer Science,工程，计算机和应用科学学院,non-professional,一致投票(3/3有效),non-professional,有效回答,True,non-professional,有效回答,True,non-professional,有效回答,True
Clemson University,MS,Data Science and Analytics,理学院,professional,一致投票(3/3有效),professional,有效回答,True,professional,有效回答,True,"professional
",有效回答,True
Marquette University,MS,COMPUTER AND INFORMATION SCIENCE：AI and Analytics ,文理学院,professional,一致投票(3/3有效),professional,有效回答,True,professional,有效回答,True,professional,有效回答,True
Marquette University,MS,COMPUTER AND INFORMATION SCIENCE：AI and Analytics ,文理学院,professional,一致投票(3/3有效),professional,有效回答,True,professional,有效回答,True,professional,有效回答,True
Marquette University,MS, Master of Science in Data Science,文理学院,professional,一致投票(3/3有效),professional,有效回答,True,professional,有效回答,True,professional,有效回答,True
Marquette University,MS, Master of Science in Data Science,文理学院,professional,多数票(2票professional vs 1票non-professional),professional,有效回答,True,professional,有效回答,True,non-professional,有效回答,True
Marquette University,MS,APPLIED PSYCHOLOGY DATA ANALYTICS,文理学院,professional,一致投票(3/3有效),"professional
",有效回答,True,professional,有效回答,True,professional,有效回答,True
New Jersey Institute of Technology,M.S.,Masters of Science in Data Science - Statistics Track,科学与人文学院,non-professional,一致投票(3/3有效),non-professional,有效回答,True,non-professional,有效回答,True,non-professional,有效回答,True
New Jersey Institute of Technology,M.S.,Data Science - M.S.（Newark）,计算机学院,professional,多数票(2票professional vs 1票non-professional),professional,有效回答,True,professional,有效回答,True,non-professional,有效回答,True
New Jersey Institute of Technology,M.S.,Data Science - M.S.（Jersey City）,计算机学院,professional,多数票(2票professional vs 1票non-professional),"professional
",有效回答,True,"professional
",有效回答,True,non-professional,有效回答,True
New Jersey Institute of Technology,PhD,Data Science - M.S.,计算机学院,non-professional,一致投票(3/3有效),non-professional,有效回答,True,non-professional,有效回答,True,"non-professional
",有效回答,True
New Jersey Institute of Technology,PhD,Business Data Science - Ph.D.,管理学院,non-professional,一致投票(3/3有效),non-professional,有效回答,True,non-professional,有效回答,True,non-professional,有效回答,True
Fordham University,M.A.,Master of Science in Data Science and Quantitative Economics,文理研究生院,professional,一致投票(3/3有效),professional,有效回答,True,professional,有效回答,True,professional,有效回答,True
Fordham University,MS,Master of Science in Data Science,文理研究生院,professional,一致投票(3/3有效),professional,有效回答,True,professional,有效回答,True,professional,有效回答,True
Fordham University,MS,Master of Science in Data Science,文理研究生院,professional,一致投票(3/3有效),professional,有效回答,True,professional,有效回答,True,"professional
",有效回答,True
Fordham University,MS,Master of Science in Data Science,文理研究生院,professional,一致投票(3/3有效),professional,有效回答,True,professional,有效回答,True,professional,有效回答,True
University of South Florida,PhD,Big Data Analytics,商学院,non-professional,一致投票(3/3有效),non-professional,有效回答,True,non-professional,有效回答,True,non-professional,有效回答,True
University of South Florida,MS,Industrial Engineering：Master of Science in Data Intelligence,工程学院,professional,一致投票(3/3有效),professional,有效回答,True,professional,有效回答,True,professional,有效回答,True
University of South Florida,MS,Industrial Engineering：Master of Science in Data Intelligence,工程学院,professional,一致投票(3/3有效),professional,有效回答,True,professional,有效回答,True,professional,有效回答,True
Southern Methodist University,PHD,Ph.D. in Data Science,人文与科学学院,non-professional,多数票(2票non-professional vs 1票professional),non-professional,有效回答,True,non-professional,有效回答,True,professional,有效回答,True
Southern Methodist University,MS,Data Science & Applied Statistics MS,人文与科学学院,non-professional,多数票(2票non-professional vs 1票professional),non-professional,有效回答,True,non-professional,有效回答,True,professional,有效回答,True
Southern Methodist University,MS,M.S in OR and Analytics ,工程学院,professional,一致投票(3/3有效),"professional
",有效回答,True,professional,有效回答,True,professional,有效回答,True
Southern Methodist University,MS,M.S in OR and Analytics ,工程学院,professional,一致投票(3/3有效),"professional
",有效回答,True,"professional
",有效回答,True,professional,有效回答,True
Southern Methodist University,MS,M.S. Data Engineering,工程学院,professional,一致投票(3/3有效),professional,有效回答,True,"professional
",有效回答,True,professional,有效回答,True
Southern Methodist University,MS,M.S. Datacenter Systems Engineering,工程学院,professional,一致投票(3/3有效),professional,有效回答,True,professional,有效回答,True,professional,有效回答,True
Southern Methodist University,MS,M.S. Data Engineering,工程学院,professional,一致投票(3/3有效),professional,有效回答,True,professional,有效回答,True,professional,有效回答,True
Southern Methodist University,MS,M.S. Datacenter Systems Engineering,工程学院,professional,一致投票(3/3有效),professional,有效回答,True,professional,有效回答,True,professional,有效回答,True
Temple University,MS,Statistics and Data Science,商学院,non-professional,多数票(2票non-professional vs 1票professional),professional,有效回答,True,non-professional,有效回答,True,non-professional,有效回答,True
Temple University,MS,Computational Data Science MS,科学技术学院,non-professional,一致投票(3/3有效),non-professional,有效回答,True,non-professional,有效回答,True,"non-professional
",有效回答,True
University of Iowa,Ph.D,Statistics—data science,文理学院,non-professional,一致投票(3/3有效),non-professional,有效回答,True,non-professional,有效回答,True,non-professional,有效回答,True
University of Iowa,MS,data science,文理学院,non-professional,一致投票(3/3有效),non-professional,有效回答,True,non-professional,有效回答,True,non-professional,有效回答,True
University of Iowa,MS,data science,文理学院,non-professional,多数票(2票non-professional vs 1票professional),non-professional,有效回答,True,non-professional,有效回答,True,professional,有效回答,True
Auburn University,MS,Data Science and Engineering – Data Engineering Option,工程学院,professional,一致投票(3/3有效),professional,有效回答,True,professional,有效回答,True,professional,有效回答,True
Auburn University,MS,Data Science and Engineering – Data Engineering Option,工程学院,professional,一致投票(3/3有效),professional,有效回答,True,professional,有效回答,True,professional,有效回答,True
Auburn University,MS,Data Science and Engineering – Data Science Option,科学与数学学院,professional,一致投票(3/3有效),professional,有效回答,True,professional,有效回答,True,"professional
",有效回答,True
Auburn University,MS,Data Science and Engineering – Data Science Option,科学与数学学院,professional,一致投票(3/3有效),professional,有效回答,True,professional,有效回答,True,professional,有效回答,True
Baylor University,Ph.D.,Statistical Science  Concentration in Data Science,文理学院,non-professional,一致投票(3/3有效),non-professional,有效回答,True,non-professional,有效回答,True,non-professional,有效回答,True
Drexel University,MS,MS in Data Science,计算与信息学院,professional,一致投票(3/3有效),"professional
",有效回答,True,"professional
",有效回答,True,professional,有效回答,True
Drexel University,MS,MS in Data Science,计算与信息学院,professional,一致投票(3/3有效),professional,有效回答,True,professional,有效回答,True,professional,有效回答,True
Drexel University,PhD,PhD in Information Science,计算与信息学院,non-professional,一致投票(3/3有效),non-professional,有效回答,True,non-professional,有效回答,True,non-professional,有效回答,True
University of Oregon,MS,Data Science,Phil and Penny Knight Campus for Accelerating Scientific Impact,professional,一致投票(3/3有效),professional,有效回答,True,professional,有效回答,True,professional,有效回答,True
"Rutgers University, Camden",M.S.,COMPUTER SCIENCE M.S.,文理研究生院,non-professional,一致投票(3/3有效),non-professional,有效回答,True,non-professional,有效回答,True,non-professional,有效回答,True
"Rutgers University, Camden",M.S.,DATA SCIENCE M.S.,文理研究生院,non-professional,多数票(2票non-professional vs 1票professional),professional,有效回答,True,non-professional,有效回答,True,non-professional,有效回答,True
Rochester Institute of Technology,MS,Data Science MS  ,罗切斯特理工学院,professional,一致投票(3/3有效),professional,有效回答,True,professional,有效回答,True,professional,有效回答,True
Illinois Institute of Technology,M.S.,Economics and Data Analytics (M.S.),商学院,professional,一致投票(3/3有效),professional,有效回答,True,professional,有效回答,True,"professional
",有效回答,True
Illinois Institute of Technology,M.A.S,Data Science Master’s—Master of Applied Science (M.A.S.),计算机学院,professional,一致投票(3/3有效),professional,有效回答,True,"professional
",有效回答,True,professional,有效回答,True
"University of Colorado, Boulder",MS,Professional Master's in Data Science,工程与应用科学学院,non-professional,多数票(2票non-professional vs 1票professional),professional,有效回答,True,non-professional,有效回答,True,non-professional,有效回答,True
"University of Colorado, Boulder",MS,Statistics and Data Science,工程与应用科学学院,professional,一致投票(3/3有效),professional,有效回答,True,professional,有效回答,True,professional,有效回答,True
"University of Colorado, Boulder",MS,Statistics and Data Science,工程与应用科学学院,professional,一致投票(3/3有效),"professional
",有效回答,True,"professional
",有效回答,True,professional,有效回答,True
American University,MS,Quantitative Analysis MS,文理学院,non-professional,一致投票(3/3有效),non-professional,有效回答,True,non-professional,有效回答,True,non-professional,有效回答,True
American University,MS,Quantitative Analysis MS,文理学院,professional,一致投票(3/3有效),"professional
",有效回答,True,professional,有效回答,True,professional,有效回答,True
American University,MS,Data Science MS,文理学院,professional,一致投票(3/3有效),professional,有效回答,True,professional,有效回答,True,professional,有效回答,True
American University,MS,Data Science MS,文理学院,professional,一致投票(3/3有效),"professional
",有效回答,True,professional,有效回答,True,professional,有效回答,True
American University,MS,MS Analytics,商学院,professional,一致投票(3/3有效),professional,有效回答,True,professional,有效回答,True,professional,有效回答,True
Yeshiva University,MS,Data Analytics and Visualization (MS),科学与卫生学院,professional,一致投票(3/3有效),professional,有效回答,True,"professional
",有效回答,True,professional,有效回答,True
Yeshiva University,MS,Data Analytics and Visualization (MS),科学与卫生学院,professional,一致投票(3/3有效),"professional
",有效回答,True,professional,有效回答,True,"professional
",有效回答,True
University of San Francisco,MS,Data Science (formerly Analytics),文理学院,professional,一致投票(3/3有效),professional,有效回答,True,professional,有效回答,True,professional,有效回答,True
University of Arizona,MS,Statistics and Data Science (MS),研究生院跨学科课程,non-professional,一致投票(3/3有效),non-professional,有效回答,True,"non-professional
",有效回答,True,non-professional,有效回答,True
University of Arizona,PHD,Statistics and Data Science (PHD),研究生院跨学科课程,non-professional,一致投票(3/3有效),non-professional,有效回答,True,non-professional,有效回答,True,non-professional,有效回答,True
University of Arizona,PHD,Statistics and Data Science (PHD) - Statistical Informatics,研究生院跨学科课程,non-professional,一致投票(3/3有效),non-professional,有效回答,True,non-professional,有效回答,True,non-professional,有效回答,True
University of Arizona,MS,Statistics and Data Science (MS),研究生院跨学科课程,non-professional,一致投票(3/3有效),non-professional,有效回答,True,non-professional,有效回答,True,"non-professional
",有效回答,True
University of Arizona,PHD,Statistics and Data Science (PHD),研究生院跨学科课程,non-professional,一致投票(3/3有效),non-professional,有效回答,True,non-professional,有效回答,True,non-professional,有效回答,True
University of Arizona,PHD,Statistics and Data Science (PHD) - Statistical Informatics,研究生院跨学科课程,non-professional,一致投票(3/3有效),non-professional,有效回答,True,non-professional,有效回答,True,non-professional,有效回答,True
University of Utah,MS,Computing—Data Management and Analysis,工程学院,non-professional,一致投票(3/3有效),non-professional,有效回答,True,non-professional,有效回答,True,non-professional,有效回答,True
University of Utah,Ph.D.,Computing—Data Management and Analysis,工程学院,non-professional,一致投票(3/3有效),non-professional,有效回答,True,non-professional,有效回答,True,non-professional,有效回答,True
University of Utah,M.S.T.,Master of Science and Technology：COMPUTATIONAL AND DATA SCIENCE,跨学科项目,professional,一致投票(3/3有效),professional,有效回答,True,"professional
",有效回答,True,"professional
",有效回答,True
University of Utah,M.S.T.,Master of Science and Technology：COMPUTATIONAL AND DATA SCIENCE,跨学科项目,professional,一致投票(3/3有效),professional,有效回答,True,"professional
",有效回答,True,professional,有效回答,True
University of Denver,MS,DATA SCIENCE,工程与计算机科学学院,professional,一致投票(3/3有效),professional,有效回答,True,professional,有效回答,True,professional,有效回答,True
University of Vermont,MS,Complex Systems and Data Science ,工程与数学科学学院,non-professional,一致投票(3/3有效),non-professional,有效回答,True,non-professional,有效回答,True,non-professional,有效回答,True
University of Vermont,PHD,Complex Systems and Data Science ,工程与数学科学学院,non-professional,一致投票(3/3有效),non-professional,有效回答,True,"non-professional
",有效回答,True,non-professional,有效回答,True
University of Vermont,MS,Complex Systems and Data Science ,工程与数学科学学院,non-professional,一致投票(3/3有效),non-professional,有效回答,True,non-professional,有效回答,True,non-professional,有效回答,True
University of Vermont,PHD,Complex Systems and Data Science ,工程与数学科学学院,non-professional,一致投票(3/3有效),non-professional,有效回答,True,non-professional,有效回答,True,non-professional,有效回答,True
Loyola University Chicago,MSBDA,MS in Business Data Analytics,商学院,professional,一致投票(3/3有效),professional,有效回答,True,professional,有效回答,True,professional,有效回答,True
Clark University,MS,Data Analytics*,专业学院,professional,一致投票(3/3有效),professional,有效回答,True,professional,有效回答,True,professional,有效回答,True
