大学英文名称,学位,专业英文名称,所属院系,所属院系（英文）,招生网址,专业网址,所属院系网址,专业类别
Harvard University,MS,Data Science SEAS,约翰·保尔森工程与应用科学学院,Harvard John A. Paulson School of Engineering and Applied Sciences,https://seas.harvard.edu/masters-data-science/how-apply,https://seas.harvard.edu/masters-data-science,https://seas.harvard.edu,
Harvard University,MS,Data Science,Harvard Extension School,Harvard Extension School,https://extension.harvard.edu/registration-admissions/degree-program-admissions/how-to-apply-to-a-graduate-degree-program/,https://extension.harvard.edu/academics/programs/data-science-graduate-program/,https://extension.harvard.edu,
Stanford University,MS,Data Science,工程学院,School of Engineering,https://icme.stanford.edu/academics-admission/icme-graduate-program-application,https://icme.stanford.edu/academics-admission/icme-master-science,https://engineering.stanford.edu,
Stanford University,MS,Data Science,人文科学学院,School of Humanities and Sciences,https://statistics.stanford.edu/msadmissionsms/how-apply,https://statistics.stanford.edu/graduate-programs/statistics-ms/statistics-data-science-curriculum,https://humsci.stanford.edu/,
Yale University,MS,Statistics and Data Science,艺术与科学研究生院,Graduate School of Arts and Sciences,https://gsas.yale.edu/programs-of-study/statistics-data-science,https://statistics.yale.edu/academics/terminal-ma-program,https://gsas.yale.edu,
Yale University,PH.D.,Statistics and Data Science,艺术与科学研究生院,Graduate School of Arts and Sciences,https://gsas.yale.edu/programs-of-study/statistics-data-science,https://statistics.yale.edu/academics/phd-program,https://gsas.yale.edu,
University of Pennsylvania,PHD,Statistics and Data Science ,商学院,The Wharton School,https://doctoral.wharton.upenn.edu/application-requirements/,https://doctoral.wharton.upenn.edu/statistics/,https://www.wharton.upenn.edu/,
University of Pennsylvania,MSE,Data Science,工程学院,School of Engineering and Applied Science,https://gradadm.seas.upenn.edu/how-to-apply/,https://dats.seas.upenn.edu/,https://www.seas.upenn.edu/,
Duke University,MS,Electrical and Computer Engineering-Machine Learning & Big Data,工程学院,Pratt School of Engineering,https://gradschool.duke.edu/academics/programs-degrees/electrical-and-computer-engineering-ms/,https://ece.duke.edu/academics/masters/ms/,https://pratt.duke.edu,
Duke University,Meng,Electrical and Computer Engineering-Machine Learning & Big Data,工程学院,Pratt School of Engineering,https://masters.pratt.duke.edu/apply/requirements/,https://ece.duke.edu/academics/masters/meng/,https://pratt.duke.edu,
Duke University,MS,Statistical Science（Data Science & Analytics ）,文理学院,The Graduate School,https://gradschool.duke.edu/academics/programs-degrees/statistical-science-ms/,https://stat.duke.edu/ms/ms-focus-areas-tracks,https://gradschool.duke.edu,
Duke University,MS,Interdisciplinary Data Science,文理学院,The Graduate School,https://gradschool.duke.edu/academics/programs-degrees/master-interdisciplinary-data-science/,https://datascience.duke.edu/,https://gradschool.duke.edu,
Duke University,MENG,Electrical and Computer Engineering,杜克昆山分校,Pratt School of Engineering,https://iapse.dukekunshan.edu.cn/ece/admissions/how-to-apply/,https://iapse.dukekunshan.edu.cn/ece/,https://pratt.duke.edu,
" 
Brown University",MS,Data Science,研究生院,Data Science Institute,https://graduateprograms.brown.edu/graduate-program/data-science-scm,https://dsi.brown.edu/academics/masters-degree,https://dsi.brown.edu,
Northwestern University,MS,Master of Science in Machine Learning and Data Science,工程与应用科学学院,Robert R. McCormick School of Engineering and Applied Science,https://www.mccormick.northwestern.edu/machine-learning-data-science/admissions/,https://www.mccormick.northwestern.edu/machine-learning-data-science/overview/,https://www.mccormick.northwestern.edu/,
Northwestern University,MS,Statistics and Data Science,文理学院,Weinberg College of Arts & Sciences,https://statistics.northwestern.edu/graduate/ms-stat-program/how_to_apply.html,https://statistics.northwestern.edu/graduate/ms-stat-program/,https://www.weinberg.northwestern.edu/,
Johns Hopkins University,MSE,Data Science,工程学院,Whiting School of Engineering,https://engineering.jhu.edu/ams/academics/graduate-studies/graduate-admissions-process-and-criteria/,https://engineering.jhu.edu/ams/academics/graduate-studies/ms-in-data-science/,https://engineering.jhu.edu,
Johns Hopkins University,MSE,Data Science,工程学院,Whiting School of Engineering,https://engineering.jhu.edu/ams/academics/graduate-studies/graduate-admissions-process-and-criteria/,https://engineering.jhu.edu/ams/academics/graduate-studies/ms-in-data-science/,https://engineering.jhu.edu,
Johns Hopkins University,PHD,Applied Mathematics and Statistics,工程学院,Johns Hopkins Whiting School of Engineering,https://engineering.jhu.edu/ams/academics/graduate-studies/graduate-admissions-process-and-criteria/,https://engineering.jhu.edu/ams/academics/graduate-studies/doctoral-program/,https://engineering.jhu.edu,
Johns Hopkins University,PHD,Applied Mathematics and Statistics,工程学院,Johns Hopkins Whiting School of Engineering,https://engineering.jhu.edu/ams/academics/graduate-studies/graduate-admissions-process-and-criteria/,https://engineering.jhu.edu/ams/academics/graduate-studies/doctoral-program/,https://engineering.jhu.edu/,
Johns Hopkins University,MSEM,Master of Science in Global Innovation and Leadership：Technical Concentrations,工程学院,Whiting School of Engineering,https://msil.engineering.jhu.edu/admissions/,https://msil.engineering.jhu.edu/academics/technical-track/,https://engineering.jhu.edu,
Columbia University,MS,Data Science,工程与应用科学研究生学院,The Fu Foundation School of Engineering and Applied Science,https://datascience.columbia.edu/education/programs/m-s-in-data-science/admissions/,https://datascience.columbia.edu/education/programs/m-s-in-data-science/,https://engineering.columbia.edu,
Columbia University,PhD,The PhD specialization in Data Science,工程与应用科学研究生学院,The Fu Foundation School of Engineering and Applied Science,https://datascience.columbia.edu/education/programs/ph-d-with-a-specialization-in-data-science/,https://datascience.columbia.edu/education/programs/ph-d-with-a-specialization-in-data-science/,https://engineering.columbia.edu,
Columbia University,MS,Applied Analytics,School of Professional Studies,School of Professional Studies,https://sps.columbia.edu/admissions/masters-degree-applicants,https://sps.columbia.edu/academics/masters/applied-analytics,https://sps.columbia.edu,
Columbia University,MS,Applied Analytics,School of Professional Studies,School of Professional Studies,https://sps.columbia.edu/admissions/masters-degree-applicants,https://sps.columbia.edu/academics/masters/applied-analytics,https://sps.columbia.edu,
Cornell University,M.Eng.,Operations Research and Information Engineering ：Data Analytics (DA),工程学院,School of Operations Research and Information Engineering,https://gradschool.cornell.edu/academics/fields-of-study/subject/operations-research-and-information-engineering/operations-research-and-information-engineering-meng-ithaca/,https://www.orie.cornell.edu/orie/programs/meng-degree-ithaca,https://www.orie.cornell.edu,
Cornell University,M.Eng.,Operations Research and Information Engineering ：Data Analytics (DA),工程学院,School of Operations Research and Information Engineering,https://gradschool.cornell.edu/academics/fields-of-study/subject/operations-research-and-information-engineering/operations-research-and-information-engineering-meng-ithaca/,https://www.orie.cornell.edu/orie/programs/meng-degree-ithaca,https://www.orie.cornell.edu/orie/,
Cornell University,M.Eng.,Operations Research and Information Engineering (M.Eng.) (Cornell NYC Tech),康奈尔科技学院,Cornell Tech,https://tech.cornell.edu/admissions/meng-application/,https://tech.cornell.edu/programs/masters-programs/master-in-operations-research-and-information-engineering/,https://tech.cornell.edu,
Cornell University,M.P.S.,Information Science (M.P.S.) , 计算与信息科学学院,Cornell Ann S. Bowers College of Computing and Information Science,https://gradschool.cornell.edu/academics/fields-of-study/subject/information-science/information-science-mps-ithaca/,https://infosci.cornell.edu/masters/mps,https://cis.cornell.edu,
Cornell University,Ph.D.,Information Science (Ph.D.) , 计算与信息科学学院,Cornell Ann S. Bowers College of Computing and Information Science,https://gradschool.cornell.edu/academics/fields-of-study/subject/information-science/information-science-phd-ithaca/,https://infosci.cornell.edu/phd,https://www.cis.cornell.edu/,
Cornell University,M.P.S.,Applied Statistics (Data Science) , 计算与信息科学学院,Cornell Ann S. Bowers College of Computing and Information Science,https://gradschool.cornell.edu/academics/fields-of-study/subject/statistics/applied-statistics-mps-as-ithaca/,https://stat.cornell.edu/academics/mps-data-science-and-applied-statistics,https://www.cis.cornell.edu/,
Cornell University,M.P.S.,Applied Statistics (Data Science) , 计算与信息科学学院,Cornell Ann S. Bowers College of Computing and Information Science,https://gradschool.cornell.edu/academics/fields-of-study/subject/statistics/applied-statistics-mps-as-ithaca/,https://stat.cornell.edu/academics/mps-data-science-and-applied-statistics,https://www.cis.cornell.edu/,
University of Chicago,MScA,Applied Data Science,物理科学部,Data Science Institute,https://datascience.uchicago.edu/education/masters-programs/ms-in-applied-data-science/how-to-apply/,https://datascience.uchicago.edu/education/masters-programs/ms-in-applied-data-science/,https://datascience.uchicago.edu,
University of Chicago,MS,Data Science ,物理科学部,Physical Sciences Division,https://codas.uchicago.edu/how-to-apply/,https://codas.uchicago.edu/academics/ms-data-science/,https://physicalsciences.uchicago.edu/,
University of Chicago,Ph.D,Data Science ,物理科学部,Data Science Institute,https://codas.uchicago.edu/how-to-apply/,https://codas.uchicago.edu/academics/phd-in-data-science/,https://dsi.uchicago.edu/,
"University of California, Berkeley",M.Eng,Data Science  ,电子工程和计算机科学系,College of Engineering,https://grad.berkeley.edu/program/electrical-engineering-computer-sciences-meng/,https://eecs.berkeley.edu/academics/graduate/industry-programs/meng/,https://engineering.berkeley.edu,
"University of California, Berkeley",MAna,Master of Analytics,工业工程与运筹学系,College of Engineering,https://grad.berkeley.edu/program/master-of-analytics-manlytx/,https://analytics.berkeley.edu/,https://engineering.berkeley.edu,
"University of California, Los Angeles",MENG,Data Science ,工程与应用科学学院,UCLA Samueli School of Engineering,https://grad.ucla.edu/programs/school-of-engineering-and-applied-science/engineering-master-of-engineering/,https://www.meng.ucla.edu/,https://samueli.ucla.edu,
"University of California, Los Angeles",M.A.S.D.S,Master of Applied Statistics and Data Science,物理科学学院,Department of Statistics and Data Science,https://grad.ucla.edu/programs/physical-sciences/statistics-and-data-science-department/statistics-master-of-applied-statistics-and-data-science/,https://master.stat.ucla.edu/,https://stat.ucla.edu/,
Rice University,MDS,Master of Data Science,工程学院,George R. Brown School of Engineering and Computing,https://cs.rice.edu/academics/graduate-programs/admission/graduate-program-application,https://cs.rice.edu/academics/graduate-programs/professional-master-data-science,https://engineering.rice.edu,
Vanderbilt University,MS,Data Science ,文理学院,Vanderbilt Data Science,https://www.vanderbilt.edu/datascience/msprogram/admissions/,https://www.vanderbilt.edu/datascience/msprogram/,https://www.vanderbilt.edu/datascience/,
" 
University of Notre Dame",PHD,PHD IN ANALYTICS,商学院,Mendoza College of Business,https://graduateschool.nd.edu/degree-programs/analytics-phd---doctoral/,https://mendoza.nd.edu/research-faculty/academic-departments/phd-analytics/,https://mendoza.nd.edu,
" 
University of Notre Dame",M.S.,Applied and Computational Mathematics ,理学院,College of Science,https://graduateschool.nd.edu/degree-programs/applied-and-computational-mathematics-and-statistics-ms---masters-professional/,https://acms.nd.edu/graduate/professional-masters-programs/,https://science.nd.edu/,
" 
University of Notre Dame",M.S.,Applied and Computational Mathematics ,理学院,College of Science,https://graduateschool.nd.edu/degree-programs/applied-and-computational-mathematics-and-statistics-ms---masters-professional/,https://acms.nd.edu/graduate/professional-masters-programs/,https://science.nd.edu/,
"University of Michigan, Ann Arbor",MENG,Data Science and Machine Learning,工程学院,College of Engineering,https://ece.engin.umich.edu/academics/graduate-programs/prospective-grad-students/apply-for-grad/apply-for-meng/,https://ece.engin.umich.edu/academics/graduate-programs/prospective-grad-students/about-the-master-of-engineering-meng-program/,https://engineering.umich.edu,
"University of Michigan, Ann Arbor",Ph.D,Industrial and Operations Engineering,工程学院,College of Engineering,https://ioe.engin.umich.edu/graduate/phd-program/phd-admissions-planning/,https://ioe.engin.umich.edu/graduate/phd-program/,https://engin.umich.edu,
"University of Michigan, Ann Arbor",MS,Industrial and Operations Engineering,工程学院,College of Engineering,https://ioe.engin.umich.edu/graduate/masters-program/masters-admissions-planning/,https://ioe.engin.umich.edu/graduate/masters-program/masters-program-curriculum/,https://engin.umich.edu,
"University of Michigan, Ann Arbor",MSE,Industrial and Operations Engineering,工程学院,College of Engineering,https://ioe.engin.umich.edu/graduate/masters-program/masters-admissions-planning/,https://ioe.engin.umich.edu/graduate/masters-program/masters-program-curriculum/,https://engin.umich.edu,
"University of Michigan, Ann Arbor",MS,Industrial and Operations Engineering,工程学院,College of Engineering,https://ioe.engin.umich.edu/graduate/masters-program/masters-admissions-planning/,https://ioe.engin.umich.edu/graduate/masters-program/masters-program-curriculum/,https://engin.umich.edu,
"University of Michigan, Ann Arbor",MSE,Industrial and Operations Engineering,工程学院,College of Engineering,https://ioe.engin.umich.edu/graduate/masters-program/masters-admissions-planning/,https://ioe.engin.umich.edu/graduate/masters-program/masters-program-curriculum/,https://www.engin.umich.edu,
"University of Michigan, Ann Arbor",Ph.D,Information,信息学院,School of Information,https://www.si.umich.edu/programs/phd-information/how-do-i-apply,https://www.si.umich.edu/programs/phd-information,https://www.si.umich.edu,
"University of Michigan, Ann Arbor",MS,Information,信息学院,School of Information,https://www.si.umich.edu/programs/master-science-information/how-do-i-apply,https://www.si.umich.edu/programs/master-science-information,https://www.si.umich.edu,
"University of Michigan, Ann Arbor",MS,Data Science ,文化、科学与艺术学院,College of Literature,https://lsa.umich.edu/stats/masters_students/prospective-masters-students/data-science-masters-application.html,https://lsa.umich.edu/stats/masters_students/mastersprograms/data-science-masters-program.html,https://lsa.umich.edu,
"University of North Carolina, Chapel Hill",MS,"MS program in Statistics, Analytics and Data Science (STANDS)",文理学院,Department of Statistics and Operations Research,https://gradschool.sites.unc.edu/statistics-and-operations-research/,https://stor.unc.edu/ms/program/,https://stor.unc.edu,
Georgetown University,M.S.,Master of Science in Data Science and Analytics,文理研究生院,The Graduate School of Arts & Sciences,https://grad.georgetown.edu/data-science-analytics/,https://analytics.georgetown.edu/,https://grad.georgetown.edu/,
Georgetown University,M.S.,Mathematics & Statistics ,文理研究生院,The Graduate School of Arts & Sciences,https://grad.georgetown.edu/mathematics-and-statistics/,https://mathstat.georgetown.edu/graduate/,https://grad.georgetown.edu,
Georgetown University,M.S.,Mathematics & Statistics ,文理研究生院,The Graduate School of Arts & Sciences,https://grad.georgetown.edu/mathematics-and-statistics/,https://mathstat.georgetown.edu/graduate/,https://grad.georgetown.edu,
Emory University,MS,Quantitative Theory and Methods,研究生院,Emory College of Arts and Sciences,https://quantitative.emory.edu/academics/masters/Who-Should-Apply.html,https://quantitative.emory.edu/academics/masters/index.html,https://college.emory.edu/,
University of Virginia,PHD,Data Analytics and Decision Science,达顿商学院,Darden School of Business,https://www.darden.virginia.edu/phd/application-requirements,https://www.darden.virginia.edu/phd/data-analytics-and-decision-science,https://www.darden.virginia.edu,
University of Virginia,MSDS,Data Science,数据科学学院,School of Data Science,https://datascience.virginia.edu/msds/admissions,https://datascience.virginia.edu/degrees/msds-residential,https://datascience.virginia.edu,
University of Virginia,PHD,Data Science,数据科学学院,School of Data Science,https://datascience.virginia.edu/phd/admissions,https://datascience.virginia.edu/degrees/phd,https://datascience.virginia.edu,
Carnegie Mellon University,MITS,Master of Information Technology Strategy (MITS),人文与社会科学学院,Carnegie Mellon Institute for Strategy & Technology,https://www.cmu.edu/cmist/academics/graduate-programs/mits/mits-admissions.html,https://www.cmu.edu/cmist/academics/graduate-programs/msirp/index.html,https://www.cmu.edu/cmist/,
Carnegie Mellon University,MADS,Master of Science in Applied Data Science (MADS),人文与社会科学学院,Dietrich College of Humanities and Social Sciences,https://www.cmu.edu/dietrich/statistics-datascience/academics/mads/how-to-apply.html,https://www.cmu.edu/dietrich/statistics-datascience/academics/mads/index.html,https://www.cmu.edu/dietrich/,
Carnegie Mellon University,MISM,Information Systems Management（BUSINESS INTELLIGENCE & DATA ANALYTICS）,信息系统与公共政策学院 ,Heinz College,https://www.heinz.cmu.edu/admissions/information-systems-management/,https://www.heinz.cmu.edu/programs/information-systems-management-master/,https://www.heinz.cmu.edu,
Carnegie Mellon University,MISM,Information Systems Management（BUSINESS INTELLIGENCE & DATA ANALYTICS）,信息系统与公共政策学院 ,Heinz College,https://www.heinz.cmu.edu/admissions/information-systems-management/,https://www.heinz.cmu.edu/programs/information-systems-management-master/,https://www.heinz.cmu.edu,
Carnegie Mellon University,MS,MS in DATA ANALYTICS FOR SCIENCE,科学学院,Mellon College of Science,https://www.cmu.edu/mcs/grad/programs/ms-data-analytics/application-process.html,https://www.cmu.edu/mcs/grad/programs/ms-data-analytics/index.html,https://www.cmu.edu/mcs/,
Carnegie Mellon University,MCDS,Computational Data Science,计算机科学学院,School of Computer Science,https://mcds.cs.cmu.edu/apply-mcds-program,https://mcds.cs.cmu.edu/learn-us-requirements,https://www.cs.cmu.edu,
Carnegie Mellon University,MCDS,Computational Data Science,计算机科学学院,School of Computer Science,https://mcds.cs.cmu.edu/apply-mcds-program,https://mcds.cs.cmu.edu/learn-us-requirements,https://www.cs.cmu.edu,
Washington University in St. Louis,MS,MS in Engineering Data Analytics & Statistics,工程学院,McKelvey School of Engineering,https://engineering.wustl.edu/academics/graduate-admissions/application-checklist.html,https://ese.wustl.edu/academics/graduate-programs/masters-and-certificates/MS-in-Data-Analytics-Statistics.html,https://engineering.wustl.edu,
Washington University in St. Louis,MS,MS in Engineering Data Analytics & Statistics,工程学院,McKelvey School of Engineering,https://engineering.wustl.edu/academics/graduate-admissions/application-checklist.html,https://ese.wustl.edu/academics/graduate-programs/masters-and-certificates/MS-in-Data-Analytics-Statistics.html,https://engineering.wustl.edu,
Washington University in St. Louis,PHD,Computational & Data Sciences ,工程学院,McKelvey School of Engineering,https://engineering.wustl.edu/academics/graduate-admissions/application-checklist.html,https://datasciences.wustl.edu/,https://engineering.wustl.edu,
Washington University in St. Louis,MS,Master of Data Analytics & Applications,继续和专业教育学院,Continuing & Professional Studies,https://caps.washu.edu/student-success/graduate-application-requirements/,https://caps.washu.edu/lp/master-of-data-analytics-applications/,https://caps.washu.edu,
Washington University in St. Louis,MS,Master of Data Analytics & Applications,继续和专业教育学院,School of Continuing & Professional Studies,https://caps.washu.edu/student-success/graduate-application-requirements/,https://caps.washu.edu/lp/master-of-data-analytics-applications/,https://caps.wustl.edu/,
University of Florida,M.S.,Information Systems and Operations Management：Data Science,商学院,Warrington College of Business,https://warrington.ufl.edu/master-of-science-in-information-systems-and-operations-management/admissions/,https://warrington.ufl.edu/master-of-science-in-information-systems-and-operations-management/program-options/,https://warrington.ufl.edu,
University of Florida,M.S.,Information Systems and Operations Management：Data Science,商学院,UF Warrington College of Business,https://warrington.ufl.edu/master-of-science-in-information-systems-and-operations-management/admissions/,https://warrington.ufl.edu/master-of-science-in-information-systems-and-operations-management/program-options/,https://warrington.ufl.edu,
University of Florida,M.S.,Information Systems and Operations Management：Data Science,商学院,Warrington College of Business,https://warrington.ufl.edu/master-of-science-in-information-systems-and-operations-management/admissions/,https://warrington.ufl.edu/master-of-science-in-information-systems-and-operations-management/program-options/,https://warrington.ufl.edu,
University of Florida,M.S.,Information Systems and Operations Management：Data Science,商学院,Warrington College of Business,https://warrington.ufl.edu/master-of-science-in-information-systems-and-operations-management/admissions/,https://warrington.ufl.edu/master-of-science-in-information-systems-and-operations-management/program-options/,https://warrington.ufl.edu,
"University of California, Davis",MS,Statistics- DATA SCIENCE TRACK (48 units),文学与科学学院,College of Letters and Science,https://statistics.ucdavis.edu/grad/admissions,https://statistics.ucdavis.edu/grad/ms,https://lettersandscience.ucdavis.edu/,
"University of California, San Diego",PhD,Data Science,数据科学研究所,Halıcıoğlu Data Science Institute,https://datascience.ucsd.edu/graduate/graduate-admissions/,https://datascience.ucsd.edu/graduate/phd-program/,https://datascience.ucsd.edu,
"University of California, San Diego",MS,Data Science,数据科学研究所,Halıcıoğlu Data Science Institute,https://datascience.ucsd.edu/graduate/graduate-admissions/,https://datascience.ucsd.edu/graduate/ms-program/,https://datascience.ucsd.edu,
"University of California, San Diego",MS,Machine Learning and Data Science ,工程学院,Jacobs School of Engineering,https://www.ece.ucsd.edu/graduate/graduate-admissions,https://www.ece.ucsd.edu/graduate/information-new-ece-graduate-students,https://jacobsschool.ucsd.edu,
"University of California, San Diego",PHD,Machine Learning and Data Science ,工程学院,Jacobs School of Engineering,https://www.ece.ucsd.edu/graduate/graduate-admissions,https://www.ece.ucsd.edu/graduate/information-new-ece-graduate-students,https://jacobsschool.ucsd.edu,
University of Southern California,PhD,Business Administration( Data Sciences & Operations),商学院,USC Marshall School of Business,https://www.marshall.usc.edu/programs/graduate-programs/phd-program/admissions,https://www.marshall.usc.edu/programs/graduate-programs/phd-program/data-sciences-operations,https://www.marshall.usc.edu,
University of Southern California,M.S.,Computer Science (Data Science),工程学院,USC Viterbi School of Engineering,https://viterbigradadmission.usc.edu/programs/masters/msprograms/computer-science/ms-cs-data-science/,https://viterbigradadmission.usc.edu/programs/masters/msprograms/computer-science/ms-cs-data-science/,https://viterbi.usc.edu,
University of Southern California,M.S.,Computer Science (Data Science),工程学院,USC Viterbi School of Engineering,https://viterbigradadmission.usc.edu/programs/masters/msprograms/computer-science/ms-cs-data-science/,https://viterbigradadmission.usc.edu/programs/masters/msprograms/computer-science/ms-cs-data-science/,https://viterbi.usc.edu,
University of Southern California,M.S.,Applied Data Science,工程学院,USC Viterbi School of Engineering,https://viterbigradadmission.usc.edu/programs/masters/msprograms/data-science/ms-applied-data-science/,https://viterbigradadmission.usc.edu/programs/masters/msprograms/data-science/ms-applied-data-science/,https://viterbi.usc.edu,
University of Southern California,M.S.,Applied Data Science,工程学院,USC Viterbi School of Engineering,https://viterbigradadmission.usc.edu/programs/masters/msprograms/data-science/ms-applied-data-science/,https://viterbigradadmission.usc.edu/programs/masters/msprograms/data-science/ms-applied-data-science/,https://viterbi.usc.edu,
University of Southern California,M.S.,ECE-Machine Learning and Data Science,工程学院,USC Viterbi School of Engineering,https://viterbigradadmission.usc.edu/programs/masters/msprograms/electrical-computer-engineering/ms-in-electrical-and-computer-engineering-machine-learning-and-data-science/,https://viterbigradadmission.usc.edu/programs/masters/msprograms/electrical-computer-engineering/ms-in-electrical-and-computer-engineering-machine-learning-and-data-science/,https://viterbischool.usc.edu,
University of Southern California,M.S.,ECE-Machine Learning and Data Science,工程学院,USC Viterbi School of Engineering,https://viterbigradadmission.usc.edu/programs/masters/msprograms/electrical-computer-engineering/ms-in-electrical-and-computer-engineering-machine-learning-and-data-science/,https://viterbigradadmission.usc.edu/programs/masters/msprograms/electrical-computer-engineering/ms-in-electrical-and-computer-engineering-machine-learning-and-data-science/,https://viterbischool.usc.edu/,
University of Southern California,M.S.,Analytics,工程学院,USC Viterbi School of Engineering,https://viterbigradadmission.usc.edu/programs/masters/msprograms/industrial-systems-engineering/ms-analytics/,https://viterbigradadmission.usc.edu/programs/masters/msprograms/industrial-systems-engineering/ms-analytics/,https://viterbischool.usc.edu,
University of Southern California,M.S.,Analytics,工程学院,USC Viterbi School of Engineering,https://viterbigradadmission.usc.edu/programs/masters/msprograms/industrial-systems-engineering/ms-analytics/,https://viterbigradadmission.usc.edu/programs/masters/msprograms/industrial-systems-engineering/ms-analytics/,https://viterbischool.usc.edu,
University of Southern California,M.S.,Mathematical Data Science M.S.,文理学院,Dana and David Dornsife College of Letters,https://dornsife.usc.edu/math-data-science/admissions-2/,https://dornsife.usc.edu/math-data-science/,https://dornsife.usc.edu,
"University of Texas, Austin", Ph.D.,Electrical and Computer Engineering ,工程学院,Cockrell School of Engineering,https://www.ece.utexas.edu/academics/graduate/admissions,https://www.ece.utexas.edu/academics/graduate/degrees,https://engr.utexas.edu,
"University of Texas, Austin", Ph.D.,Electrical and Computer Engineering ,工程学院,Cockrell School of Engineering,https://www.ece.utexas.edu/academics/graduate/admissions,https://www.ece.utexas.edu/academics/graduate/degrees,https://engr.utexas.edu,
"University of Texas, Austin",MSE ,Electrical and Computer Engineering,工程学院,Cockrell School of Engineering,https://www.ece.utexas.edu/academics/graduate/admissions,https://www.ece.utexas.edu/academics/graduate/degrees,https://engr.utexas.edu,
"University of Texas, Austin",MSE ,Electrical and Computer Engineering,工程学院,Cockrell School of Engineering,https://www.ece.utexas.edu/academics/graduate/admissions,https://www.ece.utexas.edu/academics/graduate/degrees,https://engr.utexas.edu,
"University of California, Irvine",MDS,Master of Data Science,信息与计算机科学学院,Donald Bren School of Information and Computer Sciences,https://mds.ics.uci.edu/overview/admissions/,https://mds.ics.uci.edu/,https://www.ics.uci.edu,
Georgia Institute of Technology,MS,Analytics,商学院,H. Milton Stewart School of Industrial and Systems Engineering,https://www.analytics.gatech.edu/admissions,https://www.analytics.gatech.edu/,https://www.isye.gatech.edu,
"University of California, Santa Barbara",MA,Statistics-Data Science,文理学院,College of Letters and Science,https://www.graddiv.ucsb.edu/graduate-programs/departments/statistics,https://www.pstat.ucsb.edu/graduate/ma,https://www.ltsc.ucsb.edu/,
"University of California, Santa Barbara",MA,Statistics-Data Science,文理学院,College of Letters & Science,https://www.graddiv.ucsb.edu/graduate-programs/departments/statistics,https://www.pstat.ucsb.edu/graduate/ma,https://lettersandsience.ucsb.edu/,
"University of California, Santa Barbara",MA,Statistics-Data Science,文理学院,College of Letters and Science,https://www.graddiv.ucsb.edu/graduate-programs/departments/statistics,https://www.pstat.ucsb.edu/graduate/ma,https://www.ltsc.ucsb.edu,
New York University,Ph.D,Data Science ,文理研究生院,Graduate School of Arts & Science,https://gsas.nyu.edu/admissions/arc/programs/data-science.html,https://cds.nyu.edu/phd-curriculum/,https://gsas.nyu.edu,
New York University,MS,Data Science ,文理研究生院,Graduate School of Arts & Science,https://gsas.nyu.edu/admissions/arc/programs/data-science.html,https://cds.nyu.edu/masters-in-data-science-curriculum/,https://gsas.nyu.edu,
New York University,MS,Data Science （Industry Concentration）,文理研究生院,NYU Center for Data Science,https://gsas.nyu.edu/admissions/arc/programs/data-science.html,https://cds.nyu.edu/masters-in-data-science-industry-concentration/,https://cds.nyu.edu,
New York University,MS,MS in Data Analytics & Business Computing,商学院,Leonard N. Stern School of Business,https://stern.shanghai.nyu.edu/en/admissions/ms-data-analytics-and-business-computing/application-checklist,https://stern.shanghai.nyu.edu/en/program/ms-data-analytics-business-computing,https://www.stern.nyu.edu,
"University of Wisconsin, Madison",M.S.,MS – Data Engineering,文理学院,School of Computer,https://guide.wisc.edu/graduate/computer-sciences/data-engineering-ms/#admissionstext,https://www.cs.wisc.edu/our-graduate-degrees-programs/,https://cdis.wisc.edu,
"University of Wisconsin, Madison",MS,Statistics and Data Science,文理学院,School of Computer,https://guide.wisc.edu/graduate/statistics/statistics-ms/statistics-statistics-data-science-ms/#admissionstext,https://stat.wisc.edu/graduate-admissions/data-science-option/,https://cdis.wisc.edu/,
"University of Wisconsin, Madison",MS,Statistics and Data Science,文理学院,School of Computer,https://guide.wisc.edu/graduate/statistics/statistics-ms/statistics-statistics-data-science-ms/#admissionstext,https://stat.wisc.edu/graduate-admissions/data-science-option/,https://cdis.wisc.edu/,
"University of Wisconsin, Madison",MS,Data Science,文理学院,School of Computer,https://guide.wisc.edu/graduate/statistics/data-science-ms/#admissionstext,https://stat.wisc.edu/graduate-admissions/ms-datascience/,https://cdis.wisc.edu/,
"University of Illinois, Urbana-Champaign",MS,Data Science + CEE M.S.,工程学院,The Grainger College of Engineering,https://cee.illinois.edu/admissions/graduate/admission-requirements-and-process,https://cee.illinois.edu/academics/graduate-programs/ms-degree-and-curriculum,https://grainger.illinois.edu,
"University of Illinois, Urbana-Champaign",MS,Data Science + CEE M.S.,工程学院,The Grainger College of Engineering,https://cee.illinois.edu/admissions/graduate/admission-requirements-and-process,https://cee.illinois.edu/academics/graduate-programs/ms-degree-and-curriculum,https://grainger.illinois.edu,
"University of Illinois, Urbana-Champaign",MS,MS in Industrial Engineering with the Advanced Analytics Concentration,工程学院,The Grainger College of Engineering,https://ise.illinois.edu/graduate/admissions/international-applicants,https://ise.illinois.edu/graduate/degrees-and-programs/advanced-analytics-concentration,https://grainger.illinois.edu,
"University of Illinois, Urbana-Champaign",MS,MS in Industrial Engineering with the Advanced Analytics Concentration,工程学院,The Grainger College of Engineering,https://ise.illinois.edu/graduate/admissions/international-applicants,https://ise.illinois.edu/graduate/degrees-and-programs/advanced-analytics-concentration,https://grainger.illinois.edu,
"University of Illinois, Urbana-Champaign",,Data Science & Engineering (DSE),工程学院,The Grainger College of Engineering,,https://cse.illinois.edu/cse-educational-programs/dse-graduate-concentration/,https://grainger.illinois.edu,
"University of Illinois, Urbana-Champaign",MS,MS in Information Management,信息科学学院,School of Information Sciences,https://ischool.illinois.edu/degrees-programs/graduate/ms-information-management/apply,https://ischool.illinois.edu/degrees-programs/graduate/ms-information-management,https://ischool.illinois.edu,
"University of Illinois, Urbana-Champaign",MS,MS in Information Management,信息科学学院,School of Information Sciences,https://ischool.illinois.edu/degrees-programs/graduate/ms-information-management/apply,https://ischool.illinois.edu/degrees-programs/graduate/ms-information-management,https://ischool.illinois.edu,
"University of Illinois, Urbana-Champaign",MS,statistics-analytics,文理学院,College of Liberal Arts & Sciences,https://stat.illinois.edu/admissions/prospective-graduate-students/application-requirements,https://stat.illinois.edu/academics/graduate-programs/ms-statistics-analytics,https://las.illinois.edu,
"University of Illinois, Urbana-Champaign",MS,statistics-analytics,文理学院,College of Liberal Arts & Sciences,https://stat.illinois.edu/admissions/prospective-graduate-students/application-requirements,https://stat.illinois.edu/academics/graduate-programs/ms-statistics-analytics,https://las.illinois.edu,
Boston College,MS,Master of Science (M.S.) in Applied Analytics,高级研究学院,Woods College of Advancing Studies,https://www.bc.edu/content/bc-web/schools/wcas/graduate/masters-programs/ms-applied-analytics.html,https://www.bc.edu/content/bc-web/schools/wcas/graduate/masters-programs/ms-applied-analytics.html,https://www.bc.edu/content/bc-web/schools/wcas/,
Boston College,MS,Master of Science (M.S.) in Applied Analytics,高级研究学院,Woods College of Advancing Studies,https://www.bc.edu/content/bc-web/schools/wcas/graduate/masters-programs/ms-applied-analytics.html,https://www.bc.edu/content/bc-web/schools/wcas/graduate/masters-programs/ms-applied-analytics.html,https://www.bc.edu/content/bc-web/schools/wcas/,
Boston College,MS,Master of Science (M.S.) in Applied Analytics,高级研究学院,Woods College of Advancing Studies,https://www.bc.edu/content/bc-web/schools/wcas/graduate/masters-programs/ms-applied-analytics.html,https://www.bc.edu/content/bc-web/schools/wcas/graduate/masters-programs/ms-applied-analytics.html,https://www.bc.edu/bc-web/schools/wcas.html,
University of Washington,MS,Data Science - Interdisciplinary Group (MS in Data Science) ,文理学院,UW Graduate School,https://apply.grad.uw.edu/portal/prog_detail_find_a_program?progid=0-R-DATA-00-26,https://www.washington.edu/datasciencemasters/,https://grad.uw.edu,
University of Washington,PHD,Mathematics (PhD) —Data Science Option,文理学院,College of Arts & Sciences,https://apply.grad.uw.edu/portal/prog_detail_find_a_program?progid=0-C-MATH-00-30,https://math.washington.edu/graduate-program,https://artsci.washington.edu/,
University of Washington,PHD,Statistics (PhD)：ADVANCED DATA SCIENCE (ADS) TRACK,文理学院,College of Arts & Sciences,https://apply.grad.uw.edu/portal/prog_detail_find_a_program?progid=0-C-STAT-00-30,https://stat.uw.edu/academics/graduate/programs/phd,https://artsci.washington.edu,
University of Washington,PHD,Statistics (PhD)-Machine Learning and Big Data,文理学院,Department of Statistics,https://apply.grad.uw.edu/portal/prog_detail_find_a_program?progid=0-C-STAT-00-30,https://stat.uw.edu/academics/graduate/programs/phd,https://stat.uw.edu/,
University of Washington,MS,Statistics - (MS - Advanced Methods & Data Analysis - Fulltime) ,文理学院,College of Arts & Sciences,https://apply.grad.uw.edu/portal/prog_detail_find_a_program?progid=0-C-STAT-20-25,https://stat.uw.edu/academics/graduate/programs/fulltimemasters,https://artsci.washington.edu,
"Rutgers University, New Brunswick",M.S.,MS in Information Technology and Analytics,商学院,Rutgers Business School,https://www.business.rutgers.edu/masters-information-technology-analytics/admissions,https://www.business.rutgers.edu/masters-information-technology-analytics,https://www.business.rutgers.edu,
"Rutgers University, New Brunswick",M.S.,MS in Information Technology and Analytics,商学院,Rutgers Business School,https://www.business.rutgers.edu/masters-information-technology-analytics/admissions,https://www.business.rutgers.edu/masters-information-technology-analytics,https://www.business.rutgers.edu,
"Rutgers University, New Brunswick",MI,Master of Information,传播与信息学院,School of Communication and Information,https://comminfo.rutgers.edu/graduate-programs/master-information/mi-admission,https://comminfo.rutgers.edu/graduate-programs/master-information,https://comminfo.rutgers.edu,
"Rutgers University, New Brunswick",MI,Master of Information,传播与信息学院,School of Communication and Information,https://comminfo.rutgers.edu/graduate-programs/master-information/mi-admission,https://comminfo.rutgers.edu/graduate-programs/master-information,https://comminfo.rutgers.edu,
"Rutgers University, New Brunswick",MI,Master of Information,传播与信息学院,School of Communication and Information,https://comminfo.rutgers.edu/graduate-programs/master-information/mi-admission,https://comminfo.rutgers.edu/graduate-programs/master-information,https://comminfo.rutgers.edu,
"Rutgers University, New Brunswick",MS,Data Science  ,文理学院,School of Arts and Sciences,https://msds-stat.rutgers.edu/msds-admissions/msds-adminfo2,https://msds-stat.rutgers.edu/,https://sas.rutgers.edu/,
"Rutgers University, New Brunswick",MS,Data Science  ,文理学院,School of Arts and Sciences,https://msds-stat.rutgers.edu/msds-admissions/msds-adminfo2,https://msds-stat.rutgers.edu/,https://sas.rutgers.edu/,
"Rutgers University, New Brunswick",MBS,Business and Science - Computer and Information Sciences,文理学院,Rutgers School of Graduate Studies,https://grad.admissions.rutgers.edu/GraduateProgram/Detail.aspx?id=a501U0000004gG8QAI,https://mbs.rutgers.edu/personhybrid-mbs-concentrations,https://grad.rutgers.edu,
"Rutgers University, New Brunswick",MBS,Business and Science - Computer and Information Sciences,文理学院,Rutgers School of Graduate Studies,https://grad.admissions.rutgers.edu/GraduateProgram/Detail.aspx?id=a501U0000004gG9QAI,https://mbs.rutgers.edu/personhybrid-mbs-concentrations,https://grad.rutgers.edu/,
Tufts University,MS,Data Analytics ,文理学院,Graduate School of Arts and Sciences and the School of Engineering,https://asegrad.tufts.edu/program/data-analytics-masters,https://as.tufts.edu/dataanalytics/academics/masters-program,https://asegrad.tufts.edu/,
Tufts University,MS,Data Science ,工程学院,School of Engineering,https://asegrad.tufts.edu/program/data-science-masters,https://engineering.tufts.edu/datascience/academics/ms-data-science,https://engineering.tufts.edu,
Tufts University,MS,Data Science ,工程学院,School of Engineering,https://asegrad.tufts.edu/program/data-science-masters,https://engineering.tufts.edu/datascience/academics/ms-data-science,https://engineering.tufts.edu,
Boston University,MS,Computer Science ：data-centric computing.,艺术与科学学院,Graduate School of Arts & Sciences,https://www.bu.edu/cs/masters/admissions/,https://www.bu.edu/cs/masters/program/cs/,https://www.bu.edu/academics/grs/,
Boston University,MS, Master of Science in Statistical Practice,艺术与科学学院,Graduate School of Arts & Sciences,https://www.bu.edu/mssp/admission/,https://www.bu.edu/mssp/,https://www.bu.edu/cas/,
Boston University,MS,Data Analytics,工程学院,College of Engineering,https://www.bu.edu/eng/admissions/graduate/graduate-admissions/application-deadlines-requirements/,https://www.bu.edu/eng/academics/explore-degree-programs/masters-degree-specializations/,https://www.bu.edu/eng/,
Boston University,PHD, PhD program in Computing & Data Sciences,计算与数据科学学院,Faculty of Computing & Data Sciences,https://www.bu.edu/cds-faculty/programs-admissions/phd-degree/,https://www.bu.edu/cds-faculty/programs-admissions/phd-degree/,https://www.bu.edu/cds-faculty/,
Boston University,M.S.,MS in Data Science (MSDS),计算与数据科学学院,Faculty of Computing & Data Sciences,https://www.bu.edu/cds-faculty/programs-admissions/ms-data-science/msds-admissions-requirements/,https://www.bu.edu/cds-faculty/programs-admissions/ms-data-science/,https://www.bu.edu/cds-faculty/,
Boston University,MS,MS in Applied Data Analytics,Metropolitan College,Boston University Metropolitan College,https://www.bu.edu/met/admissions/apply-now-graduate/,https://www.bu.edu/met/degrees-certificates/ms-applied-data-analytics/,https://www.bu.edu/met/,
Boston University,MS,"MS in Computer Information Systems, Data Analytics Concentration",Metropolitan College,Boston University Metropolitan College,https://www.bu.edu/met/admissions/apply-now-graduate/,https://www.bu.edu/met/degrees-certificates/ms-computer-information-systems-data-analytics/,https://www.bu.edu/met/,
Boston University,MS,"MS in Computer Information Systems, Database Management & Business Intelligence Concentration",Metropolitan College,Boston University Metropolitan College,https://www.bu.edu/met/admissions/apply-now-graduate/,https://www.bu.edu/met/degrees-certificates/ms-computer-information-systems-database-management-business-intelligence/,https://www.bu.edu/met/,
Boston University,MS,"MS in Computer Science, Data Analytics Concentration",Metropolitan College,Boston University Metropolitan College,https://www.bu.edu/met/admissions/apply-now-graduate/,https://www.bu.edu/met/degrees-certificates/ms-computer-science-data-analytics/,https://www.bu.edu/met/,
"Ohio State University, Columbus",MS,Industrial and Systems Engineering（Data Analytics and Optimization）,工程学院,College of Engineering,https://gpadmissions.osu.edu/programs/program.aspx?prog=0120#&&tab=apply,https://ise.osu.edu/graduate-program/graduate-study-programs-ise,https://engineering.osu.edu,
"Ohio State University, Columbus",MS,Industrial and Systems Engineering（Data Analytics and Optimization）,工程学院,College of Engineering,https://gpadmissions.osu.edu/programs/program.aspx?prog=0120#&&tab=apply,https://ise.osu.edu/graduate-program/graduate-study-programs-ise,https://engineering.osu.edu,
"Ohio State University, Columbus",MS,Industrial and Systems Engineering（Data Analytics and Optimization）,工程学院,College of Engineering,https://gpadmissions.osu.edu/programs/program.aspx?prog=0120#&&tab=apply,https://ise.osu.edu/graduate-program/graduate-study-programs-ise,https://engineering.osu.edu,
"University of Maryland, College Park",MPS,Data Science ,计算机、数学与自然科学学院,College of Computer,https://gradschool.umd.edu/computermathematicalnatural-sciences/sads,https://cmns.umd.edu/graduate/science-academy/data-science/masters,https://cmns.umd.edu,
"Texas A&M University, College Station",MS,"Master of Science in Industrial Engineering, Data Science",工程学院,College of Engineering,https://engineering.tamu.edu/industrial/admission-and-aid/graduate-admissions/index.html,https://engineering.tamu.edu/industrial/academics/degrees/graduate/ms-ie.html,https://engineering.tamu.edu,
"Texas A&M University, College Station",MS,"Master of Science in Industrial Engineering, Data Science",工程学院,College of Engineering,https://engineering.tamu.edu/industrial/admission-and-aid/graduate-admissions/index.html,https://engineering.tamu.edu/industrial/academics/degrees/graduate/ms-ie.html,https://engineering.tamu.edu,
"Texas A&M University, College Station",MS,MS IN STATISTICAL DATA SCIENCE,文理学院,College of Arts & Sciences,https://stat.tamu.edu/ms-statistics/statistics-ms-admissions/,https://artsci.tamu.edu/statistics/academics/graduate/index.html,https://artsci.tamu.edu,
"Texas A&M University, College Station",MS,Master of Science in Data Science,文理学院,Texas A&M Institute of Data Science,https://tamids.tamu.edu/academic-degrees/msds/admission-and-tuition/,https://tamids.tamu.edu/academic-degrees/msds/,https://tamids.tamu.edu,
Virginia Tech,MS,ata Analysis + Applied Statistics,理学院,College of Science,https://www.stat.vt.edu/academics/graduate/graduate-admissions.html,https://www.stat.vt.edu/academics/graduate/daas-blacksburg.html,https://www.science.vt.edu,
Lehigh University,MS,"M.S., Data Science",工程与应用科学学院,P.C. Rossin College of Engineering & Applied Science,https://engineering.lehigh.edu/datascience/academics/admissions-ms-data-science-program,https://engineering.lehigh.edu/datascience/academics/masters-science,https://engineering.lehigh.edu,
University of Rochester,MS,Data Science,文理学院,Goergen Institute for Data Science and Artificial Intelligence,https://www.sas.rochester.edu/dsc/graduate/apply.html,https://www.sas.rochester.edu/dsc/graduate/ms.html,https://www.sas.rochester.edu/dsc/,
University of Rochester,MS,MS in Data Science—Genomics Track,文理学院,Goergen Institute for Data Science and Artificial Intelligence,https://www.sas.rochester.edu/dsc/graduate/apply.html,https://www.sas.rochester.edu/dsc/graduate/ms-genomics.html,https://www.sas.rochester.edu/dsc/,
University of Georgia,MS,MS in Data Science,文理学院,School of Computing,https://www.stat.uga.edu/prospective-graduate-students-0,https://www.stat.uga.edu/masters-degree-data-science,https://www.cs.uga.edu/,
University of Georgia,MS,MS in Data Science,文理学院,School of Computing,https://www.stat.uga.edu/prospective-graduate-students-0,https://www.stat.uga.edu/masters-degree-data-science,https://www.cs.uga.edu,
University of Georgia,MS,MS in Data Science,文理学院,Franklin College of Arts and Sciences,https://www.stat.uga.edu/prospective-graduate-students-0,https://www.stat.uga.edu/masters-degree-data-science,https://www.franklin.uga.edu,
Northeastern University（Boston）,MS,Align DATA SCIENCE,计算机科学学院,Khoury College of Computer Sciences,https://www.khoury.northeastern.edu/apply/align-how-to-apply/,https://www.khoury.northeastern.edu/programs/align-masters-of-science-in-data-science/,https://www.khoury.northeastern.edu/,
Northeastern University（Boston）,MS,Align DATA SCIENCE,计算机科学学院,Khoury College of Computer Sciences,https://www.khoury.northeastern.edu/apply/align-how-to-apply/,https://www.khoury.northeastern.edu/programs/align-masters-of-science-in-data-science/,https://www.khoury.northeastern.edu/,
Northeastern University（Boston）,MS,DATA SCIENCE,计算机科学学院,Khoury College of Computer Sciences,https://www.khoury.northeastern.edu/apply/masters-apply/,https://www.khoury.northeastern.edu/programs/data-science-ms/,https://www.khoury.northeastern.edu,
Northeastern University（Boston）,MS,DATA SCIENCE,计算机科学学院,Khoury College of Computer Sciences,https://www.khoury.northeastern.edu/apply/masters-apply/,https://www.khoury.northeastern.edu/programs/data-science-ms/,https://www.khoury.northeastern.edu,
Northeastern University（Boston）,MS,Master of Science in Data Analytics Engineering,工程学院,College of Engineering,https://coe.northeastern.edu/academics-experiential-learning/graduate-school-of-engineering/graduate-admissions/,https://mie.northeastern.edu/academics/graduate-studies/ms-daae/,https://coe.northeastern.edu,
Northeastern University（Boston）,MS,Master of Science in Data Analytics Engineering,工程学院,College of Engineering,https://coe.northeastern.edu/academics-experiential-learning/graduate-school-of-engineering/graduate-admissions/,https://mie.northeastern.edu/academics/graduate-studies/ms-daae/,https://coe.northeastern.edu,
Northeastern University（Boston）,MS,Master of Science in Data Architecture and Management,工程学院,College of Engineering,https://coe.northeastern.edu/academics-experiential-learning/graduate-school-of-engineering/graduate-admissions/,https://coe.northeastern.edu/academics-experiential-learning/academic-departments/mgen/ms-daam/,https://coe.northeastern.edu,
Northeastern University（Boston）,MS,Master of Science in Data Architecture and Management,工程学院,College of Engineering,https://coe.northeastern.edu/academics-experiential-learning/graduate-school-of-engineering/graduate-admissions/,https://coe.northeastern.edu/academics-experiential-learning/academic-departments/mgen/ms-daam/,https://coe.northeastern.edu,
Northeastern University（Boston）,MS,Applied Math,科学学院,College of Science,https://cos.northeastern.edu/admissions/graduate-programs/how-to-apply/,https://cos.northeastern.edu/master-of-science-applied-mathematics/,https://cos.northeastern.edu,
Northeastern University（Boston）,MS,Applied Math,科学学院,Northeastern University College of Science,https://cos.northeastern.edu/admissions/graduate-programs/how-to-apply/,https://cos.northeastern.edu/master-of-science-applied-mathematics/,https://cos.northeastern.edu,
Northeastern University（Boston）,MPS,Analytics — Boston,专业研究学院,Northeastern University College of Professional Studies,https://cps.northeastern.edu/admissions-aid/international-admissions/,https://cps.northeastern.edu/program/master-of-professional-studies-in-analytics-boston/,https://cps.northeastern.edu,
Northeastern University ,MS,Master of Professional Studies in Analytics,东北大学（弗吉尼亚州阿灵顿）,College of Professional Studies,https://cps.northeastern.edu/admissions-aid/international-admissions/,https://arlington.northeastern.edu/programs/analytics/,https://cps.northeastern.edu,
Northeastern University ,MPS,Analytics — Oakland,东北大学（奥克兰校区）,College of Professional Studies,https://cps.northeastern.edu/admissions-aid/international-admissions/,https://oakland.northeastern.edu/programs/master-of-professional-studies-in-analytics/,https://cps.northeastern.edu,
Northeastern University ,MPS,Analytics — Portland,东北大学（波特兰校区）,The Roux Institute,https://cps.northeastern.edu/admissions-aid/international-admissions/,https://roux.northeastern.edu/programs/master-of-professional-studies-in-analytics-portland-2/,https://roux.northeastern.edu,
Northeastern University ,MS,Align DATA SCIENCE,东北大学（波特兰校区）,Khoury College of Computer Sciences,https://www.khoury.northeastern.edu/apply/align-how-to-apply/,https://roux.northeastern.edu/programs/master-of-science-in-data-science-align-portland/,https://www.khoury.northeastern.edu,
Northeastern University ,MS,Align DATA SCIENCE,东北大学（波特兰校区）,Khoury College of Computer Sciences,https://www.khoury.northeastern.edu/apply/align-how-to-apply/,https://roux.northeastern.edu/programs/master-of-science-in-data-science-align-portland/,https://www.khoury.northeastern.edu,
Northeastern University ,MS,DATA SCIENCE,东北大学（波特兰校区）,Khoury College of Computer Sciences,https://www.khoury.northeastern.edu/apply/masters-apply/,https://roux.northeastern.edu/programs/master-of-science-in-data-science-portland/,https://www.khoury.northeastern.edu,
Northeastern University ,MS,DATA SCIENCE,东北大学（波特兰校区）,Khoury College of Computer Sciences,https://www.khoury.northeastern.edu/apply/masters-apply/,https://roux.northeastern.edu/programs/master-of-science-in-data-science-portland/,https://www.khoury.northeastern.edu,
Northeastern University ,MS,Analytics — Silicon Valley,东北大学（硅谷校区）,College of Professional Studies,https://cps.northeastern.edu/admissions-aid/international-admissions/,https://siliconvalley.northeastern.edu/academic_program/master-professional-studies-analytics/,https://cps.northeastern.edu,
Northeastern University ,MS,Align DATA SCIENCE,东北大学（硅谷校区）,Khoury College of Computer Sciences,https://www.khoury.northeastern.edu/apply/align-how-to-apply/,https://siliconvalley.northeastern.edu/academic_program/align-masters-of-science-in-data-science/,https://www.khoury.northeastern.edu/,
Northeastern University ,MS,Align DATA SCIENCE,东北大学（硅谷校区）,Khoury College of Computer Sciences,https://www.khoury.northeastern.edu/apply/align-how-to-apply/,https://siliconvalley.northeastern.edu/academic_program/align-masters-of-science-in-data-science/,https://www.khoury.northeastern.edu,
Northeastern University ,MS,DATA SCIENCE,东北大学（硅谷校区）,Khoury College of Computer Sciences,https://www.khoury.northeastern.edu/apply/masters-apply/,https://siliconvalley.northeastern.edu/academic_program/masters-of-science-in-data-science/,https://www.khoury.northeastern.edu,
Northeastern University ,MS,DATA SCIENCE,东北大学（硅谷校区）,Khoury College of Computer Sciences,https://www.khoury.northeastern.edu/apply/masters-apply/,https://siliconvalley.northeastern.edu/academic_program/masters-of-science-in-data-science/,https://www.khoury.northeastern.edu/,
Northeastern University ,MS,Analytics  ,东北大学（西雅图校区）,College of Professional Studies,https://cps.northeastern.edu/admissions-aid/international-admissions/,https://cps.northeastern.edu/program/master-of-professional-studies-in-analytics-silicon-valley/,https://cps.northeastern.edu,
Northeastern University ,MS,Master of Science in Data Analytics Engineering,东北大学（西雅图校区）,College of Engineering,https://coe.northeastern.edu/academics-experiential-learning/graduate-school-of-engineering/graduate-admissions/,https://seattle.northeastern.edu/academic_program/master-of-science-in-data-analytics-engineering-2/,https://coe.northeastern.edu,
Northeastern University ,MS,Master of Science in Data Analytics Engineering,东北大学（西雅图校区）,College of Engineering,https://coe.northeastern.edu/academics-experiential-learning/graduate-school-of-engineering/graduate-admissions/,https://seattle.northeastern.edu/academic_program/master-of-science-in-data-analytics-engineering-2/,https://coe.northeastern.edu,
Northeastern University ,MS,Master of Science in Data Architecture and Management,东北大学（西雅图校区）,College of Engineering,https://coe.northeastern.edu/academics-experiential-learning/graduate-school-of-engineering/graduate-admissions/,https://seattle.northeastern.edu/academic_program/master-of-science-in-data-architecture-and-management/,https://coe.northeastern.edu/,
Northeastern University ,MS,Master of Science in Data Architecture and Management,东北大学（西雅图校区）,College of Engineering,https://coe.northeastern.edu/academics-experiential-learning/graduate-school-of-engineering/graduate-admissions/,https://seattle.northeastern.edu/academic_program/master-of-science-in-data-architecture-and-management/,https://coe.northeastern.edu,
Northeastern University ,MS,Analytics ,东北大学（西雅图校区）,College of Professional Studies,https://cps.northeastern.edu/admissions-aid/international-admissions/,https://seattle.northeastern.edu/academic_program/master-professional-studies-analytics/,https://cps.northeastern.edu,
Northeastern University（Toronto）,MS,Analytics — Toronto,东北大学（加拿大多伦多校区）,College of Professional Studies,https://cps.northeastern.edu/admissions-aid/international-admissions/,https://toronto.northeastern.edu/academic_program/master-of-professional-studies-in-analytics/,https://cps.northeastern.edu,
Northeastern University（Vancouver）,MS,Analytics — Vancouver,东北大学（加拿大温哥华校区）,College of Professional Studies,https://cps.northeastern.edu/admissions-aid/international-admissions/,https://vancouver.northeastern.edu/academic_program/master-of-professional-studies-in-analytics/,https://cps.northeastern.edu,
Northeastern University（Vancouver）,MS,Master of Science in Data Analytics Engineering,东北大学（加拿大温哥华校区）,College of Engineering,https://coe.northeastern.edu/academics-experiential-learning/graduate-school-of-engineering/graduate-admissions/,https://vancouver.northeastern.edu/academic_program/master-of-science-in-data-analytics-engineering/,https://coe.northeastern.edu,
Northeastern University（Vancouver）,MS,Master of Science in Data Analytics Engineering,东北大学（加拿大温哥华校区）,College of Engineering,https://coe.northeastern.edu/academics-experiential-learning/graduate-school-of-engineering/graduate-admissions/,https://vancouver.northeastern.edu/academic_program/master-of-science-in-data-analytics-engineering/,https://coe.northeastern.edu,
Northeastern University（Boston）,硕士预科项目,Analytics（College of Professional Studies）,Global Pathways项目,College of Professional Studies,https://international.northeastern.edu/global-pathways/how-to-apply/,https://international.northeastern.edu/global-pathways/program/analytics/,https://cps.northeastern.edu,
Northeastern University（Boston）,硕士预科项目,Data Analytics Engineering（College of Engineering）,Global Pathways项目,College of Engineering,https://international.northeastern.edu/global-pathways/how-to-apply/,https://international.northeastern.edu/global-pathways/program/data-analytics-engineering/,https://coe.northeastern.edu,
Northeastern University（Boston）,硕士预科项目,Data Analytics Engineering（College of Engineering）,Global Pathways项目,College of Engineering,https://international.northeastern.edu/global-pathways/how-to-apply/,https://international.northeastern.edu/global-pathways/program/data-analytics-engineering/,https://coe.northeastern.edu,
Northeastern University（Boston）,硕士预科项目,Data Architecture and Management（College of Engineering）,Global Pathways项目,College of Professional Studies,https://international.northeastern.edu/global-pathways/how-to-apply/,https://international.northeastern.edu/global-pathways/program/data-architecture-and-management/,https://cps.northeastern.edu,
Northeastern University（Boston）,硕士预科项目,Data Architecture and Management（College of Engineering）,Global Pathways项目,College of Professional Studies,https://international.northeastern.edu/global-pathways/how-to-apply/,https://international.northeastern.edu/global-pathways/program/data-architecture-and-management/,https://cps.northeastern.edu/,
Florida State University,PHD,Data Science,文理学院,College of Arts and Sciences,https://www.math.fsu.edu/apply/,https://www.math.fsu.edu/graduate-general-info/,https://artsandsciences.fsu.edu,
Florida State University,MS,Data Science,文理学院,College of Arts and Sciences,https://www.math.fsu.edu/apply/,https://www.math.fsu.edu/graduate-general-info/,https://artsandsciences.fsu.edu/,
Florida State University,MS,Statistical Data Science ,文理学院,College of Arts and Sciences,https://stat.fsu.edu/graduate-program/admissions,https://stat.fsu.edu/graduate-program/master-science-degree,https://artsandsciences.fsu.edu,
Florida State University,MS,Statistical Data Science ,文理学院,College of Arts and Sciences,https://stat.fsu.edu/graduate-program/admissions,https://stat.fsu.edu/graduate-program/master-science-degree,https://artsandsciences.fsu.edu,
"University of Minnesota, Twin Cities",MS,Data Science M.S.,理工学院,College of Science and Engineering,https://cse.umn.edu/datascience/graduate-admission-requirements,https://cse.umn.edu/datascience/masters,https://cse.umn.edu,
"University of Minnesota, Twin Cities",MS,M.S. in Data Science in Operations Research,理工学院,College of Science and Engineering,https://cse.umn.edu/isye/apply-ms-data-science-operations-research-program,https://cse.umn.edu/isye/ms-data-science-operations-research,https://cse.umn.edu,
"University of Minnesota, Twin Cities",MS,M.S. in Industrial and Systems Engineering (Analytics Track),理工学院,College of Science and Engineering,https://cse.umn.edu/isye/apply-ms-analytics,https://cse.umn.edu/isye/analytics,https://cse.umn.edu,
"University of Minnesota, Twin Cities",MS,MS Mathematics: Data Science,理工学院,College of Science and Engineering,https://cse.umn.edu/math/masters-admissions,https://cse.umn.edu/math/masters-programs,https://cse.umn.edu,
College of William & Mary,MS,Applied Science—Data Science,文理学院,Arts & Sciences,https://www.wm.edu/as/appliedscience/graduateprogram/admission/,https://www.wm.edu/as/appliedscience/graduateprogram/,https://www.wm.edu/as/,
College of William & Mary,Ph.D,Applied Science—Data Science,文理学院,Arts & Sciences,https://www.wm.edu/as/appliedscience/graduateprogram/admission/,https://www.wm.edu/as/appliedscience/graduateprogram/,https://www.wm.edu/as/,
College of William & Mary,MS,Applied Science—Data Science,文理学院,Arts & Sciences,https://www.wm.edu/as/appliedscience/graduateprogram/admission/,https://www.wm.edu/as/appliedscience/graduateprogram/,https://www.wm.edu/as/,
College of William & Mary,Ph.D,Applied Science—Data Science,文理学院,Arts & Sciences,https://www.wm.edu/as/appliedscience/graduateprogram/admission/,https://www.wm.edu/as/appliedscience/graduateprogram/,https://www.wm.edu/as/,
University of Connecticut,M.S.,Data Science,文理学院,The Graduate School,https://masters.datascience.uconn.edu/apply/,https://masters.datascience.uconn.edu/on-campus-masters-in-data-science/,https://grad.uconn.edu,
"Stony Brook University, SUNY",MS,"Data Science 
",工程与应用科学学院,College of Engineering and Applied Sciences,https://www.stonybrook.edu/commcms/ams/graduate/_datascience.php,https://www.stonybrook.edu/commcms/ams/graduate/_datascience.php,https://www.stonybrook.edu/ceas/,
"Stony Brook University, SUNY",PHD,"Data Science 
",工程与应用科学学院,College of Engineering and Applied Sciences,https://www.stonybrook.edu/commcms/ams/graduate/_datascience.php,https://www.stonybrook.edu/commcms/ams/graduate/_datascience.php,https://www.stonybrook.edu/commcms/ceas/,
"Stony Brook University, SUNY",MS,"Data Science 
",工程与应用科学学院,College of Engineering and Applied Sciences,https://www.stonybrook.edu/commcms/ams/graduate/_datascience.php,https://www.stonybrook.edu/commcms/ams/graduate/_datascience.php,https://www.stonybrook.edu/ceas/,
"Stony Brook University, SUNY",PHD,"Data Science 
",工程与应用科学学院,College of Engineering and Applied Sciences,https://www.stonybrook.edu/commcms/ams/graduate/_datascience.php,https://www.stonybrook.edu/commcms/ams/graduate/_datascience.php,https://www.stonybrook.edu/ceas/,
"North Carolina State University, Raleigh",MCS, Computer Science- Data Science,工程学院,College of Engineering,https://www.csc.ncsu.edu/academics/graduate/procedure.php,https://www.csc.ncsu.edu/academics/graduate/degrees/ds.php,https://www.engr.ncsu.edu/,
"North Carolina State University, Raleigh",MS,Advanced Analytics,研究生院,Institute for Advanced Analytics,https://analytics.ncsu.edu/?page_id=13892,https://analytics.ncsu.edu/,https://analytics.ncsu.edu/,
"Pennsylvania State University, University Park",MS,Informatics(Data Sciences),信息科学与技术学院,College of Information Sciences and Technology,https://ist.psu.edu/prospective/graduate/application/ms,https://ist.psu.edu/prospective/graduate/ms-informatics,https://ist.psu.edu,
Rensselaer Polytechnic Institute,MS,Information Technology,科学学院,School of Science,https://admissions.rpi.edu/graduate/masters-and-phd-applicants,https://science.rpi.edu/itws/programs/graduate/ms,https://science.rpi.edu,
Rensselaer Polytechnic Institute,MS,Information Technology,科学学院,School of Science,https://admissions.rpi.edu/graduate/masters-and-phd-applicants,https://science.rpi.edu/itws/programs/graduate/ms,https://science.rpi.edu,
Michigan State University,MS,MASTER'S IN BUSINESS DATA SCIENCE & ANALYTICS,商学院,Broad College of Business,https://broad.msu.edu/masters/business-data-science-analytics/admissions/,https://broad.msu.edu/masters/business-data-science-analytics/,https://broad.msu.edu,
Michigan State University,MS,Master of Science  in Data Science,自然科学学院,College of Natural Science,https://msds.msu.edu/prospective-students.aspx,https://msds.msu.edu/,https://natsci.msu.edu,
"University of Massachusetts, Amherst",MS,Master of Science in Computer Science（DATA SCIENCE ）,信息与计算机科学学院,Manning College of Information & Computer Sciences,https://www.cics.umass.edu/admissions/application-instructions,https://www.cics.umass.edu/degree-program/masters,https://www.cics.umass.edu/,
"University of Massachusetts, Amherst",MS,Master of Science in Computer Science（DATA SCIENCE ）,信息与计算机科学学院,Manning College of Information & Computer Sciences,https://www.cics.umass.edu/admissions/application-instructions,https://www.cics.umass.edu/degree-program/masters,https://www.cics.umass.edu,
University of Miami,MS, Master of Science in Data Science,文理学院,College of Arts and Sciences,https://msdatascience.as.miami.edu/resources/international-students/index.html,https://msdatascience.as.miami.edu/academics/academic-tracks/index.html,https://as.miami.edu/,
University of Miami,MS, Master of Science in Data Science：Technical Data Science (College of Arts & Sciences and College of Engineering),文理学院,College of Arts and Sciences,https://msdatascience.as.miami.edu/resources/international-students/index.html,https://msdatascience.as.miami.edu/academics/academic-tracks/index.html,https://www.as.miami.edu/,
University of Pittsburgh,MS,Master of Science in Information Science,计算机和信息学院,School of Computing and Information,https://www.sci.pitt.edu/admissions/graduate-admissions-faq,https://www.sci.pitt.edu/academics/masters-degrees/information-science-ms,https://www.sci.pitt.edu,
University of Pittsburgh,MS,Master of Science in Information Science,计算机和信息学院,School of Computing and Information,https://www.sci.pitt.edu/admissions/graduate-admissions-faq,https://www.sci.pitt.edu/academics/masters-degrees/information-science-ms,https://www.sci.pitt.edu,
University of Pittsburgh,MS,Master of Science in Information Science,计算机和信息学院,School of Computing and Information,https://www.sci.pitt.edu/admissions/graduate-admissions-faq,https://www.sci.pitt.edu/academics/masters-degrees/information-science-ms,https://www.sci.pitt.edu,
University of Pittsburgh,PHD,Doctor of Philosophy in Information Science,计算机和信息学院,School of Computing and Information,https://www.sci.pitt.edu/admissions/graduate-admissions-faq,https://www.sci.pitt.edu/academics/doctoral-degrees/information-science-phd,https://www.sci.pitt.edu,
University of Pittsburgh,MS,Industrial Engineering：Data Science,工程学院,Swanson School of Engineering,https://www.engineering.pitt.edu/departments/industrial/admissions/graduate-admissions/,https://www.engineering.pitt.edu/departments/industrial/graduate/masters/masters-program/,https://www.engineering.pitt.edu,
University of Pittsburgh,MS,Industrial Engineering：Data Science,工程学院,Swanson School of Engineering,https://www.engineering.pitt.edu/departments/industrial/admissions/graduate-admissions/,https://www.engineering.pitt.edu/departments/industrial/graduate/masters/masters-program/,https://www.engineering.pitt.edu,
George Washington University,MS,Data Science ,文理学院,Columbian College of Arts & Sciences,https://bulletin.gwu.edu/arts-sciences/data-science/ms/#admissionstext,https://datasci.columbian.gwu.edu/ms-data-science,https://columbian.gwu.edu,
George Washington University,MS,Data Science ,文理学院,Columbian College of Arts & Sciences,https://bulletin.gwu.edu/arts-sciences/data-science/ms/#admissionstext,https://datasci.columbian.gwu.edu/ms-data-science,https://columbian.gwu.edu,
George Washington University,MS,Data Analytics ,工程学院,School of Engineering and Applied Science,https://bulletin.gwu.edu/engineering-applied-science/engineering-management-systems-engineering/data-analytics-ms/#admissionstext,https://cs.engineering.gwu.edu/master-science-data-analytics,https://engineering.gwu.edu,
George Washington University,MS,Data Analytics ,工程学院,School of Engineering & Applied Science,https://bulletin.gwu.edu/engineering-applied-science/engineering-management-systems-engineering/data-analytics-ms/#admissionstext,https://cs.engineering.gwu.edu/master-science-data-analytics,https://engineering.gwu.edu/,
Villanova University,MS,MS IN APPLIED STATISTICS AND DATA SCIENCE,文理学院,College of Liberal Arts and Sciences,https://www1.villanova.edu/university/liberal-arts-sciences/graduate-studies/graduate-programs/applied-statistics-and-data-science.html,https://www1.villanova.edu/university/liberal-arts-sciences/programs/mathematics-statistics/graduate-programs/ms-applied-statistics.html,https://www1.villanova.edu/university/liberal-arts-sciences/,
Villanova University,MS,MS IN APPLIED STATISTICS AND DATA SCIENCE,文理学院,College of Liberal Arts and Sciences,https://www1.villanova.edu/university/liberal-arts-sciences/graduate-studies/graduate-programs/applied-statistics-and-data-science.html,https://www1.villanova.edu/university/liberal-arts-sciences/programs/mathematics-statistics/graduate-programs/ms-applied-statistics.html,https://www1.villanova.edu/university/liberal-arts-sciences.html,
Villanova University,MS,MS IN APPLIED STATISTICS AND DATA SCIENCE,文理学院,College of Liberal Arts and Sciences,https://www1.villanova.edu/university/liberal-arts-sciences/graduate-studies/graduate-programs/applied-statistics-and-data-science.html,https://www1.villanova.edu/university/liberal-arts-sciences/programs/mathematics-statistics/graduate-programs/ms-applied-statistics.html,https://www1.villanova.edu/university/liberal-arts-sciences/,
Syracuse University,MS,APPLIED DATA SCIENCE,信息研究学院,Syracuse University School of Information Studies,https://ischool.syr.edu/admissions-aid/how-to-apply/apply-to-graduate-programs/,https://ischool.syr.edu/academics/applied-data-science-masters-degree/,https://ischool.syr.edu,
Syracuse University,MS,APPLIED DATA SCIENCE,信息研究学院,Syracuse University School of Information Studies,https://ischool.syr.edu/admissions-aid/how-to-apply/apply-to-graduate-programs/,https://ischool.syr.edu/academics/applied-data-science-masters-degree/,https://ischool.syr.edu,
Syracuse University,PHD,Information Science and Technology,信息研究学院,Syracuse University School of Information Studies,https://ischool.syr.edu/admissions-aid/how-to-apply/phd-application-checklist/,https://ischool.syr.edu/academics/ph-d-in-information-science-and-technology/,https://ischool.syr.edu,
"Binghamton University, SUNY",MS,Data Analytics (MS),研究生跨学科项目,,https://www.binghamton.edu/academics/programs/data-analytics/admissions.html,https://www.binghamton.edu/academics/programs/data-analytics/,,
"Binghamton University, SUNY",MS,MS in Information Systems: Applied Data Science,工程学院,School of Computing,https://www.binghamton.edu/apps/academics/program/gd/information-systems,https://www.binghamton.edu/computer-science/graduate-programs/msis/msis-datascience.html,https://www.binghamton.edu/computer-science/,
"Indiana University, Bloomington",M.S., Dual M.S. Degree program in Statistical Science and Data Science,文理学院,College of Arts + Sciences,https://stat.indiana.edu/graduates/degrees/ms-statistical-science-ms-data-science.html,https://stat.indiana.edu/graduates/degrees/ms-statistical-science-ms-data-science.html,https://college.indiana.edu,
"Indiana University, Bloomington",M.S., Dual M.S. Degree program in Data Science and Applied Statistics,文理学院,College of Arts + Sciences,https://stat.indiana.edu/graduates/degrees/ms-statistical-science-ms-data-science.html,https://stat.indiana.edu/graduates/degrees/ms-statistical-science-ms-data-science.html,https://college.indiana.edu,
"Indiana University, Bloomington",M.S.,Data Science—Applied Data Science Track,信息学，计算机和工程学院,Luddy School of Informatics,https://luddy.indiana.edu/admissions/apply/graduate.html,https://datascience.indiana.edu/programs/residential/index.html,https://luddy.indiana.edu,
"Indiana University, Bloomington",M.S.,Data Science—Big Data Systems Track,信息学，计算机和工程学院,Luddy School of Informatics,https://luddy.indiana.edu/admissions/apply/graduate.html,https://datascience.indiana.edu/programs/residential/index.html,https://luddy.indiana.edu,
"Indiana University, Bloomington",M.S.,Data Science—Computational and Analytical Track,信息学，计算机和工程学院,Luddy School of Informatics,https://luddy.indiana.edu/admissions/apply/graduate.html,https://datascience.indiana.edu/programs/residential/index.html,https://luddy.indiana.edu,
"Indiana University, Bloomington",M.S.,Data Science—Managerial Data Science Track,信息学，计算机和工程学院,Luddy School of Informatics,https://luddy.indiana.edu/admissions/apply/graduate.html,https://datascience.indiana.edu/programs/residential/index.html,https://luddy.indiana.edu,
"University of California, Riverside",MS,MS in Computational Data Science,工程学院,Bourns College of Engineering,https://datascience.ucr.edu/ms-computational-data-science-application-requirements,https://datascience.ucr.edu/graduate/computational-data-science,https://www.engr.ucr.edu,
Colorado School of Mines,MS, Applied Mathematics and Statistics—DATA SCIENCE（非论文）,应用数学和统计学系,Department of Applied Mathematics and Statistics,https://gradprograms.mines.edu/applied-mathematics-and-statistics/,https://ams.mines.edu/graduate-program/,https://ams.mines.edu/,
Colorado School of Mines,MS,DATA SCIENCE（非论文）,研究生跨学科项目,Colorado School of Mines,https://gradprograms.mines.edu/masters-in-data-science/,https://datascience.mines.edu/programs/,https://www.mines.edu,
"University at Buffalo, SUNY",MS,Industrial Engineering (Data Analytics Engineering)  ,工程与应用科学学院,School of Engineering and Applied Sciences,https://engineering.buffalo.edu/industrial-systems/masters-programs/admissions.html,https://engineering.buffalo.edu/industrial-systems/masters-programs/ms-industrial-engineering/ms-data-analytics.html,https://engineering.buffalo.edu,
"University at Buffalo, SUNY",MS,Industrial Engineering (Data Analytics Engineering)  ,工程与应用科学学院,School of Engineering and Applied Sciences,https://engineering.buffalo.edu/industrial-systems/masters-programs/admissions.html,https://engineering.buffalo.edu/industrial-systems/masters-programs/ms-industrial-engineering/ms-data-analytics.html,https://engineering.buffalo.edu,
"University at Buffalo, SUNY",MPS,Data Sciences and Applications MPS,工程与应用科学学院,Institute for Artificial Intelligence and Data Science,https://www.buffalo.edu/ai-data-science/academics/grad/dsa-mps.html,https://www.buffalo.edu/ai-data-science/academics/grad/dsa-mps.html,https://www.buffalo.edu/ai-data-science,
"University at Buffalo, SUNY",MPS,Data Sciences and Applications MPS,工程与应用科学学院,Institute for Artificial Intelligence and Data Science,https://www.buffalo.edu/ai-data-science/academics/grad/dsa-mps.html,https://www.buffalo.edu/ai-data-science/academics/grad/dsa-mps.html,https://www.buffalo.edu/ai-data-science/,
"University at Buffalo, SUNY",MS,Engineering Science (Data Science) MS,工程与应用科学学院,School of Engineering and Applied Sciences,https://www.buffalo.edu/ai-data-science/academics/grad/ds-ms.html,https://www.buffalo.edu/ai-data-science/academics/grad/ds-ms.html,https://engineering.buffalo.edu,
"University at Buffalo, SUNY",MS,Engineering Science (Data Science) MS,工程与应用科学学院,Institute for Artificial Intelligence and Data Science,https://www.buffalo.edu/ai-data-science/academics/grad/ds-ms.html,https://www.buffalo.edu/ai-data-science/academics/grad/ds-ms.html,https://www.buffalo.edu/ai-data-science/,
"University at Buffalo, SUNY",PhD,Computational and Data Enabled Sciences PhD,工程与应用科学学院,Institute for Artificial Intelligence and Data Science,https://www.buffalo.edu/ai-data-science/academics/grad/cdse-phd.html,https://www.buffalo.edu/ai-data-science/academics/grad/cdse-phd.html,https://www.buffalo.edu/ai-data-science/,
Stevens Institute of Technology,PHD,Ph.D. in Data Science,商学院,School of Business,https://www.stevens.edu/school-business/phd-programs/data-science-phd-program,https://www.stevens.edu/school-business/phd-programs/data-science-phd-program,https://www.stevens.edu/school-business,
Stevens Institute of Technology,MBA,ANALYTICS MBA,商学院,School of Business,https://www.stevens.edu/program/analytics-mba,https://www.stevens.edu/program/analytics-mba,https://www.stevens.edu,
Stevens Institute of Technology,MBA,ANALYTICS MBA,商学院,School of Business,https://www.stevens.edu/program/analytics-mba,https://www.stevens.edu/program/analytics-mba,https://www.stevens.edu/school-of-business,
Stevens Institute of Technology,MS,"DATA SCIENCE, M.S. ",工程与科学学院,Charles V. Schaefer,https://www.stevens.edu/program/data-science-masters,https://www.stevens.edu/program/data-science-masters,https://www.stevens.edu/schaefer-school-engineering-science,
Stevens Institute of Technology,MS,"DATA SCIENCE, M.S. ",工程与科学学院,Charles V. Schaefer,https://www.stevens.edu/program/data-science-masters,https://www.stevens.edu/program/data-science-masters,https://www.stevens.edu/schaefer-engineering,
University of Delaware,MS,Data Science,文理学院,College of Arts and Sciences,https://www.udel.edu/academics/colleges/grad/prospective-students/programs/data-scientist/,https://www.mathsci.udel.edu/educational-programs/the-graduate-program,https://www.cas.udel.edu/,
University of Delaware,MS,INTERDISCIPLINARY EVALUATION SCIENCE,跨学科项目,Graduate College,https://www.udel.edu/academics/colleges/grad/prospective-students/programs/interdisciplinary-evaluation-science/,https://www.udel.edu/academics/colleges/grad/prospective-students/programs/interdisciplinary/interdisciplinary-evaluation-science/,https://www.udel.edu/academics/colleges/grad/,
Worcester Polytechnic Institute,MS,DATA SCIENCE,文理学院,,https://www.wpi.edu/admissions/graduate/how-to-apply?itemId=6421,https://www.wpi.edu/academics/study/data-science-ms,,
Worcester Polytechnic Institute,MS,DATA SCIENCE,文理学院,,https://www.wpi.edu/admissions/graduate/how-to-apply?itemId=6421,https://www.wpi.edu/academics/study/data-science-ms,,
Worcester Polytechnic Institute,Ph.D,DATA SCIENCE,文理学院,Data Science Program,https://www.wpi.edu/admissions/graduate/how-to-apply?itemId=6426,https://www.wpi.edu/academics/study/data-science-phd,https://www.wpi.edu/academics/study/data-science,
Worcester Polytechnic Institute,Ph.D,DATA SCIENCE,文理学院,Data Science Program,https://www.wpi.edu/admissions/graduate/how-to-apply?itemId=6426,https://www.wpi.edu/academics/study/data-science-phd,https://www.wpi.edu/academics/departments/data-science,
Clemson University,MS,Master of Applied Computing,工程，计算机和应用科学学院,School of Computing,https://www.clemson.edu/degrees/applied-computing/grad,https://www.clemson.edu/cecas/departments/computing/academics/graduates/programsofstudy/mac.html,https://www.clemson.edu/cecas/departments/computing/,
Clemson University,MS,Master of Applied Computing,工程，计算机和应用科学学院,School of Computing,https://www.clemson.edu/degrees/applied-computing/grad,https://www.clemson.edu/cecas/departments/computing/academics/graduates/programsofstudy/mac.html,https://www.clemson.edu/cecas/departments/computing/,
Clemson University,MS,Computer Science,工程，计算机和应用科学学院,School of Computing,https://www.clemson.edu/degrees/computer-science/grad,https://www.clemson.edu/cecas/departments/computing/academics/graduates/programsofstudy/index.html,https://www.clemson.edu/cecas/departments/computing/,
Clemson University,MS,Computer Science,工程，计算机和应用科学学院,School of Computing,https://www.clemson.edu/degrees/computer-science/grad,https://www.clemson.edu/cecas/departments/computing/academics/graduates/programsofstudy/index.html,https://www.clemson.edu/cecas/departments/computing/,
Clemson University,MS,Data Science and Analytics,理学院,Graduate School,https://www.clemson.edu/degrees/data-science-analytics/grad,https://www.clemson.edu/graduate/academics/ms-dsa/index.html,https://www.clemson.edu/graduate/,
Marquette University,MS,COMPUTER AND INFORMATION SCIENCE：AI and Analytics ,文理学院,Klingler College of Arts and Sciences,https://www.marquette.edu/grad/programs-computing.php,https://www.marquette.edu/computer-science/graduate-program-overview.php,https://www.marquette.edu/arts-sciences/,
Marquette University,MS,COMPUTER AND INFORMATION SCIENCE：AI and Analytics ,文理学院,Helen Way Klingler College of Arts and Sciences,https://www.marquette.edu/grad/programs-computing.php,https://www.marquette.edu/computer-science/graduate-program-overview.php,https://www.marquette.edu/arts-sciences/,
Marquette University,MS, Master of Science in Data Science,文理学院,Helen Way Klingler College of Arts and Sciences,https://www.marquette.edu/grad/programs-data-science-masters-degree.php,https://www.marquette.edu/computer-science/graduate-program-overview.php,https://www.marquette.edu/arts-sciences/,
Marquette University,MS, Master of Science in Data Science,文理学院,Klingler College of Arts and Sciences,https://www.marquette.edu/grad/programs-data-science-masters-degree.php,https://www.marquette.edu/computer-science/graduate-program-overview.php,https://www.marquette.edu/arts-sciences/,
Marquette University,MS,APPLIED PSYCHOLOGY DATA ANALYTICS,文理学院,Klingler College of Arts and Sciences,https://www.marquette.edu/grad/programs-graduate-applied-psychology-data-analytics.php,https://www.marquette.edu/psychology/graduate-program-overview.php,https://www.marquette.edu/arts-sciences/,
New Jersey Institute of Technology,M.S.,Masters of Science in Data Science - Statistics Track,科学与人文学院,Ying Wu College of Computing,https://www.njit.edu/admissions/how-apply-graduate-admissions,https://math.njit.edu/ms-data-science-statistics-track,https://computing.njit.edu,
New Jersey Institute of Technology,M.S.,Data Science - M.S.（Newark）,计算机学院,Department of Data Science,https://www.njit.edu/admissions/how-apply-graduate-admissions,https://ds.njit.edu/ms-data-science,https://ds.njit.edu,
New Jersey Institute of Technology,M.S.,Data Science - M.S.（Jersey City）,计算机学院,Ying Wu College of Computing,https://www.njit.edu/admissions/how-apply-graduate-admissions,https://jerseycity.njit.edu/ms-data-science,https://computing.njit.edu,
New Jersey Institute of Technology,PhD,Data Science - M.S.,计算机学院,Ying Wu College of Computing,https://www.njit.edu/admissions/how-apply-graduate-admissions,https://ds.njit.edu/phd-data-science,https://computing.njit.edu,
New Jersey Institute of Technology,PhD,Business Data Science - Ph.D.,管理学院,Martin Tuchman School of Management,https://management.njit.edu/admission-requirements,https://management.njit.edu/phd-program,https://management.njit.edu,
Fordham University,M.A.,Master of Science in Data Science and Quantitative Economics,文理研究生院,Graduate School of Arts and Sciences,https://www.fordham.edu/academics/departments/computer-and-information-science/academic-programs/graduate-programs/master-of-science-in-data-science-and-quantitative-economics/admissions-informationrequirements/,https://www.fordham.edu/academics/departments/computer-and-information-science/academic-programs/graduate-programs/master-of-science-in-data-science-and-quantitative-economics/,https://www.fordham.edu/gsas,
Fordham University,MS,Master of Science in Data Science,文理研究生院,Graduate School of Arts and Sciences,https://www.fordham.edu/academics/departments/computer-and-information-science/academic-programs/graduate-programs/master-of-science-in-data-science/admissions-informationrequirements/,https://www.fordham.edu/academics/departments/computer-and-information-science/academic-programs/graduate-programs/master-of-science-in-data-science/,https://www.fordham.edu/gsas,
Fordham University,MS,Master of Science in Data Science,文理研究生院,Graduate School of Arts and Sciences,https://www.fordham.edu/academics/departments/computer-and-information-science/academic-programs/graduate-programs/master-of-science-in-data-science/admissions-informationrequirements/,https://www.fordham.edu/academics/departments/computer-and-information-science/academic-programs/graduate-programs/master-of-science-in-data-science/,https://www.fordham.edu/gsas,
Fordham University,MS,Master of Science in Data Science,文理研究生院,Graduate School of Arts and Sciences,https://www.fordham.edu/academics/departments/computer-and-information-science/academic-programs/graduate-programs/master-of-science-in-data-science/admissions-informationrequirements/,https://www.fordham.edu/academics/departments/computer-and-information-science/academic-programs/graduate-programs/master-of-science-in-data-science/,https://www.fordham.edu/gsas,
University of South Florida,PhD,Big Data Analytics,商学院,Muma College of Business,https://www.usf.edu/business/graduate/phd-data-analytics/application-process.aspx,https://www.usf.edu/business/graduate/phd-data-analytics/index.aspx,https://www.usf.edu/business/,
University of South Florida,MS,Industrial Engineering：Master of Science in Data Intelligence,工程学院,College of Engineering,https://www.usf.edu/engineering/imse/graduate/ms-data-intelligence.aspx,https://www.usf.edu/engineering/imse/graduate/ms-data-intelligence.aspx,https://www.usf.edu/engineering/,
University of South Florida,MS,Industrial Engineering：Master of Science in Data Intelligence,工程学院,College of Engineering,https://www.usf.edu/engineering/imse/graduate/ms-data-intelligence.aspx,https://www.usf.edu/engineering/imse/graduate/ms-data-intelligence.aspx,https://www.usf.edu/engineering/,
Southern Methodist University,PHD,Ph.D. in Data Science,人文与科学学院,Dedman College of Humanities and Sciences,https://grad.smu.edu/graduate-studies-in-statistics-and-data-science,https://www.smu.edu/dedman/academics/departments/statistics/graduate,https://www.smu.edu/dedman,
Southern Methodist University,MS,Data Science & Applied Statistics MS,人文与科学学院,Dedman College of Humanities and Sciences,https://grad.smu.edu/graduate-studies-in-statistics-and-data-science,https://www.smu.edu/dedman/academics/departments/statistics/graduate,https://www.smu.edu/dedman,
Southern Methodist University,MS,M.S in OR and Analytics ,工程学院,Lyle School of Engineering,https://www.smu.edu/lyle/apply-now/faqs,https://www.smu.edu/lyle/departments/orem/ms-or-and-analytics,https://www.smu.edu/lyle,
Southern Methodist University,MS,M.S in OR and Analytics ,工程学院,Lyle School of Engineering,https://www.smu.edu/lyle/apply-now/faqs,https://www.smu.edu/lyle/departments/orem/ms-or-and-analytics,https://www.smu.edu/lyle,
Southern Methodist University,MS,M.S. Data Engineering,工程学院,Lyle School of Engineering,https://www.smu.edu/lyle/apply-now/faqs,https://www.smu.edu/lyle/departments/multidisciplinary-programs/ms-data-engineering,https://www.smu.edu/lyle,
Southern Methodist University,MS,M.S. Datacenter Systems Engineering,工程学院,Lyle School of Engineering,https://www.smu.edu/lyle/apply-now/faqs,https://www.smu.edu/lyle/departments/multidisciplinary-programs/ms-datacenter-systems-eng,https://www.smu.edu/lyle,
Southern Methodist University,MS,M.S. Data Engineering,工程学院,Lyle School of Engineering,https://www.smu.edu/lyle/apply-now/faqs,https://www.smu.edu/lyle/departments/multidisciplinary-programs/ms-data-engineering,https://www.smu.edu/lyle,
Southern Methodist University,MS,M.S. Datacenter Systems Engineering,工程学院,Lyle School of Engineering,https://www.smu.edu/lyle/apply-now/faqs,https://www.smu.edu/lyle/departments/multidisciplinary-programs/ms-datacenter-systems-eng,https://www.smu.edu/lyle,
Temple University,MS,Statistics and Data Science,商学院,Fox School of Business,https://www.temple.edu/academics/schools-and-colleges/fox-school-of-business-and-management/fox-grad-specialized-master-s-admissions?p=18571,https://www.temple.edu/academics/degree-programs/statistics-and-data-science-ms-bu-sdsc-ms,https://www.fox.temple.edu,
Temple University,MS,Computational Data Science MS,科学技术学院,College of Science and Technology,https://www.temple.edu/academics/degree-programs/computational-data-science-ms-st-cds-ms/cst-grad-computational-data-science-admissions,https://www.temple.edu/academics/degree-programs/computational-data-science-ms-st-cds-ms,https://cst.temple.edu,
University of Iowa,Ph.D,Statistics—data science,文理学院,College of Liberal Arts and Sciences,https://grad.admissions.uiowa.edu/academics/statistics-ms-or-phd,https://stat.uiowa.edu/graduate/phd-statistics,https://clas.uiowa.edu/,
University of Iowa,MS,data science,文理学院,College of Liberal Arts and Sciences,https://grad.admissions.uiowa.edu/academics/data-science-ms,https://stat.uiowa.edu/graduate/ms-data-science,https://clas.uiowa.edu/,
University of Iowa,MS,data science,文理学院,College of Liberal Arts and Sciences,https://grad.admissions.uiowa.edu/academics/data-science-ms,https://stat.uiowa.edu/graduate/ms-data-science,https://clas.uiowa.edu,
Auburn University,MS,Data Science and Engineering – Data Engineering Option,工程学院,Samuel Ginn College of Engineering,https://www.auburn.edu/cosam/dse/admissions.htm,https://www.auburn.edu/cosam/dse/,https://eng.auburn.edu,
Auburn University,MS,Data Science and Engineering – Data Engineering Option,工程学院,Samuel Ginn College of Engineering,https://www.auburn.edu/cosam/dse/admissions.htm,https://www.auburn.edu/cosam/dse/,https://eng.auburn.edu,
Auburn University,MS,Data Science and Engineering – Data Science Option,科学与数学学院,College of Sciences and Mathematics,https://www.auburn.edu/cosam/dse/admissions.htm,https://www.auburn.edu/cosam/dse/,https://www.auburn.edu/cosam/,
Auburn University,MS,Data Science and Engineering – Data Science Option,科学与数学学院,College of Sciences and Mathematics,https://www.auburn.edu/cosam/dse/admissions.htm,https://www.auburn.edu/cosam/dse/,https://www.auburn.edu/cosam/,
Baylor University,Ph.D.,Statistical Science  Concentration in Data Science,文理学院,College of Arts & Sciences,https://statistics.artsandsciences.baylor.edu/graduate/how-apply,https://statistics.artsandsciences.baylor.edu/graduate/doctor-philosophy-phd,https://www.baylor.edu/artsandsciences/,
Drexel University,MS,MS in Data Science,计算与信息学院,College of Computing & Informatics,https://drexel.edu/academics/grad-professional-programs/cci/data-science,https://drexel.edu/cci/academics/masters-programs/ms-in-data-science/,https://drexel.edu/cci/,
Drexel University,MS,MS in Data Science,计算与信息学院,College of Computing & Informatics,https://drexel.edu/academics/grad-professional-programs/cci/data-science,https://drexel.edu/cci/academics/masters-programs/ms-in-data-science/,https://drexel.edu/cci/,
Drexel University,PhD,PhD in Information Science,计算与信息学院,College of Computing & Informatics,https://drexel.edu/academics/grad-professional-programs/cci/information-science,https://drexel.edu/cci/academics/doctoral-programs/phd-information-science/,https://drexel.edu/cci/,
University of Oregon,MS,Data Science,Phil and Penny Knight Campus for Accelerating Scientific Impact,School of Computer and Data Sciences,https://internship.uoregon.edu/apply,https://internship.uoregon.edu/,https://uoregon.edu/academics/colleges-schools/computer-data-sciences,
"Rutgers University, Camden",M.S.,COMPUTER SCIENCE M.S.,文理研究生院,Graduate School of Arts and Sciences,https://graduateschool.camden.rutgers.edu/computer-science-m-s/,https://cs.camden.rutgers.edu/graduate/,https://graduateschool.camden.rutgers.edu,
"Rutgers University, Camden",M.S.,DATA SCIENCE M.S.,文理研究生院,Graduate School of Arts and Sciences,https://graduateschool.camden.rutgers.edu/data-science-m-s/,https://datascience.camden.rutgers.edu/,https://graduateschool.camden.rutgers.edu,
Rochester Institute of Technology,MS,Data Science MS  ,罗切斯特理工学院,Golisano College of Computing and Information Sciences,https://www.rit.edu/study/data-science-ms,https://www.rit.edu/study/data-science-ms,https://www.rit.edu/computing/,
Illinois Institute of Technology,M.S.,Economics and Data Analytics (M.S.),商学院,Stuart School of Business,https://www.iit.edu/admissions-aid/graduate-admission/international-students,https://www.iit.edu/academics/programs/economics-and-data-analytics-ms,https://www.stuart.iit.edu,
Illinois Institute of Technology,M.A.S,Data Science Master’s—Master of Applied Science (M.A.S.),计算机学院,College of Computing,https://www.iit.edu/admissions-aid/graduate-admission/international-students,https://www.iit.edu/academics/programs/data-science-mas,https://www.iit.edu/colleges-institutes/college-of-computing,
"University of Colorado, Boulder",MS,Professional Master's in Data Science,工程与应用科学学院,College of Engineering & Applied Science,https://www.colorado.edu/program/data-science/campus/admissions,https://www.colorado.edu/program/data-science/,https://www.colorado.edu/engineering/,
"University of Colorado, Boulder",MS,Statistics and Data Science,工程与应用科学学院,College of Arts and Sciences,https://www.colorado.edu/amath/academics/ms-applied-mathematics/admissions-requirements,https://www.colorado.edu/amath/academics/ms-applied-mathematics,https://www.colorado.edu/artsandsciences,
"University of Colorado, Boulder",MS,Statistics and Data Science,工程与应用科学学院,College of Arts and Sciences,https://www.colorado.edu/amath/academics/ms-applied-mathematics/admissions-requirements,https://www.colorado.edu/amath/academics/ms-applied-mathematics,https://www.colorado.edu/artsandsciences,
American University,MS,Quantitative Analysis MS,文理学院,College of Arts & Sciences,https://www.american.edu/cas/mathstat/quantitative/requirements.cfm,https://www.american.edu/cas/mathstat/quantitative/,https://www.american.edu/cas/,
American University,MS,Quantitative Analysis MS,文理学院,College of Arts & Sciences,https://www.american.edu/cas/mathstat/quantitative/requirements.cfm,https://www.american.edu/cas/mathstat/quantitative/,https://www.american.edu/cas/,
American University,MS,Data Science MS,文理学院,School of Public Affairs,https://www.american.edu/programs/shared/data-science/admissions.cfm,https://www.american.edu/programs/shared/data-science/index.cfm,https://www.american.edu/spa/,
American University,MS,Data Science MS,文理学院,College of Arts & Sciences,https://www.american.edu/programs/shared/data-science/admissions.cfm,https://www.american.edu/programs/shared/data-science/index.cfm,https://www.american.edu/cas/,
American University,MS,MS Analytics,商学院,Kogod School of Business,https://kogod.american.edu/programs-admissions/masters/analytics/admissions,https://kogod.american.edu/programs-admissions/masters/analytics,https://kogod.american.edu,
Yeshiva University,MS,Data Analytics and Visualization (MS),科学与卫生学院,Katz School of Science and Health,https://www.yu.edu/katz/admissions/grad-admissions,https://www.yu.edu/katz/data-analytics,https://www.yu.edu/katz,
Yeshiva University,MS,Data Analytics and Visualization (MS),科学与卫生学院,Katz School of Science and Health,https://www.yu.edu/katz/admissions/grad-admissions,https://www.yu.edu/katz/data-analytics,https://www.yu.edu/katz,
University of San Francisco,MS,Data Science (formerly Analytics),文理学院,College of Arts and Sciences,https://www.usfca.edu/arts-sciences/graduate-programs/data-science/how-to-apply,https://www.usfca.edu/arts-sciences/graduate-programs/data-science,https://www.usfca.edu/arts-sciences/,
University of Arizona,MS,Statistics and Data Science (MS),研究生院跨学科课程,Graduate Interdisciplinary Programs,https://grad.arizona.edu/catalog/programinfo/STATDSMS,https://gidp.arizona.edu/stat,https://gidp.arizona.edu/,
University of Arizona,PHD,Statistics and Data Science (PHD),研究生院跨学科课程,Graduate College,https://grad.arizona.edu/catalog/programinfo/STATDSPHD,https://gidp.arizona.edu/stat,https://grad.arizona.edu,
University of Arizona,PHD,Statistics and Data Science (PHD) - Statistical Informatics,研究生院跨学科课程,Graduate College,https://grad.arizona.edu/catalog/programinfo/STATDSPHDSDSI,https://gidp.arizona.edu/stat,https://grad.arizona.edu,
University of Arizona,MS,Statistics and Data Science (MS),研究生院跨学科课程,Graduate Interdisciplinary Programs,https://grad.arizona.edu/catalog/programinfo/STATDSMS,https://gidp.arizona.edu/stat,https://gidp.arizona.edu/,
University of Arizona,PHD,Statistics and Data Science (PHD),研究生院跨学科课程,Graduate College,https://grad.arizona.edu/catalog/programinfo/STATDSPHD,https://gidp.arizona.edu/stat,https://grad.arizona.edu,
University of Arizona,PHD,Statistics and Data Science (PHD) - Statistical Informatics,研究生院跨学科课程,Graduate College,https://grad.arizona.edu/catalog/programinfo/STATDSPHDSDSI,https://gidp.arizona.edu/stat,https://grad.arizona.edu/,
University of Utah,MS,Computing—Data Management and Analysis,工程学院,Kahlert School of Computing,https://www.cs.utah.edu/graduate/admissions/,https://www.cs.utah.edu/graduate/graduate-tracks/,https://www.cs.utah.edu,
University of Utah,Ph.D.,Computing—Data Management and Analysis,工程学院,Kahlert School of Computing,https://www.cs.utah.edu/graduate/admissions/,https://www.cs.utah.edu/graduate/graduate-tracks/,https://www.cs.utah.edu,
University of Utah,M.S.T.,Master of Science and Technology：COMPUTATIONAL AND DATA SCIENCE,跨学科项目,The Graduate School,https://pmst.utah.edu/admissions/,https://pmst.utah.edu/,https://gradschool.utah.edu,
University of Utah,M.S.T.,Master of Science and Technology：COMPUTATIONAL AND DATA SCIENCE,跨学科项目,The Graduate School,https://pmst.utah.edu/admissions/,https://pmst.utah.edu/,https://gradschool.utah.edu,
University of Denver,MS,DATA SCIENCE,工程与计算机科学学院,Daniel Felix Ritchie School of Engineering & Computer Science,https://www.du.edu/academics/admission-steps/data-science-ms-2022-2023,https://ritchieschool.du.edu/academics-education/gr-programs/ms-data-science,https://ritchieschool.du.edu,
University of Vermont,MS,Complex Systems and Data Science ,工程与数学科学学院,Vermont Complex Systems Institute,http://www.uvm.edu/~cmplxsys/teaching-learning/ms-in-complex-systems-and-data-science/,http://www.uvm.edu/~cmplxsys/teaching-learning/ms-in-complex-systems-and-data-science/,http://www.uvm.edu/~cmplxsys/,
University of Vermont,PHD,Complex Systems and Data Science ,工程与数学科学学院,Vermont Complex Systems Institute,http://www.uvm.edu/~cmplxsys/teaching-learning/ms-in-complex-systems-and-data-science/,http://www.uvm.edu/~cmplxsys/teaching-learning/ms-in-complex-systems-and-data-science/,http://www.uvm.edu/~cmplxsys/,
University of Vermont,MS,Complex Systems and Data Science ,工程与数学科学学院,College of Engineering and Mathematical Sciences,http://www.uvm.edu/~cmplxsys/teaching-learning/ms-in-complex-systems-and-data-science/,http://www.uvm.edu/~cmplxsys/teaching-learning/ms-in-complex-systems-and-data-science/,https://www.uvm.edu/cems,
University of Vermont,PHD,Complex Systems and Data Science ,工程与数学科学学院,Vermont Complex Systems Institute,http://www.uvm.edu/~cmplxsys/teaching-learning/ms-in-complex-systems-and-data-science/,http://www.uvm.edu/~cmplxsys/teaching-learning/ms-in-complex-systems-and-data-science/,http://www.uvm.edu/~cmplxsys/,
Loyola University Chicago,MSBDA,MS in Business Data Analytics,商学院,Quinlan School of Business,https://www.luc.edu/quinlan/masters/business-data-analytics/admission/,https://www.luc.edu/quinlan/masters/business-data-analytics/,https://www.luc.edu/quinlan/,
Clark University,MS,Data Analytics*,专业学院,School of Professional Studies,https://www.clarku.edu/graduate-education/admissions/how-to-apply-graduate-admissions-requirements/,https://www.clarku.edu/academics/graduate/programs/masters/masters-in-data-analytics/,https://www.clarku.edu/schools/professional-studies,
Clark University,MS,Data Analytics*,专业学院,,https://www.clarku.edu/graduate-education/admissions/how-to-apply-graduate-admissions-requirements/,https://www.clarku.edu/academics/graduate/programs/masters/masters-in-data-analytics/,,
