大学英文名称,学位,专业英文名称,所属院系,招生网址,专业网址,申请费减免,判断状态,有效回答数,总回答数,Response 1 分类,Response 2 分类,Response 3 分类
Harvard University,MS,Data Science SEAS,约翰·保尔森工程与应用科学学院,https://seas.harvard.edu/masters-data-science/how-apply,https://seas.harvard.edu/masters-data-science,applicable,所有3个有效回答一致,3,3,applicable,applicable,applicable
Harvard University,MS,Data Science,Harvard Extension School,https://extension.harvard.edu/registration-admissions/degree-program-admissions/how-to-apply-to-a-graduate-degree-program/,https://extension.harvard.edu/academics/programs/data-science-graduate-program/,applicable,所有2个有效回答一致,2,3,applicable,invalid,applicable
Stanford University,MS,Data Science,工程学院,https://icme.stanford.edu/academics-admission/icme-graduate-program-application,https://icme.stanford.edu/academics-admission/icme-master-science,applicable,所有3个有效回答一致,3,3,applicable,applicable,applicable
Stanford University,MS,Data Science,人文科学学院,https://statistics.stanford.edu/msadmissionsms/how-apply,https://statistics.stanford.edu/graduate-programs/statistics-ms/statistics-data-science-curriculum,applicable,所有3个有效回答一致,3,3,applicable,applicable,applicable
Yale University,MS,Statistics and Data Science,艺术与科学研究生院,https://gsas.yale.edu/programs-of-study/statistics-data-science,https://statistics.yale.edu/academics/terminal-ma-program,applicable,所有3个有效回答一致,3,3,applicable,applicable,applicable
Yale University,PH.D.,Statistics and Data Science,艺术与科学研究生院,https://gsas.yale.edu/programs-of-study/statistics-data-science,https://statistics.yale.edu/academics/phd-program,,所有回答无效,0,0,invalid,invalid,invalid
University of Pennsylvania,PHD,Statistics and Data Science ,商学院,https://doctoral.wharton.upenn.edu/application-requirements/,https://doctoral.wharton.upenn.edu/statistics/,,所有回答无效,0,0,invalid,invalid,invalid
University of Pennsylvania,MSE,Data Science,工程学院,https://gradadm.seas.upenn.edu/how-to-apply/,https://dats.seas.upenn.edu/,applicable,只有一个有效回答,1,3,applicable,invalid,invalid
Duke University,MS,Electrical and Computer Engineering-Machine Learning & Big Data,工程学院,https://gradschool.duke.edu/academics/programs-degrees/electrical-and-computer-engineering-ms/,https://ece.duke.edu/academics/masters/ms/,not applicable,只有一个有效回答,1,3,invalid,invalid,not_applicable
Duke University,Meng,Electrical and Computer Engineering-Machine Learning & Big Data,工程学院,https://masters.pratt.duke.edu/apply/requirements/,https://ece.duke.edu/academics/masters/meng/,not applicable,只有一个有效回答,1,3,invalid,invalid,not_applicable
Duke University,MS,Statistical Science（Data Science & Analytics ）,文理学院,https://gradschool.duke.edu/academics/programs-degrees/statistical-science-ms/,https://stat.duke.edu/ms/ms-focus-areas-tracks,not applicable,所有2个有效回答一致,2,3,not_applicable,invalid,not_applicable
Duke University,MS,Interdisciplinary Data Science,文理学院,https://gradschool.duke.edu/academics/programs-degrees/master-interdisciplinary-data-science/,https://datascience.duke.edu/,,所有回答无效,0,3,invalid,invalid,invalid
Duke University,MENG,Electrical and Computer Engineering,杜克昆山分校,https://iapse.dukekunshan.edu.cn/ece/admissions/how-to-apply/,https://iapse.dukekunshan.edu.cn/ece/,applicable,所有3个有效回答一致,3,3,applicable,applicable,applicable
Brown University,MS,Data Science,研究生院,https://graduateprograms.brown.edu/graduate-program/data-science-scm,https://dsi.brown.edu/academics/masters-degree,applicable,所有3个有效回答一致,3,3,applicable,applicable,applicable
Northwestern University,MS,Master of Science in Machine Learning and Data Science,工程与应用科学学院,https://www.mccormick.northwestern.edu/machine-learning-data-science/admissions/,https://www.mccormick.northwestern.edu/machine-learning-data-science/overview/,applicable,所有3个有效回答一致,3,3,applicable,applicable,applicable
Northwestern University,MS,Statistics and Data Science,文理学院,https://statistics.northwestern.edu/graduate/ms-stat-program/how_to_apply.html,https://statistics.northwestern.edu/graduate/ms-stat-program/,not applicable,Majority vote: 2/3,3,3,not_applicable,applicable,not_applicable
Johns Hopkins University,MSE,Data Science,工程学院,https://engineering.jhu.edu/ams/academics/graduate-studies/graduate-admissions-process-and-criteria/,https://engineering.jhu.edu/ams/academics/graduate-studies/ms-in-data-science/,applicable,所有3个有效回答一致,3,3,applicable,applicable,applicable
Johns Hopkins University,MSE,Data Science,工程学院,https://engineering.jhu.edu/ams/academics/graduate-studies/graduate-admissions-process-and-criteria/,https://engineering.jhu.edu/ams/academics/graduate-studies/ms-in-data-science/,applicable,所有3个有效回答一致,3,3,applicable,applicable,applicable
Johns Hopkins University,PHD,Applied Mathematics and Statistics,工程学院,https://engineering.jhu.edu/ams/academics/graduate-studies/graduate-admissions-process-and-criteria/,https://engineering.jhu.edu/ams/academics/graduate-studies/doctoral-program/,,"平票: {'not_applicable': 1, 'applicable': 1}",2,3,not_applicable,applicable,invalid
Johns Hopkins University,PHD,Applied Mathematics and Statistics,工程学院,https://engineering.jhu.edu/ams/academics/graduate-studies/graduate-admissions-process-and-criteria/,https://engineering.jhu.edu/ams/academics/graduate-studies/doctoral-program/,,"平票: {'applicable': 1, 'not_applicable': 1}",2,3,applicable,not_applicable,invalid
Johns Hopkins University,MSEM,Master of Science in Global Innovation and Leadership：Technical Concentrations,工程学院,https://msil.engineering.jhu.edu/admissions/,https://msil.engineering.jhu.edu/academics/technical-track/,applicable,所有3个有效回答一致,3,3,applicable,applicable,applicable
Columbia University,MS,Data Science,工程与应用科学研究生学院,https://datascience.columbia.edu/education/programs/m-s-in-data-science/admissions/,https://datascience.columbia.edu/education/programs/m-s-in-data-science/,applicable,所有3个有效回答一致,3,3,applicable,applicable,applicable
Columbia University,PhD,The PhD specialization in Data Science,工程与应用科学研究生学院,https://datascience.columbia.edu/education/programs/ph-d-with-a-specialization-in-data-science/,https://datascience.columbia.edu/education/programs/ph-d-with-a-specialization-in-data-science/,applicable,所有3个有效回答一致,3,3,applicable,applicable,applicable
Columbia University,MS,Applied Analytics,School of Professional Studies,https://sps.columbia.edu/admissions/masters-degree-applicants,https://sps.columbia.edu/academics/masters/applied-analytics,applicable,所有3个有效回答一致,3,3,applicable,applicable,applicable
Columbia University,MS,Applied Analytics,School of Professional Studies,https://sps.columbia.edu/admissions/masters-degree-applicants,https://sps.columbia.edu/academics/masters/applied-analytics,applicable,所有3个有效回答一致,3,3,applicable,applicable,applicable
Cornell University,M.Eng.,Operations Research and Information Engineering ：Data Analytics (DA),工程学院,https://gradschool.cornell.edu/academics/fields-of-study/subject/operations-research-and-information-engineering/operations-research-and-information-engineering-meng-ithaca/,https://www.orie.cornell.edu/orie/programs/meng-degree-ithaca,applicable,所有3个有效回答一致,3,3,applicable,applicable,applicable
Cornell University,M.Eng.,Operations Research and Information Engineering ：Data Analytics (DA),工程学院,https://gradschool.cornell.edu/academics/fields-of-study/subject/operations-research-and-information-engineering/operations-research-and-information-engineering-meng-ithaca/,https://www.orie.cornell.edu/orie/programs/meng-degree-ithaca,applicable,所有3个有效回答一致,3,3,applicable,applicable,applicable
Cornell University,M.Eng.,Operations Research and Information Engineering (M.Eng.) (Cornell NYC Tech),康奈尔科技学院,https://tech.cornell.edu/admissions/meng-application/,https://tech.cornell.edu/programs/masters-programs/master-in-operations-research-and-information-engineering/,applicable,所有3个有效回答一致,3,3,applicable,applicable,applicable
Cornell University,M.P.S.,Information Science (M.P.S.) , 计算与信息科学学院,https://gradschool.cornell.edu/academics/fields-of-study/subject/information-science/information-science-mps-ithaca/,https://infosci.cornell.edu/masters/mps,not applicable,所有3个有效回答一致,3,3,not_applicable,not_applicable,not_applicable
Cornell University,Ph.D.,Information Science (Ph.D.) , 计算与信息科学学院,https://gradschool.cornell.edu/academics/fields-of-study/subject/information-science/information-science-phd-ithaca/,https://infosci.cornell.edu/phd,applicable,所有3个有效回答一致,3,3,applicable,applicable,applicable
Cornell University,M.P.S.,Applied Statistics (Data Science) , 计算与信息科学学院,https://gradschool.cornell.edu/academics/fields-of-study/subject/statistics/applied-statistics-mps-as-ithaca/,https://stat.cornell.edu/academics/mps-data-science-and-applied-statistics,applicable,所有3个有效回答一致,3,3,applicable,applicable,applicable
Cornell University,M.P.S.,Applied Statistics (Data Science) , 计算与信息科学学院,https://gradschool.cornell.edu/academics/fields-of-study/subject/statistics/applied-statistics-mps-as-ithaca/,https://stat.cornell.edu/academics/mps-data-science-and-applied-statistics,applicable,所有3个有效回答一致,3,3,applicable,applicable,applicable
University of Chicago,MScA,Applied Data Science,物理科学部,https://datascience.uchicago.edu/education/masters-programs/ms-in-applied-data-science/how-to-apply/,https://datascience.uchicago.edu/education/masters-programs/ms-in-applied-data-science/,applicable,所有3个有效回答一致,3,3,applicable,applicable,applicable
University of Chicago,MS,Data Science ,物理科学部,https://codas.uchicago.edu/how-to-apply/,https://codas.uchicago.edu/academics/ms-data-science/,applicable,所有3个有效回答一致,3,3,applicable,applicable,applicable
University of Chicago,Ph.D,Data Science ,物理科学部,https://codas.uchicago.edu/how-to-apply/,https://codas.uchicago.edu/academics/phd-in-data-science/,applicable,所有3个有效回答一致,3,3,applicable,applicable,applicable
"University of California, Berkeley",M.Eng,Data Science  ,电子工程和计算机科学系,https://grad.berkeley.edu/program/electrical-engineering-computer-sciences-meng/,https://eecs.berkeley.edu/academics/graduate/industry-programs/meng/,applicable,所有3个有效回答一致,3,3,applicable,applicable,applicable
"University of California, Berkeley",MAna,Master of Analytics,工业工程与运筹学系,https://grad.berkeley.edu/program/master-of-analytics-manlytx/,https://analytics.berkeley.edu/,applicable,所有3个有效回答一致,3,3,applicable,applicable,applicable
"University of California, Los Angeles",MENG,Data Science ,工程与应用科学学院,https://grad.ucla.edu/programs/school-of-engineering-and-applied-science/engineering-master-of-engineering/,https://www.meng.ucla.edu/,applicable,Majority vote: 2/3,3,3,applicable,not_applicable,applicable
"University of California, Los Angeles",M.A.S.D.S,Master of Applied Statistics and Data Science,物理科学学院,https://grad.ucla.edu/programs/physical-sciences/statistics-and-data-science-department/statistics-master-of-applied-statistics-and-data-science/,https://master.stat.ucla.edu/,,所有回答无效,0,3,invalid,invalid,invalid
Rice University,MDS,Master of Data Science,工程学院,https://cs.rice.edu/academics/graduate-programs/admission/graduate-program-application,https://cs.rice.edu/academics/graduate-programs/professional-master-data-science,not applicable,所有2个有效回答一致,2,2,invalid,not_applicable,not_applicable
Vanderbilt University,MS,Data Science ,文理学院,https://www.vanderbilt.edu/datascience/msprogram/admissions/,https://www.vanderbilt.edu/datascience/msprogram/,applicable,所有3个有效回答一致,3,3,applicable,applicable,applicable
University of Notre Dame,PHD,PHD IN ANALYTICS,商学院,https://graduateschool.nd.edu/degree-programs/analytics-phd---doctoral/,https://mendoza.nd.edu/research-faculty/academic-departments/phd-analytics/,applicable,所有3个有效回答一致,3,3,applicable,applicable,applicable
University of Notre Dame,M.S.,Applied and Computational Mathematics ,理学院,https://graduateschool.nd.edu/degree-programs/applied-and-computational-mathematics-and-statistics-ms---masters-professional/,https://acms.nd.edu/graduate/professional-masters-programs/,applicable,所有3个有效回答一致,3,3,applicable,applicable,applicable
University of Notre Dame,M.S.,Applied and Computational Mathematics ,理学院,https://graduateschool.nd.edu/degree-programs/applied-and-computational-mathematics-and-statistics-ms---masters-professional/,https://acms.nd.edu/graduate/professional-masters-programs/,applicable,所有3个有效回答一致,3,3,applicable,applicable,applicable
"University of Michigan, Ann Arbor",MENG,Data Science and Machine Learning,工程学院,https://ece.engin.umich.edu/academics/graduate-programs/prospective-grad-students/apply-for-grad/apply-for-meng/,https://ece.engin.umich.edu/academics/graduate-programs/prospective-grad-students/about-the-master-of-engineering-meng-program/,not applicable,只有一个有效回答,1,3,invalid,invalid,not_applicable
"University of Michigan, Ann Arbor",Ph.D,Industrial and Operations Engineering,工程学院,https://ioe.engin.umich.edu/graduate/phd-program/phd-admissions-planning/,https://ioe.engin.umich.edu/graduate/phd-program/,applicable,所有3个有效回答一致,3,3,applicable,applicable,applicable
"University of Michigan, Ann Arbor",MS,Industrial and Operations Engineering,工程学院,https://ioe.engin.umich.edu/graduate/masters-program/masters-admissions-planning/,https://ioe.engin.umich.edu/graduate/masters-program/masters-program-curriculum/,applicable,所有3个有效回答一致,3,3,applicable,applicable,applicable
"University of Michigan, Ann Arbor",MSE,Industrial and Operations Engineering,工程学院,https://ioe.engin.umich.edu/graduate/masters-program/masters-admissions-planning/,https://ioe.engin.umich.edu/graduate/masters-program/masters-program-curriculum/,applicable,所有3个有效回答一致,3,3,applicable,applicable,applicable
"University of Michigan, Ann Arbor",MS,Industrial and Operations Engineering,工程学院,https://ioe.engin.umich.edu/graduate/masters-program/masters-admissions-planning/,https://ioe.engin.umich.edu/graduate/masters-program/masters-program-curriculum/,applicable,所有3个有效回答一致,3,3,applicable,applicable,applicable
"University of Michigan, Ann Arbor",MSE,Industrial and Operations Engineering,工程学院,https://ioe.engin.umich.edu/graduate/masters-program/masters-admissions-planning/,https://ioe.engin.umich.edu/graduate/masters-program/masters-program-curriculum/,applicable,所有3个有效回答一致,3,3,applicable,applicable,applicable
"University of Michigan, Ann Arbor",Ph.D,Information,信息学院,https://www.si.umich.edu/programs/phd-information/how-do-i-apply,https://www.si.umich.edu/programs/phd-information,applicable,所有3个有效回答一致,3,3,applicable,applicable,applicable
"University of Michigan, Ann Arbor",MS,Information,信息学院,https://www.si.umich.edu/programs/master-science-information/how-do-i-apply,https://www.si.umich.edu/programs/master-science-information,applicable,所有2个有效回答一致,2,2,invalid,applicable,applicable
"University of Michigan, Ann Arbor",MS,Data Science ,文化、科学与艺术学院,https://lsa.umich.edu/stats/masters_students/prospective-masters-students/data-science-masters-application.html,https://lsa.umich.edu/stats/masters_students/mastersprograms/data-science-masters-program.html,applicable,所有3个有效回答一致,3,3,applicable,applicable,applicable
"University of North Carolina, Chapel Hill",MS,"MS program in Statistics, Analytics and Data Science (STANDS)",文理学院,https://gradschool.sites.unc.edu/statistics-and-operations-research/,https://stor.unc.edu/ms/program/,applicable,所有3个有效回答一致,3,3,applicable,applicable,applicable
Georgetown University,M.S.,Master of Science in Data Science and Analytics,文理研究生院,https://grad.georgetown.edu/data-science-analytics/,https://analytics.georgetown.edu/,applicable,所有3个有效回答一致,3,3,applicable,applicable,applicable
Georgetown University,M.S.,Mathematics & Statistics ,文理研究生院,https://grad.georgetown.edu/mathematics-and-statistics/,https://mathstat.georgetown.edu/graduate/,applicable,Majority vote: 2/3,3,3,applicable,applicable,not_applicable
Georgetown University,M.S.,Mathematics & Statistics ,文理研究生院,https://grad.georgetown.edu/mathematics-and-statistics/,https://mathstat.georgetown.edu/graduate/,applicable,所有2个有效回答一致,2,3,applicable,invalid,applicable
Emory University,MS,Quantitative Theory and Methods,研究生院,https://quantitative.emory.edu/academics/masters/Who-Should-Apply.html,https://quantitative.emory.edu/academics/masters/index.html,applicable,所有3个有效回答一致,3,3,applicable,applicable,applicable
University of Virginia,PHD,Data Analytics and Decision Science,达顿商学院,https://www.darden.virginia.edu/phd/application-requirements,https://www.darden.virginia.edu/phd/data-analytics-and-decision-science,,"平票: {'not_applicable': 1, 'applicable': 1}",2,2,not_applicable,invalid,applicable
University of Virginia,MSDS,Data Science,数据科学学院,https://datascience.virginia.edu/msds/admissions,https://datascience.virginia.edu/degrees/msds-residential,applicable,所有3个有效回答一致,3,3,applicable,applicable,applicable
University of Virginia,PHD,Data Science,数据科学学院,https://datascience.virginia.edu/phd/admissions,https://datascience.virginia.edu/degrees/phd,applicable,所有3个有效回答一致,3,3,applicable,applicable,applicable
Carnegie Mellon University,MITS,Master of Information Technology Strategy (MITS),人文与社会科学学院,https://www.cmu.edu/cmist/academics/graduate-programs/mits/mits-admissions.html,https://www.cmu.edu/cmist/academics/graduate-programs/msirp/index.html,,所有回答无效,0,3,invalid,invalid,invalid
Carnegie Mellon University,MADS,Master of Science in Applied Data Science (MADS),人文与社会科学学院,https://www.cmu.edu/dietrich/statistics-datascience/academics/mads/how-to-apply.html,https://www.cmu.edu/dietrich/statistics-datascience/academics/mads/index.html,not applicable,只有一个有效回答,1,3,invalid,not_applicable,invalid
Carnegie Mellon University,MISM,Information Systems Management（BUSINESS INTELLIGENCE & DATA ANALYTICS）,信息系统与公共政策学院 ,https://www.heinz.cmu.edu/admissions/information-systems-management/,https://www.heinz.cmu.edu/programs/information-systems-management-master/,applicable,所有3个有效回答一致,3,3,applicable,applicable,applicable
Carnegie Mellon University,MISM,Information Systems Management（BUSINESS INTELLIGENCE & DATA ANALYTICS）,信息系统与公共政策学院 ,https://www.heinz.cmu.edu/admissions/information-systems-management/,https://www.heinz.cmu.edu/programs/information-systems-management-master/,not applicable,所有3个有效回答一致,3,3,not_applicable,not_applicable,not_applicable
Carnegie Mellon University,MS,MS in DATA ANALYTICS FOR SCIENCE,科学学院,https://www.cmu.edu/mcs/grad/programs/ms-data-analytics/application-process.html,https://www.cmu.edu/mcs/grad/programs/ms-data-analytics/index.html,applicable,所有3个有效回答一致,3,3,applicable,applicable,applicable
Carnegie Mellon University,MCDS,Computational Data Science,计算机科学学院,https://mcds.cs.cmu.edu/apply-mcds-program,https://mcds.cs.cmu.edu/learn-us-requirements,applicable,Majority vote: 2/3,3,3,applicable,not_applicable,applicable
Carnegie Mellon University,MCDS,Computational Data Science,计算机科学学院,https://mcds.cs.cmu.edu/apply-mcds-program,https://mcds.cs.cmu.edu/learn-us-requirements,,"平票: {'not_applicable': 1, 'applicable': 1}",2,3,invalid,not_applicable,applicable
Washington University in St. Louis,MS,MS in Engineering Data Analytics & Statistics,工程学院,https://engineering.wustl.edu/academics/graduate-admissions/application-checklist.html,https://ese.wustl.edu/academics/graduate-programs/masters-and-certificates/MS-in-Data-Analytics-Statistics.html,applicable,所有3个有效回答一致,3,3,applicable,applicable,applicable
Washington University in St. Louis,MS,MS in Engineering Data Analytics & Statistics,工程学院,https://engineering.wustl.edu/academics/graduate-admissions/application-checklist.html,https://ese.wustl.edu/academics/graduate-programs/masters-and-certificates/MS-in-Data-Analytics-Statistics.html,applicable,所有3个有效回答一致,3,3,applicable,applicable,applicable
Washington University in St. Louis,PHD,Computational & Data Sciences ,工程学院,https://engineering.wustl.edu/academics/graduate-admissions/application-checklist.html,https://datasciences.wustl.edu/,applicable,所有3个有效回答一致,3,3,applicable,applicable,applicable
Washington University in St. Louis,MS,Master of Data Analytics & Applications,继续和专业教育学院,https://caps.washu.edu/student-success/graduate-application-requirements/,https://caps.washu.edu/lp/master-of-data-analytics-applications/,,所有回答无效,0,3,invalid,invalid,invalid
Washington University in St. Louis,MS,Master of Data Analytics & Applications,继续和专业教育学院,https://caps.washu.edu/student-success/graduate-application-requirements/,https://caps.washu.edu/lp/master-of-data-analytics-applications/,,所有回答无效,0,3,invalid,invalid,invalid
University of Florida,M.S.,Information Systems and Operations Management：Data Science,商学院,https://warrington.ufl.edu/master-of-science-in-information-systems-and-operations-management/admissions/,https://warrington.ufl.edu/master-of-science-in-information-systems-and-operations-management/program-options/,not applicable,所有2个有效回答一致,2,3,not_applicable,not_applicable,invalid
University of Florida,M.S.,Information Systems and Operations Management：Data Science,商学院,https://warrington.ufl.edu/master-of-science-in-information-systems-and-operations-management/admissions/,https://warrington.ufl.edu/master-of-science-in-information-systems-and-operations-management/program-options/,,所有回答无效,0,2,invalid,invalid,invalid
University of Florida,M.S.,Information Systems and Operations Management：Data Science,商学院,https://warrington.ufl.edu/master-of-science-in-information-systems-and-operations-management/admissions/,https://warrington.ufl.edu/master-of-science-in-information-systems-and-operations-management/program-options/,not applicable,只有一个有效回答,1,2,invalid,not_applicable,invalid
University of Florida,M.S.,Information Systems and Operations Management：Data Science,商学院,https://warrington.ufl.edu/master-of-science-in-information-systems-and-operations-management/admissions/,https://warrington.ufl.edu/master-of-science-in-information-systems-and-operations-management/program-options/,,所有回答无效,0,3,invalid,invalid,invalid
"University of California, Davis",MS,Statistics- DATA SCIENCE TRACK (48 units),文学与科学学院,https://statistics.ucdavis.edu/grad/admissions,https://statistics.ucdavis.edu/grad/ms,not applicable,Majority vote: 2/3,3,3,not_applicable,applicable,not_applicable
"University of California, San Diego",PhD,Data Science,数据科学研究所,https://datascience.ucsd.edu/graduate/graduate-admissions/,https://datascience.ucsd.edu/graduate/phd-program/,applicable,所有3个有效回答一致,3,3,applicable,applicable,applicable
"University of California, San Diego",MS,Data Science,数据科学研究所,https://datascience.ucsd.edu/graduate/graduate-admissions/,https://datascience.ucsd.edu/graduate/ms-program/,applicable,所有3个有效回答一致,3,3,applicable,applicable,applicable
"University of California, San Diego",MS,Machine Learning and Data Science ,工程学院,https://www.ece.ucsd.edu/graduate/graduate-admissions,https://www.ece.ucsd.edu/graduate/information-new-ece-graduate-students,applicable,所有3个有效回答一致,3,3,applicable,applicable,applicable
"University of California, San Diego",PHD,Machine Learning and Data Science ,工程学院,https://www.ece.ucsd.edu/graduate/graduate-admissions,https://www.ece.ucsd.edu/graduate/information-new-ece-graduate-students,applicable,所有3个有效回答一致,3,3,applicable,applicable,applicable
University of Southern California,PhD,Business Administration( Data Sciences & Operations),商学院,https://www.marshall.usc.edu/programs/graduate-programs/phd-program/admissions,https://www.marshall.usc.edu/programs/graduate-programs/phd-program/data-sciences-operations,applicable,所有3个有效回答一致,3,3,applicable,applicable,applicable
University of Southern California,M.S.,Computer Science (Data Science),工程学院,https://viterbigradadmission.usc.edu/programs/masters/msprograms/computer-science/ms-cs-data-science/,https://viterbigradadmission.usc.edu/programs/masters/msprograms/computer-science/ms-cs-data-science/,applicable,所有3个有效回答一致,3,3,applicable,applicable,applicable
University of Southern California,M.S.,Computer Science (Data Science),工程学院,https://viterbigradadmission.usc.edu/programs/masters/msprograms/computer-science/ms-cs-data-science/,https://viterbigradadmission.usc.edu/programs/masters/msprograms/computer-science/ms-cs-data-science/,applicable,所有3个有效回答一致,3,3,applicable,applicable,applicable
University of Southern California,M.S.,Applied Data Science,工程学院,https://viterbigradadmission.usc.edu/programs/masters/msprograms/data-science/ms-applied-data-science/,https://viterbigradadmission.usc.edu/programs/masters/msprograms/data-science/ms-applied-data-science/,applicable,所有3个有效回答一致,3,3,applicable,applicable,applicable
University of Southern California,M.S.,Applied Data Science,工程学院,https://viterbigradadmission.usc.edu/programs/masters/msprograms/data-science/ms-applied-data-science/,https://viterbigradadmission.usc.edu/programs/masters/msprograms/data-science/ms-applied-data-science/,applicable,所有3个有效回答一致,3,3,applicable,applicable,applicable
University of Southern California,M.S.,ECE-Machine Learning and Data Science,工程学院,https://viterbigradadmission.usc.edu/programs/masters/msprograms/electrical-computer-engineering/ms-in-electrical-and-computer-engineering-machine-learning-and-data-science/,https://viterbigradadmission.usc.edu/programs/masters/msprograms/electrical-computer-engineering/ms-in-electrical-and-computer-engineering-machine-learning-and-data-science/,applicable,所有3个有效回答一致,3,3,applicable,applicable,applicable
University of Southern California,M.S.,ECE-Machine Learning and Data Science,工程学院,https://viterbigradadmission.usc.edu/programs/masters/msprograms/electrical-computer-engineering/ms-in-electrical-and-computer-engineering-machine-learning-and-data-science/,https://viterbigradadmission.usc.edu/programs/masters/msprograms/electrical-computer-engineering/ms-in-electrical-and-computer-engineering-machine-learning-and-data-science/,applicable,所有3个有效回答一致,3,3,applicable,applicable,applicable
University of Southern California,M.S.,Analytics,工程学院,https://viterbigradadmission.usc.edu/programs/masters/msprograms/industrial-systems-engineering/ms-analytics/,https://viterbigradadmission.usc.edu/programs/masters/msprograms/industrial-systems-engineering/ms-analytics/,applicable,所有3个有效回答一致,3,3,applicable,applicable,applicable
University of Southern California,M.S.,Analytics,工程学院,https://viterbigradadmission.usc.edu/programs/masters/msprograms/industrial-systems-engineering/ms-analytics/,https://viterbigradadmission.usc.edu/programs/masters/msprograms/industrial-systems-engineering/ms-analytics/,applicable,所有3个有效回答一致,3,3,applicable,applicable,applicable
University of Southern California,M.S.,Mathematical Data Science M.S.,文理学院,https://dornsife.usc.edu/math-data-science/admissions-2/,https://dornsife.usc.edu/math-data-science/,applicable,所有3个有效回答一致,3,3,applicable,applicable,applicable
"University of Texas, Austin", Ph.D.,Electrical and Computer Engineering ,工程学院,https://www.ece.utexas.edu/academics/graduate/admissions,https://www.ece.utexas.edu/academics/graduate/degrees,applicable,所有3个有效回答一致,3,3,applicable,applicable,applicable
"University of Texas, Austin", Ph.D.,Electrical and Computer Engineering ,工程学院,https://www.ece.utexas.edu/academics/graduate/admissions,https://www.ece.utexas.edu/academics/graduate/degrees,applicable,所有3个有效回答一致,3,3,applicable,applicable,applicable
"University of Texas, Austin",MSE ,Electrical and Computer Engineering,工程学院,https://www.ece.utexas.edu/academics/graduate/admissions,https://www.ece.utexas.edu/academics/graduate/degrees,applicable,所有3个有效回答一致,3,3,applicable,applicable,applicable
"University of Texas, Austin",MSE ,Electrical and Computer Engineering,工程学院,https://www.ece.utexas.edu/academics/graduate/admissions,https://www.ece.utexas.edu/academics/graduate/degrees,applicable,所有3个有效回答一致,3,3,applicable,applicable,applicable
"University of California, Irvine",MDS,Master of Data Science,信息与计算机科学学院,https://mds.ics.uci.edu/overview/admissions/,https://mds.ics.uci.edu/,applicable,所有3个有效回答一致,3,3,applicable,applicable,applicable
Georgia Institute of Technology,MS,Analytics,商学院,https://www.analytics.gatech.edu/admissions,https://www.analytics.gatech.edu/,applicable,所有3个有效回答一致,3,3,applicable,applicable,applicable
"University of California, Santa Barbara",MA,Statistics-Data Science,文理学院,https://www.graddiv.ucsb.edu/graduate-programs/departments/statistics,https://www.pstat.ucsb.edu/graduate/ma,applicable,所有3个有效回答一致,3,3,applicable,applicable,applicable
"University of California, Santa Barbara",MA,Statistics-Data Science,文理学院,https://www.graddiv.ucsb.edu/graduate-programs/departments/statistics,https://www.pstat.ucsb.edu/graduate/ma,applicable,所有3个有效回答一致,3,3,applicable,applicable,applicable
"University of California, Santa Barbara",MA,Statistics-Data Science,文理学院,https://www.graddiv.ucsb.edu/graduate-programs/departments/statistics,https://www.pstat.ucsb.edu/graduate/ma,applicable,所有3个有效回答一致,3,3,applicable,applicable,applicable
New York University,Ph.D,Data Science ,文理研究生院,https://gsas.nyu.edu/admissions/arc/programs/data-science.html,https://cds.nyu.edu/phd-curriculum/,applicable,所有3个有效回答一致,3,3,applicable,applicable,applicable
New York University,MS,Data Science ,文理研究生院,https://gsas.nyu.edu/admissions/arc/programs/data-science.html,https://cds.nyu.edu/masters-in-data-science-curriculum/,applicable,所有3个有效回答一致,3,3,applicable,applicable,applicable
New York University,MS,Data Science （Industry Concentration）,文理研究生院,https://gsas.nyu.edu/admissions/arc/programs/data-science.html,https://cds.nyu.edu/masters-in-data-science-industry-concentration/,applicable,所有3个有效回答一致,3,3,applicable,applicable,applicable
New York University,MS,MS in Data Analytics & Business Computing,商学院,https://stern.shanghai.nyu.edu/en/admissions/ms-data-analytics-and-business-computing/application-checklist,https://stern.shanghai.nyu.edu/en/program/ms-data-analytics-business-computing,,所有回答无效,0,2,invalid,invalid,invalid
"University of Wisconsin, Madison",M.S.,MS – Data Engineering,文理学院,https://guide.wisc.edu/graduate/computer-sciences/data-engineering-ms/#admissionstext,https://www.cs.wisc.edu/our-graduate-degrees-programs/,applicable,所有3个有效回答一致,3,3,applicable,applicable,applicable
"University of Wisconsin, Madison",MS,Statistics and Data Science,文理学院,https://guide.wisc.edu/graduate/statistics/statistics-ms/statistics-statistics-data-science-ms/#admissionstext,https://stat.wisc.edu/graduate-admissions/data-science-option/,applicable,Majority vote: 2/3,3,3,not_applicable,applicable,applicable
"University of Wisconsin, Madison",MS,Statistics and Data Science,文理学院,https://guide.wisc.edu/graduate/statistics/statistics-ms/statistics-statistics-data-science-ms/#admissionstext,https://stat.wisc.edu/graduate-admissions/data-science-option/,applicable,Majority vote: 2/3,3,3,not_applicable,applicable,applicable
"University of Wisconsin, Madison",MS,Data Science,文理学院,https://guide.wisc.edu/graduate/statistics/data-science-ms/#admissionstext,https://stat.wisc.edu/graduate-admissions/ms-datascience/,,"平票: {'applicable': 1, 'not_applicable': 1}",2,2,invalid,applicable,not_applicable
"University of Illinois, Urbana-Champaign",MS,Data Science + CEE M.S.,工程学院,https://cee.illinois.edu/admissions/graduate/admission-requirements-and-process,https://cee.illinois.edu/academics/graduate-programs/ms-degree-and-curriculum,applicable,所有3个有效回答一致,3,3,applicable,applicable,applicable
"University of Illinois, Urbana-Champaign",MS,Data Science + CEE M.S.,工程学院,https://cee.illinois.edu/admissions/graduate/admission-requirements-and-process,https://cee.illinois.edu/academics/graduate-programs/ms-degree-and-curriculum,applicable,所有3个有效回答一致,3,3,applicable,applicable,applicable
"University of Illinois, Urbana-Champaign",MS,MS in Industrial Engineering with the Advanced Analytics Concentration,工程学院,https://ise.illinois.edu/graduate/admissions/international-applicants,https://ise.illinois.edu/graduate/degrees-and-programs/advanced-analytics-concentration,applicable,所有2个有效回答一致,2,3,applicable,applicable,invalid
"University of Illinois, Urbana-Champaign",MS,MS in Industrial Engineering with the Advanced Analytics Concentration,工程学院,https://ise.illinois.edu/graduate/admissions/international-applicants,https://ise.illinois.edu/graduate/degrees-and-programs/advanced-analytics-concentration,applicable,所有2个有效回答一致,2,3,invalid,applicable,applicable
"University of Illinois, Urbana-Champaign",,Data Science & Engineering (DSE),工程学院,,https://cse.illinois.edu/cse-educational-programs/dse-graduate-concentration/,applicable,所有3个有效回答一致,3,3,applicable,applicable,applicable
"University of Illinois, Urbana-Champaign",MS,MS in Information Management,信息科学学院,https://ischool.illinois.edu/degrees-programs/graduate/ms-information-management/apply,https://ischool.illinois.edu/degrees-programs/graduate/ms-information-management,applicable,所有2个有效回答一致,2,3,applicable,invalid,applicable
"University of Illinois, Urbana-Champaign",MS,MS in Information Management,信息科学学院,https://ischool.illinois.edu/degrees-programs/graduate/ms-information-management/apply,https://ischool.illinois.edu/degrees-programs/graduate/ms-information-management,not applicable,只有一个有效回答,1,3,not_applicable,invalid,invalid
"University of Illinois, Urbana-Champaign",MS,statistics-analytics,文理学院,https://stat.illinois.edu/admissions/prospective-graduate-students/application-requirements,https://stat.illinois.edu/academics/graduate-programs/ms-statistics-analytics,,所有回答无效,0,2,invalid,invalid,invalid
"University of Illinois, Urbana-Champaign",MS,statistics-analytics,文理学院,https://stat.illinois.edu/admissions/prospective-graduate-students/application-requirements,https://stat.illinois.edu/academics/graduate-programs/ms-statistics-analytics,applicable,只有一个有效回答,1,3,invalid,invalid,applicable
Boston College,MS,Master of Science (M.S.) in Applied Analytics,高级研究学院,https://www.bc.edu/content/bc-web/schools/wcas/graduate/masters-programs/ms-applied-analytics.html,https://www.bc.edu/content/bc-web/schools/wcas/graduate/masters-programs/ms-applied-analytics.html,applicable,所有3个有效回答一致,3,3,applicable,applicable,applicable
Boston College,MS,Master of Science (M.S.) in Applied Analytics,高级研究学院,https://www.bc.edu/content/bc-web/schools/wcas/graduate/masters-programs/ms-applied-analytics.html,https://www.bc.edu/content/bc-web/schools/wcas/graduate/masters-programs/ms-applied-analytics.html,applicable,所有3个有效回答一致,3,3,applicable,applicable,applicable
Boston College,MS,Master of Science (M.S.) in Applied Analytics,高级研究学院,https://www.bc.edu/content/bc-web/schools/wcas/graduate/masters-programs/ms-applied-analytics.html,https://www.bc.edu/content/bc-web/schools/wcas/graduate/masters-programs/ms-applied-analytics.html,applicable,所有3个有效回答一致,3,3,applicable,applicable,applicable
University of Washington,MS,Data Science - Interdisciplinary Group (MS in Data Science) ,文理学院,https://apply.grad.uw.edu/portal/prog_detail_find_a_program?progid=0-R-DATA-00-26,https://www.washington.edu/datasciencemasters/,applicable,所有3个有效回答一致,3,3,applicable,applicable,applicable
University of Washington,PHD,Mathematics (PhD) —Data Science Option,文理学院,https://apply.grad.uw.edu/portal/prog_detail_find_a_program?progid=0-C-MATH-00-30,https://math.washington.edu/graduate-program,applicable,所有3个有效回答一致,3,3,applicable,applicable,applicable
University of Washington,PHD,Statistics (PhD)：ADVANCED DATA SCIENCE (ADS) TRACK,文理学院,https://apply.grad.uw.edu/portal/prog_detail_find_a_program?progid=0-C-STAT-00-30,https://stat.uw.edu/academics/graduate/programs/phd,applicable,所有3个有效回答一致,3,3,applicable,applicable,applicable
University of Washington,PHD,Statistics (PhD)-Machine Learning and Big Data,文理学院,https://apply.grad.uw.edu/portal/prog_detail_find_a_program?progid=0-C-STAT-00-30,https://stat.uw.edu/academics/graduate/programs/phd,applicable,所有3个有效回答一致,3,3,applicable,applicable,applicable
University of Washington,MS,Statistics - (MS - Advanced Methods & Data Analysis - Fulltime) ,文理学院,https://apply.grad.uw.edu/portal/prog_detail_find_a_program?progid=0-C-STAT-20-25,https://stat.uw.edu/academics/graduate/programs/fulltimemasters,applicable,所有3个有效回答一致,3,3,applicable,applicable,applicable
"Rutgers University, New Brunswick",M.S.,MS in Information Technology and Analytics,商学院,https://www.business.rutgers.edu/masters-information-technology-analytics/admissions,https://www.business.rutgers.edu/masters-information-technology-analytics,applicable,所有3个有效回答一致,3,3,applicable,applicable,applicable
"Rutgers University, New Brunswick",M.S.,MS in Information Technology and Analytics,商学院,https://www.business.rutgers.edu/masters-information-technology-analytics/admissions,https://www.business.rutgers.edu/masters-information-technology-analytics,applicable,所有3个有效回答一致,3,3,applicable,applicable,applicable
"Rutgers University, New Brunswick",MI,Master of Information,传播与信息学院,https://comminfo.rutgers.edu/graduate-programs/master-information/mi-admission,https://comminfo.rutgers.edu/graduate-programs/master-information,applicable,所有3个有效回答一致,3,3,applicable,applicable,applicable
"Rutgers University, New Brunswick",MI,Master of Information,传播与信息学院,https://comminfo.rutgers.edu/graduate-programs/master-information/mi-admission,https://comminfo.rutgers.edu/graduate-programs/master-information,applicable,所有3个有效回答一致,3,3,applicable,applicable,applicable
"Rutgers University, New Brunswick",MI,Master of Information,传播与信息学院,https://comminfo.rutgers.edu/graduate-programs/master-information/mi-admission,https://comminfo.rutgers.edu/graduate-programs/master-information,applicable,所有3个有效回答一致,3,3,applicable,applicable,applicable
"Rutgers University, New Brunswick",MS,Data Science  ,文理学院,https://msds-stat.rutgers.edu/msds-admissions/msds-adminfo2,https://msds-stat.rutgers.edu/,applicable,Majority vote: 2/3,3,3,not_applicable,applicable,applicable
"Rutgers University, New Brunswick",MS,Data Science  ,文理学院,https://msds-stat.rutgers.edu/msds-admissions/msds-adminfo2,https://msds-stat.rutgers.edu/,applicable,Majority vote: 2/3,3,3,applicable,not_applicable,applicable
"Rutgers University, New Brunswick",MBS,Business and Science - Computer and Information Sciences,文理学院,https://grad.admissions.rutgers.edu/GraduateProgram/Detail.aspx?id=a501U0000004gG8QAI,https://mbs.rutgers.edu/personhybrid-mbs-concentrations,applicable,所有3个有效回答一致,3,3,applicable,applicable,applicable
"Rutgers University, New Brunswick",MBS,Business and Science - Computer and Information Sciences,文理学院,https://grad.admissions.rutgers.edu/GraduateProgram/Detail.aspx?id=a501U0000004gG9QAI,https://mbs.rutgers.edu/personhybrid-mbs-concentrations,applicable,所有3个有效回答一致,3,3,applicable,applicable,applicable
Tufts University,MS,Data Analytics ,文理学院,https://asegrad.tufts.edu/program/data-analytics-masters,https://as.tufts.edu/dataanalytics/academics/masters-program,applicable,所有3个有效回答一致,3,3,applicable,applicable,applicable
Tufts University,MS,Data Science ,工程学院,https://asegrad.tufts.edu/program/data-science-masters,https://engineering.tufts.edu/datascience/academics/ms-data-science,applicable,所有3个有效回答一致,3,3,applicable,applicable,applicable
Tufts University,MS,Data Science ,工程学院,https://asegrad.tufts.edu/program/data-science-masters,https://engineering.tufts.edu/datascience/academics/ms-data-science,applicable,所有3个有效回答一致,3,3,applicable,applicable,applicable
Boston University,MS,Computer Science ：data-centric computing.,艺术与科学学院,https://www.bu.edu/cs/masters/admissions/,https://www.bu.edu/cs/masters/program/cs/,applicable,所有3个有效回答一致,3,3,applicable,applicable,applicable
Boston University,MS, Master of Science in Statistical Practice,艺术与科学学院,https://www.bu.edu/mssp/admission/,https://www.bu.edu/mssp/,applicable,所有3个有效回答一致,3,3,applicable,applicable,applicable
Boston University,MS,Data Analytics,工程学院,https://www.bu.edu/eng/admissions/graduate/graduate-admissions/application-deadlines-requirements/,https://www.bu.edu/eng/academics/explore-degree-programs/masters-degree-specializations/,applicable,所有3个有效回答一致,3,3,applicable,applicable,applicable
Boston University,PHD, PhD program in Computing & Data Sciences,计算与数据科学学院,https://www.bu.edu/cds-faculty/programs-admissions/phd-degree/,https://www.bu.edu/cds-faculty/programs-admissions/phd-degree/,applicable,所有3个有效回答一致,3,3,applicable,applicable,applicable
Boston University,M.S.,MS in Data Science (MSDS),计算与数据科学学院,https://www.bu.edu/cds-faculty/programs-admissions/ms-data-science/msds-admissions-requirements/,https://www.bu.edu/cds-faculty/programs-admissions/ms-data-science/,applicable,所有3个有效回答一致,3,3,applicable,applicable,applicable
Boston University,MS,MS in Applied Data Analytics,Metropolitan College,https://www.bu.edu/met/admissions/apply-now-graduate/,https://www.bu.edu/met/degrees-certificates/ms-applied-data-analytics/,applicable,所有3个有效回答一致,3,3,applicable,applicable,applicable
Boston University,MS,"MS in Computer Information Systems, Data Analytics Concentration",Metropolitan College,https://www.bu.edu/met/admissions/apply-now-graduate/,https://www.bu.edu/met/degrees-certificates/ms-computer-information-systems-data-analytics/,not applicable,只有一个有效回答,1,3,not_applicable,invalid,invalid
Boston University,MS,"MS in Computer Information Systems, Database Management & Business Intelligence Concentration",Metropolitan College,https://www.bu.edu/met/admissions/apply-now-graduate/,https://www.bu.edu/met/degrees-certificates/ms-computer-information-systems-database-management-business-intelligence/,not applicable,Majority vote: 2/3,3,3,not_applicable,applicable,not_applicable
Boston University,MS,"MS in Computer Science, Data Analytics Concentration",Metropolitan College,https://www.bu.edu/met/admissions/apply-now-graduate/,https://www.bu.edu/met/degrees-certificates/ms-computer-science-data-analytics/,applicable,所有2个有效回答一致,2,3,applicable,applicable,invalid
"Ohio State University, Columbus",MS,Industrial and Systems Engineering（Data Analytics and Optimization）,工程学院,https://gpadmissions.osu.edu/programs/program.aspx?prog=0120#&&tab=apply,https://ise.osu.edu/graduate-program/graduate-study-programs-ise,applicable,所有3个有效回答一致,3,3,applicable,applicable,applicable
"Ohio State University, Columbus",MS,Industrial and Systems Engineering（Data Analytics and Optimization）,工程学院,https://gpadmissions.osu.edu/programs/program.aspx?prog=0120#&&tab=apply,https://ise.osu.edu/graduate-program/graduate-study-programs-ise,applicable,所有2个有效回答一致,2,3,applicable,invalid,applicable
"Ohio State University, Columbus",MS,Industrial and Systems Engineering（Data Analytics and Optimization）,工程学院,https://gpadmissions.osu.edu/programs/program.aspx?prog=0120#&&tab=apply,https://ise.osu.edu/graduate-program/graduate-study-programs-ise,applicable,所有3个有效回答一致,3,3,applicable,applicable,applicable
"University of Maryland, College Park",MPS,Data Science ,计算机、数学与自然科学学院,https://gradschool.umd.edu/computermathematicalnatural-sciences/sads,https://cmns.umd.edu/graduate/science-academy/data-science/masters,applicable,所有3个有效回答一致,3,3,applicable,applicable,applicable
"Texas A&M University, College Station",MS,"Master of Science in Industrial Engineering, Data Science",工程学院,https://engineering.tamu.edu/industrial/admission-and-aid/graduate-admissions/index.html,https://engineering.tamu.edu/industrial/academics/degrees/graduate/ms-ie.html,not applicable,所有3个有效回答一致,3,3,not_applicable,not_applicable,not_applicable
"Texas A&M University, College Station",MS,"Master of Science in Industrial Engineering, Data Science",工程学院,https://engineering.tamu.edu/industrial/admission-and-aid/graduate-admissions/index.html,https://engineering.tamu.edu/industrial/academics/degrees/graduate/ms-ie.html,not applicable,所有3个有效回答一致,3,3,not_applicable,not_applicable,not_applicable
"Texas A&M University, College Station",MS,MS IN STATISTICAL DATA SCIENCE,文理学院,https://stat.tamu.edu/ms-statistics/statistics-ms-admissions/,https://artsci.tamu.edu/statistics/academics/graduate/index.html,not applicable,所有3个有效回答一致,3,3,not_applicable,not_applicable,not_applicable
"Texas A&M University, College Station",MS,Master of Science in Data Science,文理学院,https://tamids.tamu.edu/academic-degrees/msds/admission-and-tuition/,https://tamids.tamu.edu/academic-degrees/msds/,not applicable,所有3个有效回答一致,3,3,not_applicable,not_applicable,not_applicable
Virginia Tech,MS,ata Analysis + Applied Statistics,理学院,https://www.stat.vt.edu/academics/graduate/graduate-admissions.html,https://www.stat.vt.edu/academics/graduate/daas-blacksburg.html,applicable,所有3个有效回答一致,3,3,applicable,applicable,applicable
Lehigh University,MS,"M.S., Data Science",工程与应用科学学院,https://engineering.lehigh.edu/datascience/academics/admissions-ms-data-science-program,https://engineering.lehigh.edu/datascience/academics/masters-science,applicable,Majority vote: 2/3,3,3,not_applicable,applicable,applicable
University of Rochester,MS,Data Science,文理学院,https://www.sas.rochester.edu/dsc/graduate/apply.html,https://www.sas.rochester.edu/dsc/graduate/ms.html,,所有回答无效,0,3,invalid,invalid,invalid
University of Rochester,MS,MS in Data Science—Genomics Track,文理学院,https://www.sas.rochester.edu/dsc/graduate/apply.html,https://www.sas.rochester.edu/dsc/graduate/ms-genomics.html,applicable,所有3个有效回答一致,3,3,applicable,applicable,applicable
University of Georgia,MS,MS in Data Science,文理学院,https://www.stat.uga.edu/prospective-graduate-students-0,https://www.stat.uga.edu/masters-degree-data-science,,"平票: {'not_applicable': 1, 'applicable': 1}",2,3,not_applicable,invalid,applicable
University of Georgia,MS,MS in Data Science,文理学院,https://www.stat.uga.edu/prospective-graduate-students-0,https://www.stat.uga.edu/masters-degree-data-science,applicable,只有一个有效回答,1,3,invalid,applicable,invalid
University of Georgia,MS,MS in Data Science,文理学院,https://www.stat.uga.edu/prospective-graduate-students-0,https://www.stat.uga.edu/masters-degree-data-science,applicable,只有一个有效回答,1,3,invalid,applicable,invalid
Northeastern University（Boston）,MS,Align DATA SCIENCE,计算机科学学院,https://www.khoury.northeastern.edu/apply/align-how-to-apply/,https://www.khoury.northeastern.edu/programs/align-masters-of-science-in-data-science/,applicable,所有3个有效回答一致,3,3,applicable,applicable,applicable
Northeastern University（Boston）,MS,Align DATA SCIENCE,计算机科学学院,https://www.khoury.northeastern.edu/apply/align-how-to-apply/,https://www.khoury.northeastern.edu/programs/align-masters-of-science-in-data-science/,applicable,所有3个有效回答一致,3,3,applicable,applicable,applicable
Northeastern University（Boston）,MS,DATA SCIENCE,计算机科学学院,https://www.khoury.northeastern.edu/apply/masters-apply/,https://www.khoury.northeastern.edu/programs/data-science-ms/,applicable,所有2个有效回答一致,2,3,invalid,applicable,applicable
Northeastern University（Boston）,MS,DATA SCIENCE,计算机科学学院,https://www.khoury.northeastern.edu/apply/masters-apply/,https://www.khoury.northeastern.edu/programs/data-science-ms/,applicable,所有2个有效回答一致,2,3,applicable,applicable,invalid
Northeastern University（Boston）,MS,Master of Science in Data Analytics Engineering,工程学院,https://coe.northeastern.edu/academics-experiential-learning/graduate-school-of-engineering/graduate-admissions/,https://mie.northeastern.edu/academics/graduate-studies/ms-daae/,applicable,Majority vote: 2/3,3,3,applicable,applicable,not_applicable
Northeastern University（Boston）,MS,Master of Science in Data Analytics Engineering,工程学院,https://coe.northeastern.edu/academics-experiential-learning/graduate-school-of-engineering/graduate-admissions/,https://mie.northeastern.edu/academics/graduate-studies/ms-daae/,applicable,所有3个有效回答一致,3,3,applicable,applicable,applicable
Northeastern University（Boston）,MS,Master of Science in Data Architecture and Management,工程学院,https://coe.northeastern.edu/academics-experiential-learning/graduate-school-of-engineering/graduate-admissions/,https://coe.northeastern.edu/academics-experiential-learning/academic-departments/mgen/ms-daam/,applicable,所有3个有效回答一致,3,3,applicable,applicable,applicable
Northeastern University（Boston）,MS,Master of Science in Data Architecture and Management,工程学院,https://coe.northeastern.edu/academics-experiential-learning/graduate-school-of-engineering/graduate-admissions/,https://coe.northeastern.edu/academics-experiential-learning/academic-departments/mgen/ms-daam/,applicable,所有3个有效回答一致,3,3,applicable,applicable,applicable
Northeastern University（Boston）,MS,Applied Math,科学学院,https://cos.northeastern.edu/admissions/graduate-programs/how-to-apply/,https://cos.northeastern.edu/master-of-science-applied-mathematics/,applicable,只有一个有效回答,1,1,applicable,invalid,invalid
Northeastern University（Boston）,MS,Applied Math,科学学院,https://cos.northeastern.edu/admissions/graduate-programs/how-to-apply/,https://cos.northeastern.edu/master-of-science-applied-mathematics/,applicable,只有一个有效回答,1,3,invalid,applicable,invalid
Northeastern University（Boston）,MPS,Analytics — Boston,专业研究学院,https://cps.northeastern.edu/admissions-aid/international-admissions/,https://cps.northeastern.edu/program/master-of-professional-studies-in-analytics-boston/,applicable,所有2个有效回答一致,2,3,invalid,applicable,applicable
Northeastern University,MS,Master of Professional Studies in Analytics,东北大学（弗吉尼亚州阿灵顿）,https://cps.northeastern.edu/admissions-aid/international-admissions/,https://arlington.northeastern.edu/programs/analytics/,applicable,只有一个有效回答,1,3,applicable,invalid,invalid
Northeastern University,MPS,Analytics — Oakland,东北大学（奥克兰校区）,https://cps.northeastern.edu/admissions-aid/international-admissions/,https://oakland.northeastern.edu/programs/master-of-professional-studies-in-analytics/,applicable,所有3个有效回答一致,3,3,applicable,applicable,applicable
Northeastern University,MPS,Analytics — Portland,东北大学（波特兰校区）,https://cps.northeastern.edu/admissions-aid/international-admissions/,https://roux.northeastern.edu/programs/master-of-professional-studies-in-analytics-portland-2/,applicable,所有2个有效回答一致,2,3,applicable,applicable,invalid
Northeastern University,MS,Align DATA SCIENCE,东北大学（波特兰校区）,https://www.khoury.northeastern.edu/apply/align-how-to-apply/,https://roux.northeastern.edu/programs/master-of-science-in-data-science-align-portland/,applicable,所有3个有效回答一致,3,3,applicable,applicable,applicable
Northeastern University,MS,Align DATA SCIENCE,东北大学（波特兰校区）,https://www.khoury.northeastern.edu/apply/align-how-to-apply/,https://roux.northeastern.edu/programs/master-of-science-in-data-science-align-portland/,applicable,所有3个有效回答一致,3,3,applicable,applicable,applicable
Northeastern University,MS,DATA SCIENCE,东北大学（波特兰校区）,https://www.khoury.northeastern.edu/apply/masters-apply/,https://roux.northeastern.edu/programs/master-of-science-in-data-science-portland/,applicable,所有3个有效回答一致,3,3,applicable,applicable,applicable
Northeastern University,MS,DATA SCIENCE,东北大学（波特兰校区）,https://www.khoury.northeastern.edu/apply/masters-apply/,https://roux.northeastern.edu/programs/master-of-science-in-data-science-portland/,applicable,所有2个有效回答一致,2,3,invalid,applicable,applicable
Northeastern University,MS,Analytics — Silicon Valley,东北大学（硅谷校区）,https://cps.northeastern.edu/admissions-aid/international-admissions/,https://siliconvalley.northeastern.edu/academic_program/master-professional-studies-analytics/,applicable,只有一个有效回答,1,3,invalid,invalid,applicable
Northeastern University,MS,Align DATA SCIENCE,东北大学（硅谷校区）,https://www.khoury.northeastern.edu/apply/align-how-to-apply/,https://siliconvalley.northeastern.edu/academic_program/align-masters-of-science-in-data-science/,applicable,所有3个有效回答一致,3,3,applicable,applicable,applicable
Northeastern University,MS,Align DATA SCIENCE,东北大学（硅谷校区）,https://www.khoury.northeastern.edu/apply/align-how-to-apply/,https://siliconvalley.northeastern.edu/academic_program/align-masters-of-science-in-data-science/,applicable,所有3个有效回答一致,3,3,applicable,applicable,applicable
Northeastern University,MS,DATA SCIENCE,东北大学（硅谷校区）,https://www.khoury.northeastern.edu/apply/masters-apply/,https://siliconvalley.northeastern.edu/academic_program/masters-of-science-in-data-science/,applicable,只有一个有效回答,1,3,invalid,invalid,applicable
Northeastern University,MS,DATA SCIENCE,东北大学（硅谷校区）,https://www.khoury.northeastern.edu/apply/masters-apply/,https://siliconvalley.northeastern.edu/academic_program/masters-of-science-in-data-science/,,"平票: {'not_applicable': 1, 'applicable': 1}",2,3,not_applicable,invalid,applicable
Northeastern University,MS,Analytics  ,东北大学（西雅图校区）,https://cps.northeastern.edu/admissions-aid/international-admissions/,https://cps.northeastern.edu/program/master-of-professional-studies-in-analytics-silicon-valley/,applicable,所有2个有效回答一致,2,3,invalid,applicable,applicable
Northeastern University,MS,Master of Science in Data Analytics Engineering,东北大学（西雅图校区）,https://coe.northeastern.edu/academics-experiential-learning/graduate-school-of-engineering/graduate-admissions/,https://seattle.northeastern.edu/academic_program/master-of-science-in-data-analytics-engineering-2/,applicable,所有2个有效回答一致,2,3,invalid,applicable,applicable
Northeastern University,MS,Master of Science in Data Analytics Engineering,东北大学（西雅图校区）,https://coe.northeastern.edu/academics-experiential-learning/graduate-school-of-engineering/graduate-admissions/,https://seattle.northeastern.edu/academic_program/master-of-science-in-data-analytics-engineering-2/,applicable,Majority vote: 2/3,3,3,applicable,applicable,not_applicable
Northeastern University,MS,Master of Science in Data Architecture and Management,东北大学（西雅图校区）,https://coe.northeastern.edu/academics-experiential-learning/graduate-school-of-engineering/graduate-admissions/,https://seattle.northeastern.edu/academic_program/master-of-science-in-data-architecture-and-management/,applicable,所有3个有效回答一致,3,3,applicable,applicable,applicable
Northeastern University,MS,Master of Science in Data Architecture and Management,东北大学（西雅图校区）,https://coe.northeastern.edu/academics-experiential-learning/graduate-school-of-engineering/graduate-admissions/,https://seattle.northeastern.edu/academic_program/master-of-science-in-data-architecture-and-management/,applicable,所有3个有效回答一致,3,3,applicable,applicable,applicable
Northeastern University,MS,Analytics ,东北大学（西雅图校区）,https://cps.northeastern.edu/admissions-aid/international-admissions/,https://seattle.northeastern.edu/academic_program/master-professional-studies-analytics/,applicable,所有3个有效回答一致,3,3,applicable,applicable,applicable
Northeastern University（Toronto）,MS,Analytics — Toronto,东北大学（加拿大多伦多校区）,https://cps.northeastern.edu/admissions-aid/international-admissions/,https://toronto.northeastern.edu/academic_program/master-of-professional-studies-in-analytics/,applicable,只有一个有效回答,1,3,invalid,invalid,applicable
Northeastern University（Vancouver）,MS,Analytics — Vancouver,东北大学（加拿大温哥华校区）,https://cps.northeastern.edu/admissions-aid/international-admissions/,https://vancouver.northeastern.edu/academic_program/master-of-professional-studies-in-analytics/,applicable,所有3个有效回答一致,3,3,applicable,applicable,applicable
Northeastern University（Vancouver）,MS,Master of Science in Data Analytics Engineering,东北大学（加拿大温哥华校区）,https://coe.northeastern.edu/academics-experiential-learning/graduate-school-of-engineering/graduate-admissions/,https://vancouver.northeastern.edu/academic_program/master-of-science-in-data-analytics-engineering/,,所有回答无效,0,3,invalid,invalid,invalid
Northeastern University（Vancouver）,MS,Master of Science in Data Analytics Engineering,东北大学（加拿大温哥华校区）,https://coe.northeastern.edu/academics-experiential-learning/graduate-school-of-engineering/graduate-admissions/,https://vancouver.northeastern.edu/academic_program/master-of-science-in-data-analytics-engineering/,,所有回答无效,0,3,invalid,invalid,invalid
Northeastern University（Boston）,硕士预科项目,Analytics（College of Professional Studies）,Global Pathways项目,https://international.northeastern.edu/global-pathways/how-to-apply/,https://international.northeastern.edu/global-pathways/program/analytics/,not applicable,所有3个有效回答一致,3,3,not_applicable,not_applicable,not_applicable
Northeastern University（Boston）,硕士预科项目,Data Analytics Engineering（College of Engineering）,Global Pathways项目,https://international.northeastern.edu/global-pathways/how-to-apply/,https://international.northeastern.edu/global-pathways/program/data-analytics-engineering/,applicable,所有2个有效回答一致,2,3,invalid,applicable,applicable
Northeastern University（Boston）,硕士预科项目,Data Analytics Engineering（College of Engineering）,Global Pathways项目,https://international.northeastern.edu/global-pathways/how-to-apply/,https://international.northeastern.edu/global-pathways/program/data-analytics-engineering/,applicable,所有3个有效回答一致,3,3,applicable,applicable,applicable
Northeastern University（Boston）,硕士预科项目,Data Architecture and Management（College of Engineering）,Global Pathways项目,https://international.northeastern.edu/global-pathways/how-to-apply/,https://international.northeastern.edu/global-pathways/program/data-architecture-and-management/,applicable,所有2个有效回答一致,2,3,invalid,applicable,applicable
Northeastern University（Boston）,硕士预科项目,Data Architecture and Management（College of Engineering）,Global Pathways项目,https://international.northeastern.edu/global-pathways/how-to-apply/,https://international.northeastern.edu/global-pathways/program/data-architecture-and-management/,applicable,所有2个有效回答一致,2,3,invalid,applicable,applicable
Florida State University,PHD,Data Science,文理学院,https://www.math.fsu.edu/apply/,https://www.math.fsu.edu/graduate-general-info/,not applicable,所有3个有效回答一致,3,3,not_applicable,not_applicable,not_applicable
Florida State University,MS,Data Science,文理学院,https://www.math.fsu.edu/apply/,https://www.math.fsu.edu/graduate-general-info/,not applicable,所有3个有效回答一致,3,3,not_applicable,not_applicable,not_applicable
Florida State University,MS,Statistical Data Science ,文理学院,https://stat.fsu.edu/graduate-program/admissions,https://stat.fsu.edu/graduate-program/master-science-degree,not applicable,所有2个有效回答一致,2,3,invalid,not_applicable,not_applicable
Florida State University,MS,Statistical Data Science ,文理学院,https://stat.fsu.edu/graduate-program/admissions,https://stat.fsu.edu/graduate-program/master-science-degree,not applicable,所有2个有效回答一致,2,3,invalid,not_applicable,not_applicable
"University of Minnesota, Twin Cities",MS,Data Science M.S.,理工学院,https://cse.umn.edu/datascience/graduate-admission-requirements,https://cse.umn.edu/datascience/masters,not applicable,所有3个有效回答一致,3,3,not_applicable,not_applicable,not_applicable
"University of Minnesota, Twin Cities",MS,M.S. in Data Science in Operations Research,理工学院,https://cse.umn.edu/isye/apply-ms-data-science-operations-research-program,https://cse.umn.edu/isye/ms-data-science-operations-research,not applicable,所有3个有效回答一致,3,3,not_applicable,not_applicable,not_applicable
"University of Minnesota, Twin Cities",MS,M.S. in Industrial and Systems Engineering (Analytics Track),理工学院,https://cse.umn.edu/isye/apply-ms-analytics,https://cse.umn.edu/isye/analytics,not applicable,所有3个有效回答一致,3,3,not_applicable,not_applicable,not_applicable
"University of Minnesota, Twin Cities",MS,MS Mathematics: Data Science,理工学院,https://cse.umn.edu/math/masters-admissions,https://cse.umn.edu/math/masters-programs,not applicable,所有3个有效回答一致,3,3,not_applicable,not_applicable,not_applicable
College of William & Mary,MS,Applied Science—Data Science,文理学院,https://www.wm.edu/as/appliedscience/graduateprogram/admission/,https://www.wm.edu/as/appliedscience/graduateprogram/,applicable,所有3个有效回答一致,3,3,applicable,applicable,applicable
College of William & Mary,Ph.D,Applied Science—Data Science,文理学院,https://www.wm.edu/as/appliedscience/graduateprogram/admission/,https://www.wm.edu/as/appliedscience/graduateprogram/,applicable,所有3个有效回答一致,3,3,applicable,applicable,applicable
College of William & Mary,MS,Applied Science—Data Science,文理学院,https://www.wm.edu/as/appliedscience/graduateprogram/admission/,https://www.wm.edu/as/appliedscience/graduateprogram/,applicable,所有3个有效回答一致,3,3,applicable,applicable,applicable
College of William & Mary,Ph.D,Applied Science—Data Science,文理学院,https://www.wm.edu/as/appliedscience/graduateprogram/admission/,https://www.wm.edu/as/appliedscience/graduateprogram/,applicable,所有3个有效回答一致,3,3,applicable,applicable,applicable
University of Connecticut,M.S.,Data Science,文理学院,https://masters.datascience.uconn.edu/apply/,https://masters.datascience.uconn.edu/on-campus-masters-in-data-science/,not applicable,所有3个有效回答一致,3,3,not_applicable,not_applicable,not_applicable
"Stony Brook University, SUNY",MS,"Data Science 
",工程与应用科学学院,https://www.stonybrook.edu/commcms/ams/graduate/_datascience.php,https://www.stonybrook.edu/commcms/ams/graduate/_datascience.php,applicable,Majority vote: 2/3,3,3,applicable,not_applicable,applicable
"Stony Brook University, SUNY",PHD,"Data Science 
",工程与应用科学学院,https://www.stonybrook.edu/commcms/ams/graduate/_datascience.php,https://www.stonybrook.edu/commcms/ams/graduate/_datascience.php,applicable,所有3个有效回答一致,3,3,applicable,applicable,applicable
"Stony Brook University, SUNY",MS,"Data Science 
",工程与应用科学学院,https://www.stonybrook.edu/commcms/ams/graduate/_datascience.php,https://www.stonybrook.edu/commcms/ams/graduate/_datascience.php,applicable,所有3个有效回答一致,3,3,applicable,applicable,applicable
"Stony Brook University, SUNY",PHD,"Data Science 
",工程与应用科学学院,https://www.stonybrook.edu/commcms/ams/graduate/_datascience.php,https://www.stonybrook.edu/commcms/ams/graduate/_datascience.php,applicable,所有3个有效回答一致,3,3,applicable,applicable,applicable
"North Carolina State University, Raleigh",MCS, Computer Science- Data Science,工程学院,https://www.csc.ncsu.edu/academics/graduate/procedure.php,https://www.csc.ncsu.edu/academics/graduate/degrees/ds.php,applicable,Majority vote: 2/3,3,3,applicable,applicable,not_applicable
"North Carolina State University, Raleigh",MS,Advanced Analytics,研究生院,https://analytics.ncsu.edu/?page_id=13892,https://analytics.ncsu.edu/,applicable,所有2个有效回答一致,2,3,applicable,applicable,invalid
"Pennsylvania State University, University Park",MS,Informatics(Data Sciences),信息科学与技术学院,https://ist.psu.edu/prospective/graduate/application/ms,https://ist.psu.edu/prospective/graduate/ms-informatics,not applicable,所有3个有效回答一致,3,3,not_applicable,not_applicable,not_applicable
Rensselaer Polytechnic Institute,MS,Information Technology,科学学院,https://admissions.rpi.edu/graduate/masters-and-phd-applicants,https://science.rpi.edu/itws/programs/graduate/ms,applicable,所有3个有效回答一致,3,3,applicable,applicable,applicable
Rensselaer Polytechnic Institute,MS,Information Technology,科学学院,https://admissions.rpi.edu/graduate/masters-and-phd-applicants,https://science.rpi.edu/itws/programs/graduate/ms,applicable,所有3个有效回答一致,3,3,applicable,applicable,applicable
Michigan State University,MS,MASTER'S IN BUSINESS DATA SCIENCE & ANALYTICS,商学院,https://broad.msu.edu/masters/business-data-science-analytics/admissions/,https://broad.msu.edu/masters/business-data-science-analytics/,not applicable,Majority vote: 2/3,3,3,not_applicable,applicable,not_applicable
Michigan State University,MS,Master of Science  in Data Science,自然科学学院,https://msds.msu.edu/prospective-students.aspx,https://msds.msu.edu/,applicable,Majority vote: 2/3,3,3,applicable,applicable,not_applicable
"University of Massachusetts, Amherst",MS,Master of Science in Computer Science（DATA SCIENCE ）,信息与计算机科学学院,https://www.cics.umass.edu/admissions/application-instructions,https://www.cics.umass.edu/degree-program/masters,applicable,所有3个有效回答一致,3,3,applicable,applicable,applicable
"University of Massachusetts, Amherst",MS,Master of Science in Computer Science（DATA SCIENCE ）,信息与计算机科学学院,https://www.cics.umass.edu/admissions/application-instructions,https://www.cics.umass.edu/degree-program/masters,applicable,所有2个有效回答一致,2,3,applicable,applicable,invalid
University of Miami,MS, Master of Science in Data Science,文理学院,https://msdatascience.as.miami.edu/resources/international-students/index.html,https://msdatascience.as.miami.edu/academics/academic-tracks/index.html,applicable,所有2个有效回答一致,2,3,invalid,applicable,applicable
University of Miami,MS, Master of Science in Data Science：Technical Data Science (College of Arts & Sciences and College of Engineering),文理学院,https://msdatascience.as.miami.edu/resources/international-students/index.html,https://msdatascience.as.miami.edu/academics/academic-tracks/index.html,,"平票: {'not_applicable': 1, 'applicable': 1}",2,3,not_applicable,invalid,applicable
University of Pittsburgh,MS,Master of Science in Information Science,计算机和信息学院,https://www.sci.pitt.edu/admissions/graduate-admissions-faq,https://www.sci.pitt.edu/academics/masters-degrees/information-science-ms,applicable,所有3个有效回答一致,3,3,applicable,applicable,applicable
University of Pittsburgh,MS,Master of Science in Information Science,计算机和信息学院,https://www.sci.pitt.edu/admissions/graduate-admissions-faq,https://www.sci.pitt.edu/academics/masters-degrees/information-science-ms,applicable,所有3个有效回答一致,3,3,applicable,applicable,applicable
University of Pittsburgh,MS,Master of Science in Information Science,计算机和信息学院,https://www.sci.pitt.edu/admissions/graduate-admissions-faq,https://www.sci.pitt.edu/academics/masters-degrees/information-science-ms,applicable,所有3个有效回答一致,3,3,applicable,applicable,applicable
University of Pittsburgh,PHD,Doctor of Philosophy in Information Science,计算机和信息学院,https://www.sci.pitt.edu/admissions/graduate-admissions-faq,https://www.sci.pitt.edu/academics/doctoral-degrees/information-science-phd,not applicable,所有2个有效回答一致,2,2,invalid,not_applicable,not_applicable
University of Pittsburgh,MS,Industrial Engineering：Data Science,工程学院,https://www.engineering.pitt.edu/departments/industrial/admissions/graduate-admissions/,https://www.engineering.pitt.edu/departments/industrial/graduate/masters/masters-program/,applicable,所有3个有效回答一致,3,3,applicable,applicable,applicable
University of Pittsburgh,MS,Industrial Engineering：Data Science,工程学院,https://www.engineering.pitt.edu/departments/industrial/admissions/graduate-admissions/,https://www.engineering.pitt.edu/departments/industrial/graduate/masters/masters-program/,applicable,所有3个有效回答一致,3,3,applicable,applicable,applicable
George Washington University,MS,Data Science ,文理学院,https://bulletin.gwu.edu/arts-sciences/data-science/ms/#admissionstext,https://datasci.columbian.gwu.edu/ms-data-science,applicable,所有3个有效回答一致,3,3,applicable,applicable,applicable
George Washington University,MS,Data Science ,文理学院,https://bulletin.gwu.edu/arts-sciences/data-science/ms/#admissionstext,https://datasci.columbian.gwu.edu/ms-data-science,applicable,所有3个有效回答一致,3,3,applicable,applicable,applicable
George Washington University,MS,Data Analytics ,工程学院,https://bulletin.gwu.edu/engineering-applied-science/engineering-management-systems-engineering/data-analytics-ms/#admissionstext,https://cs.engineering.gwu.edu/master-science-data-analytics,applicable,所有3个有效回答一致,3,3,applicable,applicable,applicable
George Washington University,MS,Data Analytics ,工程学院,https://bulletin.gwu.edu/engineering-applied-science/engineering-management-systems-engineering/data-analytics-ms/#admissionstext,https://cs.engineering.gwu.edu/master-science-data-analytics,applicable,所有3个有效回答一致,3,3,applicable,applicable,applicable
Villanova University,MS,MS IN APPLIED STATISTICS AND DATA SCIENCE,文理学院,https://www1.villanova.edu/university/liberal-arts-sciences/graduate-studies/graduate-programs/applied-statistics-and-data-science.html,https://www1.villanova.edu/university/liberal-arts-sciences/programs/mathematics-statistics/graduate-programs/ms-applied-statistics.html,applicable,所有3个有效回答一致,3,3,applicable,applicable,applicable
Villanova University,MS,MS IN APPLIED STATISTICS AND DATA SCIENCE,文理学院,https://www1.villanova.edu/university/liberal-arts-sciences/graduate-studies/graduate-programs/applied-statistics-and-data-science.html,https://www1.villanova.edu/university/liberal-arts-sciences/programs/mathematics-statistics/graduate-programs/ms-applied-statistics.html,applicable,所有3个有效回答一致,3,3,applicable,applicable,applicable
Villanova University,MS,MS IN APPLIED STATISTICS AND DATA SCIENCE,文理学院,https://www1.villanova.edu/university/liberal-arts-sciences/graduate-studies/graduate-programs/applied-statistics-and-data-science.html,https://www1.villanova.edu/university/liberal-arts-sciences/programs/mathematics-statistics/graduate-programs/ms-applied-statistics.html,applicable,所有3个有效回答一致,3,3,applicable,applicable,applicable
Syracuse University,MS,APPLIED DATA SCIENCE,信息研究学院,https://ischool.syr.edu/admissions-aid/how-to-apply/apply-to-graduate-programs/,https://ischool.syr.edu/academics/applied-data-science-masters-degree/,applicable,所有3个有效回答一致,3,3,applicable,applicable,applicable
Syracuse University,MS,APPLIED DATA SCIENCE,信息研究学院,https://ischool.syr.edu/admissions-aid/how-to-apply/apply-to-graduate-programs/,https://ischool.syr.edu/academics/applied-data-science-masters-degree/,applicable,所有3个有效回答一致,3,3,applicable,applicable,applicable
Syracuse University,PHD,Information Science and Technology,信息研究学院,https://ischool.syr.edu/admissions-aid/how-to-apply/phd-application-checklist/,https://ischool.syr.edu/academics/ph-d-in-information-science-and-technology/,applicable,所有2个有效回答一致,2,3,applicable,applicable,invalid
"Binghamton University, SUNY",MS,Data Analytics (MS),研究生跨学科项目,https://www.binghamton.edu/academics/programs/data-analytics/admissions.html,https://www.binghamton.edu/academics/programs/data-analytics/,applicable,所有3个有效回答一致,3,3,applicable,applicable,applicable
"Binghamton University, SUNY",MS,MS in Information Systems: Applied Data Science,工程学院,https://www.binghamton.edu/apps/academics/program/gd/information-systems,https://www.binghamton.edu/computer-science/graduate-programs/msis/msis-datascience.html,applicable,所有3个有效回答一致,3,3,applicable,applicable,applicable
"Indiana University, Bloomington",M.S., Dual M.S. Degree program in Statistical Science and Data Science,文理学院,https://stat.indiana.edu/graduates/degrees/ms-statistical-science-ms-data-science.html,https://stat.indiana.edu/graduates/degrees/ms-statistical-science-ms-data-science.html,applicable,所有3个有效回答一致,3,3,applicable,applicable,applicable
"Indiana University, Bloomington",M.S., Dual M.S. Degree program in Data Science and Applied Statistics,文理学院,https://stat.indiana.edu/graduates/degrees/ms-statistical-science-ms-data-science.html,https://stat.indiana.edu/graduates/degrees/ms-statistical-science-ms-data-science.html,applicable,所有3个有效回答一致,3,3,applicable,applicable,applicable
"Indiana University, Bloomington",M.S.,Data Science—Applied Data Science Track,信息学，计算机和工程学院,https://luddy.indiana.edu/admissions/apply/graduate.html,https://datascience.indiana.edu/programs/residential/index.html,applicable,所有3个有效回答一致,3,3,applicable,applicable,applicable
"Indiana University, Bloomington",M.S.,Data Science—Big Data Systems Track,信息学，计算机和工程学院,https://luddy.indiana.edu/admissions/apply/graduate.html,https://datascience.indiana.edu/programs/residential/index.html,applicable,所有2个有效回答一致,2,2,invalid,applicable,applicable
"Indiana University, Bloomington",M.S.,Data Science—Computational and Analytical Track,信息学，计算机和工程学院,https://luddy.indiana.edu/admissions/apply/graduate.html,https://datascience.indiana.edu/programs/residential/index.html,applicable,所有3个有效回答一致,3,3,applicable,applicable,applicable
"Indiana University, Bloomington",M.S.,Data Science—Managerial Data Science Track,信息学，计算机和工程学院,https://luddy.indiana.edu/admissions/apply/graduate.html,https://datascience.indiana.edu/programs/residential/index.html,applicable,所有3个有效回答一致,3,3,applicable,applicable,applicable
"University of California, Riverside",MS,MS in Computational Data Science,工程学院,https://datascience.ucr.edu/ms-computational-data-science-application-requirements,https://datascience.ucr.edu/graduate/computational-data-science,applicable,所有3个有效回答一致,3,3,applicable,applicable,applicable
Colorado School of Mines,MS, Applied Mathematics and Statistics—DATA SCIENCE（非论文）,应用数学和统计学系,https://gradprograms.mines.edu/applied-mathematics-and-statistics/,https://ams.mines.edu/graduate-program/,applicable,所有2个有效回答一致,2,3,invalid,applicable,applicable
Colorado School of Mines,MS,DATA SCIENCE（非论文）,研究生跨学科项目,https://gradprograms.mines.edu/masters-in-data-science/,https://datascience.mines.edu/programs/,not applicable,所有2个有效回答一致,2,3,invalid,not_applicable,not_applicable
"University at Buffalo, SUNY",MS,Industrial Engineering (Data Analytics Engineering)  ,工程与应用科学学院,https://engineering.buffalo.edu/industrial-systems/masters-programs/admissions.html,https://engineering.buffalo.edu/industrial-systems/masters-programs/ms-industrial-engineering/ms-data-analytics.html,not applicable,所有3个有效回答一致,3,3,not_applicable,not_applicable,not_applicable
"University at Buffalo, SUNY",MS,Industrial Engineering (Data Analytics Engineering)  ,工程与应用科学学院,https://engineering.buffalo.edu/industrial-systems/masters-programs/admissions.html,https://engineering.buffalo.edu/industrial-systems/masters-programs/ms-industrial-engineering/ms-data-analytics.html,not applicable,所有3个有效回答一致,3,3,not_applicable,not_applicable,not_applicable
"University at Buffalo, SUNY",MPS,Data Sciences and Applications MPS,工程与应用科学学院,https://www.buffalo.edu/ai-data-science/academics/grad/dsa-mps.html,https://www.buffalo.edu/ai-data-science/academics/grad/dsa-mps.html,applicable,所有2个有效回答一致,2,3,invalid,applicable,applicable
"University at Buffalo, SUNY",MPS,Data Sciences and Applications MPS,工程与应用科学学院,https://www.buffalo.edu/ai-data-science/academics/grad/dsa-mps.html,https://www.buffalo.edu/ai-data-science/academics/grad/dsa-mps.html,applicable,所有2个有效回答一致,2,3,applicable,applicable,invalid
"University at Buffalo, SUNY",MS,Engineering Science (Data Science) MS,工程与应用科学学院,https://www.buffalo.edu/ai-data-science/academics/grad/ds-ms.html,https://www.buffalo.edu/ai-data-science/academics/grad/ds-ms.html,not applicable,所有2个有效回答一致,2,3,not_applicable,invalid,not_applicable
"University at Buffalo, SUNY",MS,Engineering Science (Data Science) MS,工程与应用科学学院,https://www.buffalo.edu/ai-data-science/academics/grad/ds-ms.html,https://www.buffalo.edu/ai-data-science/academics/grad/ds-ms.html,,"平票: {'applicable': 1, 'not_applicable': 1}",2,3,applicable,invalid,not_applicable
"University at Buffalo, SUNY",PhD,Computational and Data Enabled Sciences PhD,工程与应用科学学院,https://www.buffalo.edu/ai-data-science/academics/grad/cdse-phd.html,https://www.buffalo.edu/ai-data-science/academics/grad/cdse-phd.html,applicable,所有3个有效回答一致,3,3,applicable,applicable,applicable
Stevens Institute of Technology,PHD,Ph.D. in Data Science,商学院,https://www.stevens.edu/school-business/phd-programs/data-science-phd-program,https://www.stevens.edu/school-business/phd-programs/data-science-phd-program,applicable,所有3个有效回答一致,3,3,applicable,applicable,applicable
Stevens Institute of Technology,MBA,ANALYTICS MBA,商学院,https://www.stevens.edu/program/analytics-mba,https://www.stevens.edu/program/analytics-mba,applicable,只有一个有效回答,1,1,invalid,applicable,invalid
Stevens Institute of Technology,MBA,ANALYTICS MBA,商学院,https://www.stevens.edu/program/analytics-mba,https://www.stevens.edu/program/analytics-mba,,所有回答无效,0,0,invalid,invalid,invalid
Stevens Institute of Technology,MS,"DATA SCIENCE, M.S. ",工程与科学学院,https://www.stevens.edu/program/data-science-masters,https://www.stevens.edu/program/data-science-masters,,所有回答无效,0,0,invalid,invalid,invalid
Stevens Institute of Technology,MS,"DATA SCIENCE, M.S. ",工程与科学学院,https://www.stevens.edu/program/data-science-masters,https://www.stevens.edu/program/data-science-masters,applicable,所有3个有效回答一致,3,3,applicable,applicable,applicable
University of Delaware,MS,Data Science,文理学院,https://www.udel.edu/academics/colleges/grad/prospective-students/programs/data-scientist/,https://www.mathsci.udel.edu/educational-programs/the-graduate-program,applicable,所有2个有效回答一致,2,3,applicable,applicable,invalid
University of Delaware,MS,INTERDISCIPLINARY EVALUATION SCIENCE,跨学科项目,https://www.udel.edu/academics/colleges/grad/prospective-students/programs/interdisciplinary-evaluation-science/,https://www.udel.edu/academics/colleges/grad/prospective-students/programs/interdisciplinary/interdisciplinary-evaluation-science/,applicable,所有3个有效回答一致,3,3,applicable,applicable,applicable
Worcester Polytechnic Institute,MS,DATA SCIENCE,文理学院,https://www.wpi.edu/admissions/graduate/how-to-apply?itemId=6421,https://www.wpi.edu/academics/study/data-science-ms,applicable,所有3个有效回答一致,3,3,applicable,applicable,applicable
Worcester Polytechnic Institute,MS,DATA SCIENCE,文理学院,https://www.wpi.edu/admissions/graduate/how-to-apply?itemId=6421,https://www.wpi.edu/academics/study/data-science-ms,applicable,所有3个有效回答一致,3,3,applicable,applicable,applicable
Worcester Polytechnic Institute,Ph.D,DATA SCIENCE,文理学院,https://www.wpi.edu/admissions/graduate/how-to-apply?itemId=6426,https://www.wpi.edu/academics/study/data-science-phd,applicable,所有3个有效回答一致,3,3,applicable,applicable,applicable
Worcester Polytechnic Institute,Ph.D,DATA SCIENCE,文理学院,https://www.wpi.edu/admissions/graduate/how-to-apply?itemId=6426,https://www.wpi.edu/academics/study/data-science-phd,applicable,所有3个有效回答一致,3,3,applicable,applicable,applicable
Clemson University,MS,Master of Applied Computing,工程，计算机和应用科学学院,https://www.clemson.edu/degrees/applied-computing/grad,https://www.clemson.edu/cecas/departments/computing/academics/graduates/programsofstudy/mac.html,applicable,所有2个有效回答一致,2,2,invalid,applicable,applicable
Clemson University,MS,Master of Applied Computing,工程，计算机和应用科学学院,https://www.clemson.edu/degrees/applied-computing/grad,https://www.clemson.edu/cecas/departments/computing/academics/graduates/programsofstudy/mac.html,applicable,所有3个有效回答一致,3,3,applicable,applicable,applicable
Clemson University,MS,Computer Science,工程，计算机和应用科学学院,https://www.clemson.edu/degrees/computer-science/grad,https://www.clemson.edu/cecas/departments/computing/academics/graduates/programsofstudy/index.html,applicable,所有2个有效回答一致,2,3,invalid,applicable,applicable
Clemson University,MS,Computer Science,工程，计算机和应用科学学院,https://www.clemson.edu/degrees/computer-science/grad,https://www.clemson.edu/cecas/departments/computing/academics/graduates/programsofstudy/index.html,applicable,所有2个有效回答一致,2,3,invalid,applicable,applicable
Clemson University,MS,Data Science and Analytics,理学院,https://www.clemson.edu/degrees/data-science-analytics/grad,https://www.clemson.edu/graduate/academics/ms-dsa/index.html,applicable,所有3个有效回答一致,3,3,applicable,applicable,applicable
Marquette University,MS,COMPUTER AND INFORMATION SCIENCE：AI and Analytics ,文理学院,https://www.marquette.edu/grad/programs-computing.php,https://www.marquette.edu/computer-science/graduate-program-overview.php,,所有回答无效,0,3,invalid,invalid,invalid
Marquette University,MS,COMPUTER AND INFORMATION SCIENCE：AI and Analytics ,文理学院,https://www.marquette.edu/grad/programs-computing.php,https://www.marquette.edu/computer-science/graduate-program-overview.php,,"平票: {'not_applicable': 1, 'applicable': 1}",2,3,not_applicable,invalid,applicable
Marquette University,MS, Master of Science in Data Science,文理学院,https://www.marquette.edu/grad/programs-data-science-masters-degree.php,https://www.marquette.edu/computer-science/graduate-program-overview.php,not applicable,只有一个有效回答,1,3,invalid,invalid,not_applicable
Marquette University,MS, Master of Science in Data Science,文理学院,https://www.marquette.edu/grad/programs-data-science-masters-degree.php,https://www.marquette.edu/computer-science/graduate-program-overview.php,,所有回答无效,0,3,invalid,invalid,invalid
Marquette University,MS,APPLIED PSYCHOLOGY DATA ANALYTICS,文理学院,https://www.marquette.edu/grad/programs-graduate-applied-psychology-data-analytics.php,https://www.marquette.edu/psychology/graduate-program-overview.php,,"平票: {'applicable': 1, 'not_applicable': 1}",2,3,invalid,applicable,not_applicable
New Jersey Institute of Technology,M.S.,Masters of Science in Data Science - Statistics Track,科学与人文学院,https://www.njit.edu/admissions/how-apply-graduate-admissions,https://math.njit.edu/ms-data-science-statistics-track,applicable,所有3个有效回答一致,3,3,applicable,applicable,applicable
New Jersey Institute of Technology,M.S.,Data Science - M.S.（Newark）,计算机学院,https://www.njit.edu/admissions/how-apply-graduate-admissions,https://ds.njit.edu/ms-data-science,,"平票: {'applicable': 1, 'not_applicable': 1}",2,3,invalid,applicable,not_applicable
New Jersey Institute of Technology,M.S.,Data Science - M.S.（Jersey City）,计算机学院,https://www.njit.edu/admissions/how-apply-graduate-admissions,https://jerseycity.njit.edu/ms-data-science,applicable,所有2个有效回答一致,2,3,applicable,applicable,invalid
New Jersey Institute of Technology,PhD,Data Science - M.S.,计算机学院,https://www.njit.edu/admissions/how-apply-graduate-admissions,https://ds.njit.edu/phd-data-science,applicable,所有3个有效回答一致,3,3,applicable,applicable,applicable
New Jersey Institute of Technology,PhD,Business Data Science - Ph.D.,管理学院,https://management.njit.edu/admission-requirements,https://management.njit.edu/phd-program,applicable,所有2个有效回答一致,2,3,applicable,applicable,invalid
Fordham University,M.A.,Master of Science in Data Science and Quantitative Economics,文理研究生院,https://www.fordham.edu/academics/departments/computer-and-information-science/academic-programs/graduate-programs/master-of-science-in-data-science-and-quantitative-economics/admissions-informationrequirements/,https://www.fordham.edu/academics/departments/computer-and-information-science/academic-programs/graduate-programs/master-of-science-in-data-science-and-quantitative-economics/,applicable,所有3个有效回答一致,3,3,applicable,applicable,applicable
Fordham University,MS,Master of Science in Data Science,文理研究生院,https://www.fordham.edu/academics/departments/computer-and-information-science/academic-programs/graduate-programs/master-of-science-in-data-science/admissions-informationrequirements/,https://www.fordham.edu/academics/departments/computer-and-information-science/academic-programs/graduate-programs/master-of-science-in-data-science/,applicable,所有3个有效回答一致,3,3,applicable,applicable,applicable
Fordham University,MS,Master of Science in Data Science,文理研究生院,https://www.fordham.edu/academics/departments/computer-and-information-science/academic-programs/graduate-programs/master-of-science-in-data-science/admissions-informationrequirements/,https://www.fordham.edu/academics/departments/computer-and-information-science/academic-programs/graduate-programs/master-of-science-in-data-science/,applicable,所有3个有效回答一致,3,3,applicable,applicable,applicable
Fordham University,MS,Master of Science in Data Science,文理研究生院,https://www.fordham.edu/academics/departments/computer-and-information-science/academic-programs/graduate-programs/master-of-science-in-data-science/admissions-informationrequirements/,https://www.fordham.edu/academics/departments/computer-and-information-science/academic-programs/graduate-programs/master-of-science-in-data-science/,applicable,所有3个有效回答一致,3,3,applicable,applicable,applicable
University of South Florida,PhD,Big Data Analytics,商学院,https://www.usf.edu/business/graduate/phd-data-analytics/application-process.aspx,https://www.usf.edu/business/graduate/phd-data-analytics/index.aspx,,所有回答无效,0,3,invalid,invalid,invalid
University of South Florida,MS,Industrial Engineering：Master of Science in Data Intelligence,工程学院,https://www.usf.edu/engineering/imse/graduate/ms-data-intelligence.aspx,https://www.usf.edu/engineering/imse/graduate/ms-data-intelligence.aspx,,所有回答无效,0,3,invalid,invalid,invalid
University of South Florida,MS,Industrial Engineering：Master of Science in Data Intelligence,工程学院,https://www.usf.edu/engineering/imse/graduate/ms-data-intelligence.aspx,https://www.usf.edu/engineering/imse/graduate/ms-data-intelligence.aspx,,所有回答无效,0,3,invalid,invalid,invalid
Southern Methodist University,PHD,Ph.D. in Data Science,人文与科学学院,https://grad.smu.edu/graduate-studies-in-statistics-and-data-science,https://www.smu.edu/dedman/academics/departments/statistics/graduate,applicable,所有3个有效回答一致,3,3,applicable,applicable,applicable
Southern Methodist University,MS,Data Science & Applied Statistics MS,人文与科学学院,https://grad.smu.edu/graduate-studies-in-statistics-and-data-science,https://www.smu.edu/dedman/academics/departments/statistics/graduate,applicable,只有一个有效回答,1,3,invalid,applicable,invalid
Southern Methodist University,MS,M.S in OR and Analytics ,工程学院,https://www.smu.edu/lyle/apply-now/faqs,https://www.smu.edu/lyle/departments/orem/ms-or-and-analytics,applicable,只有一个有效回答,1,3,applicable,invalid,invalid
Southern Methodist University,MS,M.S in OR and Analytics ,工程学院,https://www.smu.edu/lyle/apply-now/faqs,https://www.smu.edu/lyle/departments/orem/ms-or-and-analytics,,所有回答无效,0,3,invalid,invalid,invalid
Southern Methodist University,MS,M.S. Data Engineering,工程学院,https://www.smu.edu/lyle/apply-now/faqs,https://www.smu.edu/lyle/departments/multidisciplinary-programs/ms-data-engineering,not applicable,只有一个有效回答,1,3,invalid,not_applicable,invalid
Southern Methodist University,MS,M.S. Datacenter Systems Engineering,工程学院,https://www.smu.edu/lyle/apply-now/faqs,https://www.smu.edu/lyle/departments/multidisciplinary-programs/ms-datacenter-systems-eng,applicable,Majority vote: 2/3,3,3,applicable,not_applicable,applicable
Southern Methodist University,MS,M.S. Data Engineering,工程学院,https://www.smu.edu/lyle/apply-now/faqs,https://www.smu.edu/lyle/departments/multidisciplinary-programs/ms-data-engineering,,"平票: {'applicable': 1, 'not_applicable': 1}",2,3,applicable,invalid,not_applicable
Southern Methodist University,MS,M.S. Datacenter Systems Engineering,工程学院,https://www.smu.edu/lyle/apply-now/faqs,https://www.smu.edu/lyle/departments/multidisciplinary-programs/ms-datacenter-systems-eng,applicable,所有3个有效回答一致,3,3,applicable,applicable,applicable
Temple University,MS,Statistics and Data Science,商学院,https://www.temple.edu/academics/schools-and-colleges/fox-school-of-business-and-management/fox-grad-specialized-master-s-admissions?p=18571,https://www.temple.edu/academics/degree-programs/statistics-and-data-science-ms-bu-sdsc-ms,applicable,Majority vote: 2/3,3,3,not_applicable,applicable,applicable
Temple University,MS,Computational Data Science MS,科学技术学院,https://www.temple.edu/academics/degree-programs/computational-data-science-ms-st-cds-ms/cst-grad-computational-data-science-admissions,https://www.temple.edu/academics/degree-programs/computational-data-science-ms-st-cds-ms,applicable,只有一个有效回答,1,2,invalid,applicable,invalid
University of Iowa,Ph.D,Statistics—data science,文理学院,https://grad.admissions.uiowa.edu/academics/statistics-ms-or-phd,https://stat.uiowa.edu/graduate/phd-statistics,applicable,所有3个有效回答一致,3,3,applicable,applicable,applicable
University of Iowa,MS,data science,文理学院,https://grad.admissions.uiowa.edu/academics/data-science-ms,https://stat.uiowa.edu/graduate/ms-data-science,applicable,Majority vote: 2/3,3,3,applicable,not_applicable,applicable
University of Iowa,MS,data science,文理学院,https://grad.admissions.uiowa.edu/academics/data-science-ms,https://stat.uiowa.edu/graduate/ms-data-science,not applicable,Majority vote: 2/3,3,3,not_applicable,not_applicable,applicable
Auburn University,MS,Data Science and Engineering – Data Engineering Option,工程学院,https://www.auburn.edu/cosam/dse/admissions.htm,https://www.auburn.edu/cosam/dse/,applicable,所有3个有效回答一致,3,3,applicable,applicable,applicable
Auburn University,MS,Data Science and Engineering – Data Engineering Option,工程学院,https://www.auburn.edu/cosam/dse/admissions.htm,https://www.auburn.edu/cosam/dse/,applicable,所有3个有效回答一致,3,3,applicable,applicable,applicable
Auburn University,MS,Data Science and Engineering – Data Science Option,科学与数学学院,https://www.auburn.edu/cosam/dse/admissions.htm,https://www.auburn.edu/cosam/dse/,applicable,所有3个有效回答一致,3,3,applicable,applicable,applicable
Auburn University,MS,Data Science and Engineering – Data Science Option,科学与数学学院,https://www.auburn.edu/cosam/dse/admissions.htm,https://www.auburn.edu/cosam/dse/,applicable,Majority vote: 2/3,3,3,not_applicable,applicable,applicable
Baylor University,Ph.D.,Statistical Science  Concentration in Data Science,文理学院,https://statistics.artsandsciences.baylor.edu/graduate/how-apply,https://statistics.artsandsciences.baylor.edu/graduate/doctor-philosophy-phd,not applicable,所有3个有效回答一致,3,3,not_applicable,not_applicable,not_applicable
Drexel University,MS,MS in Data Science,计算与信息学院,https://drexel.edu/academics/grad-professional-programs/cci/data-science,https://drexel.edu/cci/academics/masters-programs/ms-in-data-science/,applicable,Majority vote: 2/3,3,3,applicable,not_applicable,applicable
Drexel University,MS,MS in Data Science,计算与信息学院,https://drexel.edu/academics/grad-professional-programs/cci/data-science,https://drexel.edu/cci/academics/masters-programs/ms-in-data-science/,not applicable,所有3个有效回答一致,3,3,not_applicable,not_applicable,not_applicable
Drexel University,PhD,PhD in Information Science,计算与信息学院,https://drexel.edu/academics/grad-professional-programs/cci/information-science,https://drexel.edu/cci/academics/doctoral-programs/phd-information-science/,not applicable,所有2个有效回答一致,2,2,not_applicable,invalid,not_applicable
University of Oregon,MS,Data Science,Phil and Penny Knight Campus for Accelerating Scientific Impact,https://internship.uoregon.edu/apply,https://internship.uoregon.edu/,applicable,所有3个有效回答一致,3,3,applicable,applicable,applicable
"Rutgers University, Camden",M.S.,COMPUTER SCIENCE M.S.,文理研究生院,https://graduateschool.camden.rutgers.edu/computer-science-m-s/,https://cs.camden.rutgers.edu/graduate/,applicable,所有3个有效回答一致,3,3,applicable,applicable,applicable
"Rutgers University, Camden",M.S.,DATA SCIENCE M.S.,文理研究生院,https://graduateschool.camden.rutgers.edu/data-science-m-s/,https://datascience.camden.rutgers.edu/,applicable,Majority vote: 2/3,3,3,applicable,applicable,not_applicable
Rochester Institute of Technology,MS,Data Science MS  ,罗切斯特理工学院,https://www.rit.edu/study/data-science-ms,https://www.rit.edu/study/data-science-ms,not applicable,所有2个有效回答一致,2,3,invalid,not_applicable,not_applicable
Illinois Institute of Technology,M.S.,Economics and Data Analytics (M.S.),商学院,https://www.iit.edu/admissions-aid/graduate-admission/international-students,https://www.iit.edu/academics/programs/economics-and-data-analytics-ms,applicable,所有2个有效回答一致,2,3,invalid,applicable,applicable
Illinois Institute of Technology,M.A.S,Data Science Master’s—Master of Applied Science (M.A.S.),计算机学院,https://www.iit.edu/admissions-aid/graduate-admission/international-students,https://www.iit.edu/academics/programs/data-science-mas,applicable,所有2个有效回答一致,2,3,invalid,applicable,applicable
"University of Colorado, Boulder",MS,Professional Master's in Data Science,工程与应用科学学院,https://www.colorado.edu/program/data-science/campus/admissions,https://www.colorado.edu/program/data-science/,not applicable,所有3个有效回答一致,3,3,not_applicable,not_applicable,not_applicable
"University of Colorado, Boulder",MS,Statistics and Data Science,工程与应用科学学院,https://www.colorado.edu/amath/academics/ms-applied-mathematics/admissions-requirements,https://www.colorado.edu/amath/academics/ms-applied-mathematics,not applicable,所有3个有效回答一致,3,3,not_applicable,not_applicable,not_applicable
"University of Colorado, Boulder",MS,Statistics and Data Science,工程与应用科学学院,https://www.colorado.edu/amath/academics/ms-applied-mathematics/admissions-requirements,https://www.colorado.edu/amath/academics/ms-applied-mathematics,applicable,只有一个有效回答,1,3,applicable,invalid,invalid
American University,MS,Quantitative Analysis MS,文理学院,https://www.american.edu/cas/mathstat/quantitative/requirements.cfm,https://www.american.edu/cas/mathstat/quantitative/,applicable,所有2个有效回答一致,2,3,applicable,invalid,applicable
American University,MS,Quantitative Analysis MS,文理学院,https://www.american.edu/cas/mathstat/quantitative/requirements.cfm,https://www.american.edu/cas/mathstat/quantitative/,applicable,所有2个有效回答一致,2,3,applicable,invalid,applicable
American University,MS,Data Science MS,文理学院,https://www.american.edu/programs/shared/data-science/admissions.cfm,https://www.american.edu/programs/shared/data-science/index.cfm,,"平票: {'not_applicable': 1, 'applicable': 1}",2,3,not_applicable,invalid,applicable
American University,MS,Data Science MS,文理学院,https://www.american.edu/programs/shared/data-science/admissions.cfm,https://www.american.edu/programs/shared/data-science/index.cfm,applicable,所有3个有效回答一致,3,3,applicable,applicable,applicable
American University,MS,MS Analytics,商学院,https://kogod.american.edu/programs-admissions/masters/analytics/admissions,https://kogod.american.edu/programs-admissions/masters/analytics,applicable,所有3个有效回答一致,3,3,applicable,applicable,applicable
Yeshiva University,MS,Data Analytics and Visualization (MS),科学与卫生学院,https://www.yu.edu/katz/admissions/grad-admissions,https://www.yu.edu/katz/data-analytics,not applicable,只有一个有效回答,1,3,invalid,not_applicable,invalid
Yeshiva University,MS,Data Analytics and Visualization (MS),科学与卫生学院,https://www.yu.edu/katz/admissions/grad-admissions,https://www.yu.edu/katz/data-analytics,not applicable,只有一个有效回答,1,2,invalid,invalid,not_applicable
University of San Francisco,MS,Data Science (formerly Analytics),文理学院,https://www.usfca.edu/arts-sciences/graduate-programs/data-science/how-to-apply,https://www.usfca.edu/arts-sciences/graduate-programs/data-science,applicable,所有2个有效回答一致,2,2,applicable,applicable,invalid
University of Arizona,MS,Statistics and Data Science (MS),研究生院跨学科课程,https://grad.arizona.edu/catalog/programinfo/STATDSMS,https://gidp.arizona.edu/stat,not applicable,所有3个有效回答一致,3,3,not_applicable,not_applicable,not_applicable
University of Arizona,PHD,Statistics and Data Science (PHD),研究生院跨学科课程,https://grad.arizona.edu/catalog/programinfo/STATDSPHD,https://gidp.arizona.edu/stat,not applicable,所有3个有效回答一致,3,3,not_applicable,not_applicable,not_applicable
University of Arizona,PHD,Statistics and Data Science (PHD) - Statistical Informatics,研究生院跨学科课程,https://grad.arizona.edu/catalog/programinfo/STATDSPHDSDSI,https://gidp.arizona.edu/stat,not applicable,只有一个有效回答,1,3,invalid,not_applicable,invalid
University of Arizona,MS,Statistics and Data Science (MS),研究生院跨学科课程,https://grad.arizona.edu/catalog/programinfo/STATDSMS,https://gidp.arizona.edu/stat,not applicable,Majority vote: 2/3,3,3,not_applicable,not_applicable,applicable
University of Arizona,PHD,Statistics and Data Science (PHD),研究生院跨学科课程,https://grad.arizona.edu/catalog/programinfo/STATDSPHD,https://gidp.arizona.edu/stat,not applicable,所有3个有效回答一致,3,3,not_applicable,not_applicable,not_applicable
University of Arizona,PHD,Statistics and Data Science (PHD) - Statistical Informatics,研究生院跨学科课程,https://grad.arizona.edu/catalog/programinfo/STATDSPHDSDSI,https://gidp.arizona.edu/stat,,所有回答无效,0,3,invalid,invalid,invalid
University of Utah,MS,Computing—Data Management and Analysis,工程学院,https://www.cs.utah.edu/graduate/admissions/,https://www.cs.utah.edu/graduate/graduate-tracks/,applicable,Majority vote: 2/3,3,3,applicable,not_applicable,applicable
University of Utah,Ph.D.,Computing—Data Management and Analysis,工程学院,https://www.cs.utah.edu/graduate/admissions/,https://www.cs.utah.edu/graduate/graduate-tracks/,applicable,所有3个有效回答一致,3,3,applicable,applicable,applicable
University of Utah,M.S.T.,Master of Science and Technology：COMPUTATIONAL AND DATA SCIENCE,跨学科项目,https://pmst.utah.edu/admissions/,https://pmst.utah.edu/,not applicable,Majority vote: 2/3,3,3,not_applicable,applicable,not_applicable
University of Utah,M.S.T.,Master of Science and Technology：COMPUTATIONAL AND DATA SCIENCE,跨学科项目,https://pmst.utah.edu/admissions/,https://pmst.utah.edu/,applicable,所有3个有效回答一致,3,3,applicable,applicable,applicable
University of Denver,MS,DATA SCIENCE,工程与计算机科学学院,https://www.du.edu/academics/admission-steps/data-science-ms-2022-2023,https://ritchieschool.du.edu/academics-education/gr-programs/ms-data-science,applicable,所有3个有效回答一致,3,3,applicable,applicable,applicable
University of Vermont,MS,Complex Systems and Data Science ,工程与数学科学学院,http://www.uvm.edu/~cmplxsys/teaching-learning/ms-in-complex-systems-and-data-science/,http://www.uvm.edu/~cmplxsys/teaching-learning/ms-in-complex-systems-and-data-science/,applicable,所有3个有效回答一致,3,3,applicable,applicable,applicable
University of Vermont,PHD,Complex Systems and Data Science ,工程与数学科学学院,http://www.uvm.edu/~cmplxsys/teaching-learning/ms-in-complex-systems-and-data-science/,http://www.uvm.edu/~cmplxsys/teaching-learning/ms-in-complex-systems-and-data-science/,applicable,所有3个有效回答一致,3,3,applicable,applicable,applicable
University of Vermont,MS,Complex Systems and Data Science ,工程与数学科学学院,http://www.uvm.edu/~cmplxsys/teaching-learning/ms-in-complex-systems-and-data-science/,http://www.uvm.edu/~cmplxsys/teaching-learning/ms-in-complex-systems-and-data-science/,applicable,所有3个有效回答一致,3,3,applicable,applicable,applicable
University of Vermont,PHD,Complex Systems and Data Science ,工程与数学科学学院,http://www.uvm.edu/~cmplxsys/teaching-learning/ms-in-complex-systems-and-data-science/,http://www.uvm.edu/~cmplxsys/teaching-learning/ms-in-complex-systems-and-data-science/,applicable,所有3个有效回答一致,3,3,applicable,applicable,applicable
Loyola University Chicago,MSBDA,MS in Business Data Analytics,商学院,https://www.luc.edu/quinlan/masters/business-data-analytics/admission/,https://www.luc.edu/quinlan/masters/business-data-analytics/,applicable,所有3个有效回答一致,3,3,applicable,applicable,applicable
Clark University,MS,Data Analytics*,专业学院,https://www.clarku.edu/graduate-education/admissions/how-to-apply-graduate-admissions-requirements/,https://www.clarku.edu/academics/graduate/programs/masters/masters-in-data-analytics/,applicable,所有3个有效回答一致,3,3,applicable,applicable,applicable
