大学英文名称,学位,专业英文名称,所属院系,所属院系（英文）,招生网址,专业网址,所属院系网址,所属院系网址
Princeton University,Ph.D. ,Applied and Computational Mathematics,应用与计算数学,,https://gradschool.princeton.edu/academics/degrees-requirements/fields-study/applied-and-computational-math,https://www.pacm.princeton.edu/graduate,,
Princeton University,Ph.D. ,Mathematics,数学系,,https://gradschool.princeton.edu/academics/degrees-requirements/fields-study/mathematics,https://www.math.princeton.edu/graduate,,
Massachusetts Institute of Technology,PhD,Mathematics,数学系,,https://oge.mit.edu/programs/mathematics/,https://math.mit.edu/academics/grad/index.html,,
Massachusetts Institute of Technology,ScD,Mathematics,数学系,,https://oge.mit.edu/programs/mathematics/,https://math.mit.edu/academics/grad/index.html,,
Harvard University,PhD,Applied Mathematics SEAS,约翰·保尔森工程与应用科学学院,,https://seas.harvard.edu/applied-mathematics/graduate-program/how-apply,https://seas.harvard.edu/applied-mathematics/phd-applied-mathematics,,
Harvard University,PhD,Mathematics,文理研究生院,,https://gsas.harvard.edu/program/mathematics,https://www.math.harvard.edu/graduate/,,
Stanford University,PhD,Computational and Mathematical Engineering ,工程学院,,https://icme.stanford.edu/academics-admission/icme-graduate-program-application,https://icme.stanford.edu/academics-admission/icme-doctor-philosophy,,
Stanford University,MS,Computational and Mathematical Engineering ,工程学院,,https://icme.stanford.edu/academics-admission/icme-graduate-program-application,https://icme.stanford.edu/academics-admission/icme-master-science,,
Stanford University,MS,Mathematical and Computational Finance,工程学院,,https://icme.stanford.edu/academics-admission/icme-graduate-program-application,https://icme.stanford.edu/academics-admission/icme-master-science,,
Stanford University,PhD,Mathematics ,人文科学学院,,https://mathematics.stanford.edu/academics/graduate-admissions,https://mathematics.stanford.edu/academics/graduate-students/phd-program,,
Yale University,Ph.D,Applied Mathematics,艺术与科学研究生院,,https://gsas.yale.edu/programs-of-study/applied-mathematics,https://applied.math.yale.edu/graduate-program-0,,
Yale University,PH.D.,Mathematics,艺术与科学研究生院,,https://gsas.yale.edu/programs-of-study/mathematics,https://math.yale.edu/graduate-programs,,
University of Pennsylvania,MA,Applied Math and Computational Science,文理学院,,https://amcs.upenn.edu/admission/,https://amcs.upenn.edu/masters-program/,,
University of Pennsylvania,PHD,Applied Math and Computational Science,文理学院,,https://amcs.upenn.edu/admission/,https://amcs.upenn.edu/phd-program/,,
University of Pennsylvania,AM,Mathematics,文理学院,,https://www.math.upenn.edu/graduate/admissions/how-apply,https://www.math.upenn.edu/graduate/program-description,,
University of Pennsylvania,M.Phil,Mathematics,文理学院,,https://www.math.upenn.edu/graduate/admissions/how-apply,https://www.math.upenn.edu/graduate/program-description,,
University of Pennsylvania,phd+ms,Mathematics,文理学院,,https://www.math.upenn.edu/graduate/admissions/how-apply,https://www.math.upenn.edu/graduate/csma,,
University of Pennsylvania,phd+ms,Mathematics,文理学院,,https://www.math.upenn.edu/graduate/admissions/how-apply,https://www.math.upenn.edu/graduate/statma,,
University of Pennsylvania,PHD,Mathematics,文理学院,,https://www.math.upenn.edu/graduate/admissions/how-apply,https://www.math.upenn.edu/graduate/program-description#phd,,
Duke University,PHD,Mathematics,文理学院,,https://gradschool.duke.edu/academics/programs-degrees/mathematics/,https://math.duke.edu/graduate,,
California Institute of Technology,PHD,Applied and Computational Mathematics,工程与应用科学学部,,https://www.cms.caltech.edu/academics/grad,https://www.cms.caltech.edu/academics/grad/grad_acm,,
California Institute of Technology,PHD,Computing + Mathematical Sciences,工程与应用科学学部,,https://www.cms.caltech.edu/academics/grad,https://www.cms.caltech.edu/academics/grad/grad_cms,,
California Institute of Technology,PHD,Mathematics,物理，数学和天文学系,,https://www.pma.caltech.edu/admissions-and-financial-support,https://www.pma.caltech.edu/research-and-academics/mathematics/math-graduate-studies,,
" 
Brown University",PHD,Applied Mathematics,研究生院,,https://graduateprograms.brown.edu/graduate-program/applied-mathematics-phd,https://appliedmath.brown.edu/graduate,,
" 
Brown University",PHD,Mathematics,研究生院,,https://graduateprograms.brown.edu/graduate-program/mathematics-phd,https://www.brown.edu/academics/math/graduate,,
Northwestern University,MS,MS in Engineering Sciences and Applied Mathematics,工程与应用科学学院,,https://www.mccormick.northwestern.edu/applied-math/academics/graduate/masters/admissions.html,https://www.mccormick.northwestern.edu/applied-math/academics/graduate/masters/,,
Northwestern University,PhD,Engineering Sciences and Applied Mathematics,工程与应用科学学院,,https://www.mccormick.northwestern.edu/applied-math/academics/graduate/phd/admissions.html,https://www.mccormick.northwestern.edu/applied-math/academics/graduate/phd/,,
Northwestern University,PhD,Mathematics,文理学院,,https://www.math.northwestern.edu/graduate/application.html,https://www.math.northwestern.edu/graduate/,,
Johns Hopkins University,PHD,Mathematics,艺术与科学学院,,https://mathematics.jhu.edu/graduate/admissions/,https://mathematics.jhu.edu/graduate/,,
Johns Hopkins University,MSE,Applied Mathematics and Statistics,工程学院,,https://engineering.jhu.edu/ams/academics/graduate-studies/graduate-admissions-process-and-criteria/,https://engineering.jhu.edu/ams/academics/graduate-studies/ms-in-applied-mathematics-and-statistics/,,
Johns Hopkins University,MSE,Applied Mathematics and Statistics,工程学院,,https://engineering.jhu.edu/ams/academics/graduate-studies/graduate-admissions-process-and-criteria/,https://engineering.jhu.edu/ams/academics/graduate-studies/ms-in-applied-mathematics-and-statistics/,,
Johns Hopkins University,PHD,Applied Mathematics and Statistics,工程学院,,https://engineering.jhu.edu/ams/academics/graduate-studies/graduate-admissions-process-and-criteria/,https://engineering.jhu.edu/ams/academics/graduate-studies/doctoral-program/,,
Johns Hopkins University,PHD,Applied Mathematics and Statistics,工程学院,,https://engineering.jhu.edu/ams/academics/graduate-studies/graduate-admissions-process-and-criteria/,https://engineering.jhu.edu/ams/academics/graduate-studies/doctoral-program/,,
Columbia University,MS,Applied Mathematics,工程与应用科学研究生学院,,https://www.gradengineering.columbia.edu/graduate-admissions/application-requirements,https://www.apam.columbia.edu/applied-mathematics-graduate-programs,,
Columbia University,MS,Applied Mathematics,工程与应用科学研究生学院,,https://www.gradengineering.columbia.edu/graduate-admissions/application-requirements,https://www.apam.columbia.edu/applied-mathematics-graduate-programs,,
Columbia University,MS/PHD,Applied Mathematics,工程与应用科学研究生学院,,https://www.gradengineering.columbia.edu/graduate-admissions/application-requirements,https://www.apam.columbia.edu/applied-mathematics-graduate-programs,,
Columbia University,PhD,Applied Mathematics,工程与应用科学研究生学院,,https://www.gradengineering.columbia.edu/graduate-admissions/application-requirements,https://www.apam.columbia.edu/applied-mathematics-graduate-programs,,
Columbia University,PhD,Mathematics,艺术与科学研究生院,,https://www.gsas.columbia.edu/content/mathematics,https://www.math.columbia.edu/programs-math/graduate-program/,,
Columbia University,MA,Mathematics with a Specialization in the Mathematics of Finance,艺术与科学研究生院,,https://www.gsas.columbia.edu/content/mathematics-specialization-mathematics-finance,https://www.math.columbia.edu/mafn/,,
Cornell University,Ph.D.,Applied Mathematics (Ph.D.) ,应用数学中心,,https://gradschool.cornell.edu/academics/fields-of-study/subject/applied-mathematics/applied-mathematics-phd-ithaca/,https://www.cam.cornell.edu/cam/academics/phd-program,,
Cornell University,Ph.D.,Mathematics (Ph.D.) ,文理学院,,https://gradschool.cornell.edu/academics/fields-of-study/subject/mathematics/mathematics-phd-ithaca/,https://math.cornell.edu/phd,,
University of Chicago,MS,Computational and Applied Mathematics,物理科学部,,https://voices.uchicago.edu/cammasters/prospectivestudents/,https://voices.uchicago.edu/cammasters/,,
University of Chicago,Ph.D,Computational and Applied Mathematics,物理科学部,,https://cam.uchicago.edu/academics/how-to-apply/,https://cam.uchicago.edu/academics/graduate-programs/phd-program/,,
University of Chicago,Joint  PhD,Ph. D. in Mathematics and Computer Science,物理科学部,,https://cs.uchicago.edu/academics/phd/joint-math-cs-phd/,https://cs.uchicago.edu/academics/phd/joint-math-cs-phd/,,
University of Chicago,Ph.D,Mathematics,物理科学部,,https://mathematics.uchicago.edu/graduate/mathematics-phd-program/how-to-apply/,https://mathematics.uchicago.edu/graduate/mathematics-phd-program/,,
University of Chicago,MS-PSD,Mathematics,物理科学部,,https://mspsd.uchicago.edu/application-information/,https://mspsd.uchicago.edu/,,
"University of California, Berkeley",Ph.D.,Applied Mathematics,数学系,,https://grad.berkeley.edu/program/applied-mathematics/,https://math.berkeley.edu/graduate/phd-program,,
"University of California, Berkeley",Ph.D,Mathematics,数学系,,https://grad.berkeley.edu/program/mathematics/,https://math.berkeley.edu/graduate/phd-program,,
"University of California, Berkeley",Ph.D.,Applied Science & Technology,应用科学与技术项目,,https://grad.berkeley.edu/program/applied-science-tech/,https://ast.berkeley.edu/,,
"University of California, Berkeley",Ph.D.,Logic & the Methodology of Science,逻辑与科学方法论小组,,https://grad.berkeley.edu/program/logic-the-methodology-of-science/,https://logic.berkeley.edu/,,
"University of California, Los Angeles",PHD,Mathematics,物理科学学院,,https://grad.ucla.edu/programs/physical-sciences/mathematics/,https://ww3.math.ucla.edu/overview-2/,,
"University of California, Los Angeles",MA,Mathematics,物理科学学院,,https://grad.ucla.edu/programs/physical-sciences/mathematics/,https://ww3.math.ucla.edu/overview-2/,,
Rice University,Ph.D.,Computational and Applied Mathematics,工程学院,,https://cmor.rice.edu/academics/graduate-programs/graduate-admissions,https://cmor.rice.edu/academics/graduate-programs/phd-program,,
Rice University,M.C.A.A.M.,The Professional Master's of Computational and Applied Mathematics,工程学院,,https://cmor.rice.edu/academics/graduate-programs/graduate-admissions,https://cmor.rice.edu/academics/graduate-programs/professional-masters-programs,,
Rice University,PHD,Mathematics,自然科学学院,,https://math.rice.edu/application-procedure,https://math.rice.edu/graduate-program,,
Dartmouth College,PHD,Mathematics,研究生院,,https://math.dartmouth.edu/graduate-students/appl-info/,https://math.dartmouth.edu/graduate-students/,,
Vanderbilt University,MA,Mathematics,文理学院,,https://as.vanderbilt.edu/math/graduate/info_for_prospective_students/,https://as.vanderbilt.edu/math/graduate/about/,,
Vanderbilt University,PHD,Mathematics,文理学院,,https://as.vanderbilt.edu/math/graduate/info_for_prospective_students/,https://as.vanderbilt.edu/math/graduate/about/,,
" 
University of Notre Dame",M.S.,Applied and Computational Mathematics ,理学院,,https://graduateschool.nd.edu/degree-programs/applied-and-computational-mathematics-and-statistics-ms---masters-professional/,https://acms.nd.edu/graduate/professional-masters-programs/,,
" 
University of Notre Dame",M.S.,Applied and Computational Mathematics ,理学院,,https://graduateschool.nd.edu/degree-programs/applied-and-computational-mathematics-and-statistics-ms---masters-professional/,https://acms.nd.edu/graduate/professional-masters-programs/,,
" 
University of Notre Dame",Ph.D.,Applied and Computational Mathematics and Statistics,理学院,,https://graduateschool.nd.edu/degree-programs/applied-and-computational-mathematics-and-statistics-phd---doctoral/,https://acms.nd.edu/graduate/phd-programs/,,
" 
University of Notre Dame",Ph.D.,Mathematics,理学院,,https://graduateschool.nd.edu/degree-programs/mathematics-phd---doctoral/,https://math.nd.edu/graduate/,,
"University of Michigan, Ann Arbor",Ph.D,Applied and Interdisciplinary Mathematics,文化、科学与艺术学院,,https://lsa.umich.edu/math/graduates/Admissions/applying.html,https://lsa.umich.edu/math/graduates/GraduateStudentHandbook/applied-and-interdisciplinary-mathematics--aim-.html,,
"University of Michigan, Ann Arbor",Ph.D,Mathematics,文化、科学与艺术学院,,https://lsa.umich.edu/math/graduates/Admissions/applying.html,https://lsa.umich.edu/math/graduates/GraduateStudentHandbook/ph-d-programs1.html,,
"University of Michigan, Ann Arbor",MS,Applied and Interdisciplinary Mathematics,文化、科学与艺术学院,,https://lsa.umich.edu/math/graduates/Admissions/applying1.html,https://lsa.umich.edu/math/graduates/GraduateStudentHandbook/aim-masters.html,,
"University of Michigan, Ann Arbor",MS,General Mathematics Master's Program,文化、科学与艺术学院,,https://lsa.umich.edu/math/graduates/Admissions/applying1.html,https://lsa.umich.edu/math/graduates/GraduateStudentHandbook/mathematics-master-s-degree.html,,
"University of Michigan, Ann Arbor",MS,Applied Mathematics Master's Program,文化、科学与艺术学院,,https://lsa.umich.edu/math/graduates/Admissions/applying1.html,https://lsa.umich.edu/math/graduates/GraduateStudentHandbook/mathematics-master-s-degree.html,,
"University of Michigan, Ann Arbor",MS,Actuarial Mathematics Master's Program,文化、科学与艺术学院,,https://lsa.umich.edu/math/graduates/Admissions/applying1.html,https://lsa.umich.edu/math/graduates/GraduateStudentHandbook/mathematics-master-s-degree.html,,
"University of North Carolina, Chapel Hill",Ph.D,Mathematics,文理学院,,https://gradschool.sites.unc.edu/mathematics/,https://math.unc.edu/graduates/ph-d-requirements/,,
"University of North Carolina, Chapel Hill",MS,Mathematics,文理学院,,https://gradschool.sites.unc.edu/mathematics/,https://math.unc.edu/graduates/masters-requirements/,,
"University of North Carolina, Chapel Hill",MA,Mathematics,文理学院,,https://gradschool.sites.unc.edu/mathematics/,https://math.unc.edu/graduates/masters-requirements/,,
Georgetown University,PHD,PhD program in Applied Mathematics,文理研究生院,,https://grad.georgetown.edu/mathematics-and-statistics/#admissions-requirements,https://mathstat.georgetown.edu/phd-program/,,
Georgetown University,M.S.,Mathematics & Statistics ,文理研究生院,,https://grad.georgetown.edu/mathematics-and-statistics/,https://mathstat.georgetown.edu/graduate/,,
Georgetown University,M.S.,Mathematics & Statistics ,文理研究生院,,https://grad.georgetown.edu/mathematics-and-statistics/,https://mathstat.georgetown.edu/graduate/,,
Emory University,PhD,Mathematics,研究生院,,https://math.emory.edu/graduate/admissions/,https://math.emory.edu/graduate/general-information/,,
Emory University,MS,Mathematics,研究生院,,https://math.emory.edu/graduate/admissions/,https://math.emory.edu/graduate/general-information/,,
University of Virginia,PHD,MATHEMATICS,文理研究生院,,https://graduate.as.virginia.edu/requirements,https://math.virginia.edu/graduate/,,
Carnegie Mellon University,Ph.D.,Pure and Applied Logic,人文与社会科学学院,,https://www.cmu.edu/dietrich/philosophy/graduate/graduate-application/index.html,https://www.cmu.edu/dietrich/philosophy/graduate/index.html,,
Carnegie Mellon University,Ph.D.,"Doctor of Philosophy in Algorithms, Combinatorics, and Optimization (ACO)",科学学院,,https://www.cmu.edu/math/grad/phd/admissions.html,https://www.cmu.edu/math/grad/phd/index.html,,
Carnegie Mellon University,Ph.D.,Doctor of Philosophy in Mathematical Sciences,科学学院,,https://www.cmu.edu/math/grad/phd/admissions.html,https://www.cmu.edu/math/grad/phd/index.html,,
Carnegie Mellon University,DAM,Doctor of Arts in Mathematical Sciences,科学学院,,https://www.cmu.edu/math/grad/phd/admissions.html,https://www.cmu.edu/math/grad/phd/index.html,,
Washington University in St. Louis,MS,Systems Science & Mathematics,工程学院,,https://engineering.wustl.edu/academics/graduate-admissions/application-checklist.html,https://ese.wustl.edu/academics/graduate-programs/masters-and-certificates/MS-in-Systems-Science-Mathematics.html,,
Washington University in St. Louis,MS,Systems Science & Mathematics,工程学院,,https://engineering.wustl.edu/academics/graduate-admissions/application-checklist.html,https://ese.wustl.edu/academics/graduate-programs/masters-and-certificates/MS-in-Systems-Science-Mathematics.html,,
Washington University in St. Louis,PHD,Project Management,工程学院,,https://engineering.wustl.edu/academics/graduate-admissions/application-checklist.html,https://ese.wustl.edu/academics/graduate-programs/doctoral/PhD-in-Systems-Science-Mathematics.html,,
Washington University in St. Louis,DSc,Project Management,工程学院,,https://engineering.wustl.edu/academics/graduate-admissions/application-checklist.html,https://ese.wustl.edu/academics/graduate-programs/doctoral/DSc-in-Systems-Science-Mathematics.html,,
Washington University in St. Louis,PHD,Mathematics ,文理学院,,https://math.wustl.edu/graduate-application-information,https://math.wustl.edu/graduate-degree-programs-requirements,,
Washington University in St. Louis,MA,Mathematics ,文理学院,,https://math.wustl.edu/graduate-application-information,https://math.wustl.edu/graduate-degree-programs-requirements,,
University of Florida,MS,Mathematics,文理学院,,https://math.ufl.edu/graduate-studies-in-mathematics/admission-to-the-mathematics-graduate-program/,https://math.ufl.edu/graduate-studies-in-mathematics/,,
University of Florida,PHD,Mathematics,文理学院,,https://math.ufl.edu/graduate-studies-in-mathematics/admission-to-the-mathematics-graduate-program/,https://math.ufl.edu/graduate-studies-in-mathematics/,,
University of Florida,MS,Applied Mathematics,文理学院,,https://math.ufl.edu/graduate-studies-in-mathematics/admission-to-the-mathematics-graduate-program/,https://math.ufl.edu/graduate-studies-in-mathematics/,,
"University of California, Davis",MS,Applied Mathematics,文学与科学学院,,https://www.math.ucdavis.edu/grad/apply,https://appliedmath.ucdavis.edu/graduate,,
"University of California, Davis",PHD,Applied Mathematics,文学与科学学院,,https://www.math.ucdavis.edu/grad/apply,https://appliedmath.ucdavis.edu/graduate,,
"University of California, Davis",MA,Mathematics,文学与科学学院,,https://www.math.ucdavis.edu/grad/apply,https://www.math.ucdavis.edu/grad/gpc,,
"University of California, Davis",PHD,Mathematics,文学与科学学院,,https://www.math.ucdavis.edu/grad/apply,https://www.math.ucdavis.edu/grad/gpc,,
"University of California, San Diego",Ph.D,"Computational Science, Mathematics and Engineering",物理科学部,,https://csme.ucsd.edu/admission/index.html,https://csme.ucsd.edu/csme-phd/index.html,,
"University of California, San Diego",Ph.D,Ph.D. in Mathematics with a Specialization in Computational Science,物理科学部,,https://math.ucsd.edu/students/graduate/how-to-apply,https://math.ucsd.edu/students/graduate/phd-mathematics,,
"University of California, San Diego",Ph.D,Pure Mathematics,物理科学部,,https://math.ucsd.edu/students/graduate/how-to-apply,https://math.ucsd.edu/students/graduate/phd-mathematics,,
"University of California, San Diego",Ph.D,Applied Mathematics,物理科学部,,https://math.ucsd.edu/students/graduate/how-to-apply,https://math.ucsd.edu/students/graduate/phd-mathematics,,
"University of California, San Diego",MA,M.A. in Applied Mathematics,物理科学部,,https://math.ucsd.edu/students/graduate/how-to-apply,https://math.ucsd.edu/students/graduate/ma-applied-mathematics,,
"University of California, San Diego",MA,M.A. in Pure Mathematics,物理科学部,,https://math.ucsd.edu/students/graduate/how-to-apply,https://math.ucsd.edu/students/graduate/ma-pure-mathematics,,
University of Southern California,M.A.,Applied Mathematics,文理学院,,https://dornsife.usc.edu/mathematics/admissions/,https://dornsife.usc.edu/mathematics/degree-requirements/,,
University of Southern California,M.S.,Applied Mathematics,文理学院,,https://dornsife.usc.edu/mathematics/admissions/,https://dornsife.usc.edu/mathematics/degree-requirements/,,
University of Southern California,M.A.,Mathematics,文理学院,,https://dornsife.usc.edu/mathematics/admissions/,https://dornsife.usc.edu/mathematics/degree-requirements/,,
University of Southern California,M.A.,Applied Mathematics,文理学院,,https://dornsife.usc.edu/mathematics/admissions/,https://dornsife.usc.edu/mathematics/degree-requirements/,,
University of Southern California,M.S.,Applied Mathematics,文理学院,,https://dornsife.usc.edu/mathematics/admissions/,https://dornsife.usc.edu/mathematics/degree-requirements/,,
University of Southern California,M.A.,Mathematics,文理学院,,https://dornsife.usc.edu/mathematics/admissions/,https://dornsife.usc.edu/mathematics/degree-requirements/,,
University of Southern California,PhD,Applied Mathematics,文理学院,,https://dornsife.usc.edu/mathematics/admissions/,https://dornsife.usc.edu/mathematics/degree-requirements/,,
University of Southern California,PhD,Mathematics,文理学院,,https://dornsife.usc.edu/mathematics/admissions/,https://dornsife.usc.edu/mathematics/degree-requirements/,,
"University of Texas, Austin",PHD,Mathematics,自然科学学院,,https://www.ma.utexas.edu/academics/graduate/admissions,https://www.ma.utexas.edu/academics/graduate/,,
"University of Texas, Austin",MA,Mathematics- Actuarial program,自然科学学院,,https://www.ma.utexas.edu/academics/graduate/admissions,https://www.ma.utexas.edu/academics/graduate/,,
"University of Texas, Austin",MSCSEM,"Computational Science, Engineering, and Mathematics",计算工程与科学研究所,,https://www.oden.utexas.edu/academics/prospective-students/how-to-apply/,https://www.oden.utexas.edu/academics/masters-program/,,
"University of Texas, Austin",Ph.D.,"Computational Science, Engineering, and Mathematics",计算工程与科学研究所,,https://www.oden.utexas.edu/academics/prospective-students/how-to-apply/,https://www.oden.utexas.edu/academics/phd-program/,,
"University of California, Irvine",MS,Mathematics M.S.,物理科学学院,,https://www.math.uci.edu/admission,https://www.math.uci.edu/graduate,,
"University of California, Irvine",Ph.D.,Mathematics Ph.D.,物理科学学院,,https://www.math.uci.edu/admission,https://www.math.uci.edu/graduate,,
"University of California, Irvine",Ph.D.,Logic & Philosophy of Science Ph.D.,社会科学学院,,https://www.lps.uci.edu/grad/admissions.php,https://www.lps.uci.edu/grad/overview.php,,
Georgia Institute of Technology,Ph.D,"Algorithms, Combinatrics, and Optimization",计算机学院,,https://aco.gatech.edu/admissions/admission-aco-program,https://aco.gatech.edu/,,
Georgia Institute of Technology,M.S.,Mathematics,科学学院,,https://grad.gatech.edu/degree-programs/mathematics,https://math.gatech.edu/graduate/graduate-programs,,
Georgia Institute of Technology,Ph.D,Mathematics,科学学院,,https://grad.gatech.edu/degree-programs/mathematics,https://math.gatech.edu/graduate/graduate-programs,,
"University of California, Santa Barbara",MA,Applied Mathematics  ,文理学院,,https://www.graddiv.ucsb.edu/graduate-programs/departments/applied-mathematics,https://www.math.ucsb.edu/graduate/masters,,
"University of California, Santa Barbara",MA,Mathematics  ,文理学院,,https://www.graddiv.ucsb.edu/graduate-programs/departments/mathematics,https://www.math.ucsb.edu/graduate/masters,,
"University of California, Santa Barbara",MA/PhD,Mathematics  ,文理学院,,https://www.graddiv.ucsb.edu/graduate-programs/departments/mathematics,https://www.math.ucsb.edu/graduate/phd,,
"University of California, Santa Barbara",PHD,Mathematics  ,文理学院,,https://www.graddiv.ucsb.edu/graduate-programs/departments/mathematics,https://www.math.ucsb.edu/graduate/phd,,
New York University,MS,Mathematics,文理研究生院,,https://gsas.nyu.edu/admissions/arc/programs/mathematics.html,https://math.nyu.edu/dynamic/graduate/ms-gsas/ms-mathematics/,,
New York University,MS,Mathematics,文理研究生院,,https://gsas.nyu.edu/admissions/arc/programs/mathematics.html,https://math.nyu.edu/dynamic/graduate/ms-gsas/ms-mathematics/,,
New York University,MS,Mathematics,文理研究生院,,https://gsas.nyu.edu/admissions/arc/programs/mathematics.html,https://math.nyu.edu/dynamic/graduate/ms-gsas/ms-mathematics/,,
New York University,Ph.D,Mathematics,文理研究生院,,https://gsas.nyu.edu/admissions/arc/programs/mathematics.html,https://math.nyu.edu/dynamic/graduate/phd-mathematics/overview/,,
New York University,Ph.D,Mathematics-Atmosphere Ocean Science,文理研究生院,,https://gsas.nyu.edu/admissions/arc/programs/mathematics.html,https://caos.cims.nyu.edu/dynamic/phd-program/overview/,,
New York University,MS,Mathematics,工程学院,,https://engineering.nyu.edu/admissions/graduate/apply/requirements,https://engineering.nyu.edu/academics/programs/mathematics-ms,,
"University of Wisconsin, Madison",MA,Mathematics,文理学院,,https://guide.wisc.edu/graduate/mathematics/mathematics-ma/mathematics-foundations-advanced-studies-ma/#admissionstext,https://math.wisc.edu/graduate/master-of-arts-foundation-of-studies/,,
"University of Wisconsin, Madison",MA,Mathematics,文理学院,,https://guide.wisc.edu/graduate/mathematics/mathematics-ma/mathematics-foundations-advanced-studies-ma/#admissionstext,https://math.wisc.edu/graduate/master-of-arts-foundation-of-studies/,,
"University of Wisconsin, Madison",PHD,Mathematics,文理学院,,https://guide.wisc.edu/graduate/mathematics/mathematics-phd/#admissionstext,https://math.wisc.edu/graduate/phd-program/,,
"University of Illinois, Urbana-Champaign",PHD,Mathematics,文理学院,,https://math.illinois.edu/admissions/graduate-admissions/apply-phd-program,https://math.illinois.edu/academics/graduate-program-mathematics,,
"University of Illinois, Urbana-Champaign",PHD,Mathematics:Actuarial Science & Risk Analytics ,文理学院,,https://math.illinois.edu/admissions/graduate-admissions/apply-phd-program,https://math.illinois.edu/academics/graduate-program-mathematics,,
"University of Illinois, Urbana-Champaign",MMS,Master's of Mathematical Sciences ,文理学院,,https://math.illinois.edu/admissions/graduate-admissions/apply-ms-programs,https://math.illinois.edu/academics/graduate-program-mathematics,,
"University of Illinois, Urbana-Champaign",MS,"Applied Mathematics, MS",文理学院,,https://math.illinois.edu/admissions/graduate-admissions/apply-ms-programs,https://math.illinois.edu/academics/graduate-program-mathematics,,
Boston College,Ph.D.,Mathematics,文理学院,,https://www.bc.edu/content/bc-web/schools/morrissey/graduate/admission.html#requirements,https://www.bc.edu/content/bc-web/schools/morrissey/departments/math/graduate.html,,
University of Washington,MS,Applied Mathematics (MS),文理学院,,https://apply.grad.uw.edu/portal/prog_detail_find_a_program?progid=0-C-AMATH-00-25,https://amath.washington.edu/masters-programs,,
University of Washington,MS,Master of Science in Applied and Computational Mathematics,文理学院,,https://apply.grad.uw.edu/portal/prog_detail_find_a_program?progid=0-C-AMATH-15-25,https://amath.washington.edu/masters-programs,,
University of Washington,PHD,Applied Mathematics (PhD),文理学院,,https://apply.grad.uw.edu/portal/prog_detail_find_a_program?progid=0-C-AMATH-00-41,https://amath.washington.edu/phd-program,,
University of Washington,PHD,"Ph.D., Applied Mathematics: Advanced Data Science",文理学院,,https://apply.grad.uw.edu/portal/prog_detail_find_a_program?progid=0-C-AMATH-00-41,https://amath.washington.edu/phd-program,,
University of Washington,MA,Mathematics (MA) ,文理学院,,https://apply.grad.uw.edu/portal/prog_detail_find_a_program?progid=0-C-MATH-00-25,https://math.washington.edu/graduate-program,,
University of Washington,MS,Mathematics (MS) ,文理学院,,https://apply.grad.uw.edu/portal/prog_detail_find_a_program?progid=0-C-MATH-00-25,https://math.washington.edu/graduate-program,,
University of Washington,PHD,Mathematics (PhD) ,文理学院,,https://apply.grad.uw.edu/portal/prog_detail_find_a_program?progid=0-C-MATH-00-30,https://math.washington.edu/graduate-program,,
University of Washington,PHD,Mathematics (PhD) —Data Science Option,文理学院,,https://apply.grad.uw.edu/portal/prog_detail_find_a_program?progid=0-C-MATH-00-30,https://math.washington.edu/graduate-program,,
"Rutgers University, New Brunswick",MS,Mathematics,文理学院,,https://grad.admissions.rutgers.edu/GraduateProgram/Detail.aspx?id=a501U0000004gG0QAI,https://www.math.rutgers.edu/academics/graduate-program/program-description,,
"Rutgers University, New Brunswick",MS,Mathematics,文理学院,,https://grad.admissions.rutgers.edu/GraduateProgram/Detail.aspx?id=a501U0000004gG0QAI,https://www.math.rutgers.edu/academics/graduate-program/program-description,,
"Rutgers University, New Brunswick",PHD,Mathematics,文理学院,,https://grad.admissions.rutgers.edu/GraduateProgram/Detail.aspx?id=a501U0000004gFfQAI,https://www.math.rutgers.edu/academics/graduate-program/program-description,,
Tufts University,MS,Mathematics,文理学院,,https://asegrad.tufts.edu/program/mathematics-masters,https://math.tufts.edu/academics/graduate-programs/ms-mathematics,,
Tufts University,PHD,Mathematics,文理学院,,https://asegrad.tufts.edu/program/mathematics-doctorate,https://math.tufts.edu/academics/graduate-programs/phd-mathematics,,
Boston University,MA,mathematics,艺术与科学学院,,https://www.bu.edu/math/ma-in-mathematics/,https://www.bu.edu/math/graduate/graduate-degree-programs/,,
Boston University,Ph.D,mathematics,艺术与科学学院,,https://www.bu.edu/math/phd-in-mathematics/,https://www.bu.edu/math/graduate/graduate-degree-programs/,,
"Ohio State University, Columbus",PHD,Mathematics,文理学院,,https://gpadmissions.osu.edu/programs/program.aspx?prog=0129#&&tab=apply,https://math.osu.edu/grad/future/phd,,
"Purdue University, West Lafayette",MS,Mathematics,理学院,,https://www.purdue.edu/academics/ogsps/prospective/gradrequirements/westlafayette/math.html,https://www.math.purdue.edu/academic/grad/index.html,,
"Purdue University, West Lafayette",PHD,Mathematics,理学院,,https://www.purdue.edu/academics/ogsps/prospective/gradrequirements/westlafayette/math.html,https://www.math.purdue.edu/academic/grad/index.html,,
"Purdue University, West Lafayette",PHD,Mathematical and Computational Psychology,健康与人文科学学院,,https://www.purdue.edu/academics/ogsps/prospective/gradrequirements/westlafayette/mcps.html,https://hhs.purdue.edu/graduate-programs/mathematical-and-computational-psychology/,,
"University of Maryland, College Park",MS,Applied Mathematics,计算机、数学与自然科学学院,,https://gradschool.umd.edu/computermathematicalnatural-sciences/amsc,https://amsc.umd.edu/academics/program-concentrations.html,,
"University of Maryland, College Park",PhD,Applied Mathematics,计算机、数学与自然科学学院,,https://gradschool.umd.edu/computermathematicalnatural-sciences/amsc,https://amsc.umd.edu/academics/program-concentrations.html,,
"University of Maryland, College Park",PhD,Mathematics,计算机、数学与自然科学学院,,https://gradschool.umd.edu/computermathematicalnatural-sciences/math,https://www-math.umd.edu/graduate/prospective-students/general-information.html,,
"Texas A&M University, College Station",Ph.D, Mathematics,文理学院,,https://www.math.tamu.edu/graduate/phd/appinfo-phd.html,https://www.math.tamu.edu/graduate/,,
"Texas A&M University, College Station",Ph.D, Mathematics,文理学院,,https://www.math.tamu.edu/graduate/phd/appinfo-phd.html,https://www.math.tamu.edu/graduate/,,
"Texas A&M University, College Station",MS, Mathematics：Teaching track,文理学院,,https://www.math.tamu.edu/graduate/masters/appinfo-ms.html,https://www.math.tamu.edu/graduate/,,
"Texas A&M University, College Station",MS, Mathematics：Teaching track,文理学院,,https://www.math.tamu.edu/graduate/masters/appinfo-ms.html,https://www.math.tamu.edu/graduate/,,
"Texas A&M University, College Station",MS, Mathematics,文理学院,,https://www.math.tamu.edu/graduate/masters/appinfo-ms.html,https://www.math.tamu.edu/graduate/,,
"Texas A&M University, College Station",MS,Computational Math,文理学院,,https://www.math.tamu.edu/graduate/masters/appinfo-ms.html,https://www.math.tamu.edu/graduate/,,
"Texas A&M University, College Station",MS,Industrial Math,文理学院,,https://www.math.tamu.edu/graduate/masters/appinfo-ms.html,https://www.math.tamu.edu/graduate/,,
"Texas A&M University, College Station",MS,Math Biology,文理学院,,https://www.math.tamu.edu/graduate/masters/appinfo-ms.html,https://www.math.tamu.edu/graduate/,,
"Texas A&M University, College Station",MS, Mathematics,文理学院,,https://www.math.tamu.edu/graduate/masters/appinfo-ms.html,https://www.math.tamu.edu/graduate/,,
"Texas A&M University, College Station",MS,Computational Math,文理学院,,https://www.math.tamu.edu/graduate/masters/appinfo-ms.html,https://www.math.tamu.edu/graduate/,,
"Texas A&M University, College Station",MS,Industrial Math,文理学院,,https://www.math.tamu.edu/graduate/masters/appinfo-ms.html,https://www.math.tamu.edu/graduate/,,
"Texas A&M University, College Station",MS,Math Biology,文理学院,,https://www.math.tamu.edu/graduate/masters/appinfo-ms.html,https://www.math.tamu.edu/graduate/,,
Virginia Tech,PHD,Mathematics,理学院,,https://math.vt.edu/grad-math/grad-app-guidelines.html,https://math.vt.edu/grad-math.html,,
Virginia Tech,MS,Mathematics ,理学院,,https://math.vt.edu/grad-math/grad-app-guidelines.html,https://math.vt.edu/grad-math.html,,
Lehigh University,Ph.D,Mathematics,文理学院,,https://cas.lehigh.edu/grad-program/mathematics,https://math.cas.lehigh.edu/graduate-programs-mathematics,,
Lehigh University,MS,Mathematics,文理学院,,https://cas.lehigh.edu/grad-program/mathematics,https://math.cas.lehigh.edu/graduate-programs-mathematics,,
Lehigh University,MS,Applied Mathematics,文理学院,,https://cas.lehigh.edu/grad-program/mathematics,https://math.cas.lehigh.edu/graduate-programs-mathematics,,
Lehigh University,Ph.D,Applied Mathematics,文理学院,,https://cas.lehigh.edu/grad-program/mathematics,https://math.cas.lehigh.edu/graduate-programs-mathematics,,
University of Rochester,Ph.D,Mathematics,文理学院,,https://www.sas.rochester.edu/mth/graduate/apply.html,https://www.sas.rochester.edu/mth/graduate/index.html,,
Wake Forest University,MA, Mathematics (MA),文理研究生院,,https://math.wfu.edu/prospective-students/,https://math.wfu.edu/grad-program-description/,,
University of Georgia,MA,Mathematics,文理学院,,https://www.math.uga.edu/how-apply,https://www.math.uga.edu/ma-degree-mathematics,,
University of Georgia,PHD,Mathematics,文理学院,,https://www.math.uga.edu/how-apply,https://www.math.uga.edu/phd-degree-mathematics,,
University of Georgia,MS,Master of Applied Mathematical Sciences,文理学院,,https://www.math.uga.edu/how-apply,https://www.math.uga.edu/master-applied-mathematical-sciences-mams,,
Northeastern University（Boston）,PHD,Math ,科学学院,,https://cos.northeastern.edu/admissions/graduate-programs/how-to-apply/,https://cos.northeastern.edu/connected-science-community-and-mathematics-phd-program/,,
Northeastern University（Boston）,MS,Applied Math,科学学院,,https://cos.northeastern.edu/admissions/graduate-programs/how-to-apply/,https://cos.northeastern.edu/master-of-science-applied-mathematics/,,
Northeastern University（Boston）,MS,Applied Math,科学学院,,https://cos.northeastern.edu/admissions/graduate-programs/how-to-apply/,https://cos.northeastern.edu/master-of-science-applied-mathematics/,,
Northeastern University（Boston）,MS,Math ,科学学院,,https://cos.northeastern.edu/admissions/graduate-programs/how-to-apply/,https://catalog.northeastern.edu/graduate/science/mathematics/mathematics-ms/,,
Northeastern University（Boston）,MS,Math ,科学学院,,https://cos.northeastern.edu/admissions/graduate-programs/how-to-apply/,https://catalog.northeastern.edu/graduate/science/mathematics/mathematics-ms/,,
Northeastern University（Boston）,MS,Math  Operations Research,科学学院,,https://cos.northeastern.edu/admissions/graduate-programs/how-to-apply/,https://catalog.northeastern.edu/graduate/science/mathematics/msor/,,
Northeastern University（Boston）,MS,Math  Operations Research,科学学院,,https://cos.northeastern.edu/admissions/graduate-programs/how-to-apply/,https://catalog.northeastern.edu/graduate/science/mathematics/msor/,,
Northeastern University（Boston）,硕士预科项目,Applied Mathematics（College of Science）,Global Pathways项目,,https://international.northeastern.edu/global-pathways/how-to-apply/,https://international.northeastern.edu/global-pathways/program/applied-mathematics/,,
Northeastern University（Boston）,硕士预科项目,Applied Mathematics（College of Science）,Global Pathways项目,,https://international.northeastern.edu/global-pathways/how-to-apply/,https://international.northeastern.edu/global-pathways/program/applied-mathematics/,,
Northeastern University（Boston）,硕士预科项目,Operations Research: Mathematics（College of Science）,Global Pathways项目,,https://international.northeastern.edu/global-pathways/how-to-apply/,https://international.northeastern.edu/global-pathways/program/operations-research-mathematics/,,
Northeastern University（Boston）,硕士预科项目,Operations Research: Mathematics（College of Science）,Global Pathways项目,,https://international.northeastern.edu/global-pathways/how-to-apply/,https://international.northeastern.edu/global-pathways/program/operations-research-mathematics/,,
Florida State University,PHD,Pure Mathematics ,文理学院,,https://www.math.fsu.edu/apply/,https://www.math.fsu.edu/graduate-general-info/,,
Florida State University,MS,Pure Mathematics ,文理学院,,https://www.math.fsu.edu/apply/,https://www.math.fsu.edu/graduate-general-info/,,
Florida State University,PHD,Applied & Computational Mathematics,文理学院,,https://www.math.fsu.edu/apply/,https://www.math.fsu.edu/graduate-general-info/,,
Florida State University,MS,Mathematics,文理学院,,https://www.math.fsu.edu/apply/,https://www.math.fsu.edu/graduate-general-info/,,
Florida State University,MS,Mathematical Statistics,文理学院,,https://stat.fsu.edu/graduate-program/admissions,https://stat.fsu.edu/graduate-program/master-science-degree,,
Florida State University,MS,Mathematical Statistics,文理学院,,https://stat.fsu.edu/graduate-program/admissions,https://stat.fsu.edu/graduate-program/master-science-degree,,
Case Western Reserve University,MS ,Mathematics,文理学院,,https://mathstats.case.edu/admission/,https://case.edu/programs/mathematics-ms,,
Case Western Reserve University,PhD,Mathematics,文理学院,,https://mathstats.case.edu/admission/,https://case.edu/programs/mathematics-phd,,
Case Western Reserve University,Ph.D,Applied Mathematics,文理学院,,https://mathstats.case.edu/admission/,https://case.edu/programs/applied-mathematics-phd,,
Case Western Reserve University,MS,Applied Mathematics,文理学院,,https://mathstats.case.edu/admission/,https://case.edu/programs/applied-mathematics-ms,,
"University of Minnesota, Twin Cities",PHD,Mathematics Ph.D.,理工学院,,https://cse.umn.edu/math/doctoral-admissions,https://cse.umn.edu/math/phd-program,,
"University of Minnesota, Twin Cities",MS,MS Mathematics: Data Science,理工学院,,https://cse.umn.edu/math/masters-admissions,https://cse.umn.edu/math/masters-programs,,
"University of Minnesota, Twin Cities",MS,MS Mathematics: Industrial and Applied Mathematics,理工学院,,https://cse.umn.edu/math/masters-admissions,https://cse.umn.edu/math/masters-programs,,
"University of Minnesota, Twin Cities",MS,MS Mathematics: Math Education ,理工学院,,https://cse.umn.edu/math/masters-admissions,https://cse.umn.edu/math/masters-programs,,
"University of Minnesota, Twin Cities",MS,MS Mathematics,理工学院,,https://cse.umn.edu/math/masters-admissions,https://cse.umn.edu/math/masters-programs,,
College of William & Mary,MS,Applied Science—Applied Mathematics,文理学院,,https://www.wm.edu/as/appliedscience/graduateprogram/admission/,https://www.wm.edu/as/appliedscience/graduateprogram/,,
College of William & Mary,MS,Applied Science—Mathematical and Computational Biology,文理学院,,https://www.wm.edu/as/appliedscience/graduateprogram/admission/,https://www.wm.edu/as/appliedscience/graduateprogram/,,
College of William & Mary,Ph.D,Applied Science—Applied Mathematics,文理学院,,https://www.wm.edu/as/appliedscience/graduateprogram/admission/,https://www.wm.edu/as/appliedscience/graduateprogram/,,
College of William & Mary,Ph.D,Applied Science—Mathematical and Computational Biology,文理学院,,https://www.wm.edu/as/appliedscience/graduateprogram/admission/,https://www.wm.edu/as/appliedscience/graduateprogram/,,
College of William & Mary,MS,Applied Science—Applied Mathematics,文理学院,,https://www.wm.edu/as/appliedscience/graduateprogram/admission/,https://www.wm.edu/as/appliedscience/graduateprogram/,,
College of William & Mary,MS,Applied Science—Mathematical and Computational Biology,文理学院,,https://www.wm.edu/as/appliedscience/graduateprogram/admission/,https://www.wm.edu/as/appliedscience/graduateprogram/,,
College of William & Mary,Ph.D,Applied Science—Applied Mathematics,文理学院,,https://www.wm.edu/as/appliedscience/graduateprogram/admission/,https://www.wm.edu/as/appliedscience/graduateprogram/,,
College of William & Mary,Ph.D,Applied Science—Mathematical and Computational Biology,文理学院,,https://www.wm.edu/as/appliedscience/graduateprogram/admission/,https://www.wm.edu/as/appliedscience/graduateprogram/,,
University of Connecticut,M.S.,Mathematics,文理学院,,https://math.uconn.edu/degree-programs/graduate/admissions/,https://math.uconn.edu/degree-programs/graduate/m-s-in-mathematics/,,
University of Connecticut,Ph.D.,Mathematics,文理学院,,https://math.uconn.edu/degree-programs/graduate/admissions/,https://math.uconn.edu/degree-programs/graduate/ph-d-in-mathematics/,,
"Stony Brook University, SUNY",PHD,Mathematics,文理学院,,https://www.math.stonybrook.edu/applying-phd-program,https://www.math.stonybrook.edu/phd-requirements,,
"Stony Brook University, SUNY",MA,Mathematics,文理学院,,https://www.math.stonybrook.edu/master-arts-degree-professional-option,https://www.math.stonybrook.edu/master-arts-degree-professional-option,,
"Stony Brook University, SUNY",MS,Computational Applied Mathematics  ,工程与应用科学学院,,https://www.stonybrook.edu/commcms/ams/graduate/_resources/applying-to-the-AMS-grad-program.php,https://www.stonybrook.edu/commcms/ams/graduate/cam/index.php,,
"Stony Brook University, SUNY",PHD,Computational Applied Mathematics  ,工程与应用科学学院,,https://www.stonybrook.edu/commcms/ams/graduate/_resources/applying-to-the-AMS-grad-program.php,https://www.stonybrook.edu/commcms/ams/graduate/cam/index.php,,
"Stony Brook University, SUNY",MS,Computational Applied Mathematics  ,工程与应用科学学院,,https://www.stonybrook.edu/commcms/ams/graduate/_resources/applying-to-the-AMS-grad-program.php,https://www.stonybrook.edu/commcms/ams/graduate/cam/index.php,,
"Stony Brook University, SUNY",PHD,Computational Applied Mathematics  ,工程与应用科学学院,,https://www.stonybrook.edu/commcms/ams/graduate/_resources/applying-to-the-AMS-grad-program.php,https://www.stonybrook.edu/commcms/ams/graduate/cam/index.php,,
"North Carolina State University, Raleigh",MS,Applied Mathematics,科学学院,,https://math.sciences.ncsu.edu/graduate/how-to-apply/,https://math.sciences.ncsu.edu/graduate/m-s-programs/,,
"North Carolina State University, Raleigh",MS,Applied Mathematics,科学学院,,https://math.sciences.ncsu.edu/graduate/how-to-apply/,https://math.sciences.ncsu.edu/graduate/m-s-programs/,,
"North Carolina State University, Raleigh",MS,Mathematics,科学学院,,https://math.sciences.ncsu.edu/graduate/how-to-apply/,https://math.sciences.ncsu.edu/graduate/m-s-programs/,,
"North Carolina State University, Raleigh",MS,Mathematics,科学学院,,https://math.sciences.ncsu.edu/graduate/how-to-apply/,https://math.sciences.ncsu.edu/graduate/m-s-programs/,,
"North Carolina State University, Raleigh",PHD,Applied Mathematics,科学学院,,https://math.sciences.ncsu.edu/graduate/how-to-apply/,https://math.sciences.ncsu.edu/graduate/ph-d-programs/,,
"North Carolina State University, Raleigh",PHD,Mathematics,科学学院,,https://math.sciences.ncsu.edu/graduate/how-to-apply/,https://math.sciences.ncsu.edu/graduate/ph-d-programs/,,
"North Carolina State University, Raleigh",PHD,Computational Mathematics,科学学院,,https://math.sciences.ncsu.edu/graduate/how-to-apply/,https://math.sciences.ncsu.edu/graduate/ph-d-programs/,,
"North Carolina State University, Raleigh",PHD,Interdisciplinary Mathematics,科学学院,,https://math.sciences.ncsu.edu/graduate/how-to-apply/,https://math.sciences.ncsu.edu/graduate/ph-d-programs/,,
"Pennsylvania State University, University Park",PHD,Mathematics ,科学学院,,https://science.psu.edu/math/graduate/admission/requirements,https://science.psu.edu/math/graduate/phd-program,,
Brandeis University,Ph.D,Mathematics,文理研究生院,,https://www.brandeis.edu/gsas/programs/math.html,https://www.brandeis.edu/mathematics/graduate/index.html,,
Brandeis University,MA/MS,Mathematics,文理研究生院,,https://www.brandeis.edu/gsas/programs/math.html,https://www.brandeis.edu/mathematics/graduate/index.html,,
"University of California, Merced",MS,Applied Mathematics,自然科学学院,,https://uc-merced.foleon.com/grad-division/appliedmath/applying,https://appliedmath.ucmerced.edu/academics/graduate-studies,,
"University of California, Merced",Ph.D.,Applied Mathematics,自然科学学院,,https://uc-merced.foleon.com/grad-division/appliedmath/applying,https://appliedmath.ucmerced.edu/academics/graduate-studies,,
Rensselaer Polytechnic Institute,Ph.D,Mathematics,科学学院,,https://admissions.rpi.edu/graduate/masters-and-phd-applicants,https://science.rpi.edu/mathematical-sciences/programs/graduate/phd,,
Rensselaer Polytechnic Institute,Ph.D,Mathematics,科学学院,,https://admissions.rpi.edu/graduate/masters-and-phd-applicants,https://science.rpi.edu/mathematical-sciences/programs/graduate/phd,,
Rensselaer Polytechnic Institute,MS,Mathematics,科学学院,,https://admissions.rpi.edu/graduate/masters-and-phd-applicants,https://science.rpi.edu/mathematical-sciences/programs/graduate/ms,,
Rensselaer Polytechnic Institute,MS,Mathematics,科学学院,,https://admissions.rpi.edu/graduate/masters-and-phd-applicants,https://science.rpi.edu/mathematical-sciences/programs/graduate/ms,,
Rensselaer Polytechnic Institute,MS,Applied Mathematics,科学学院,,https://admissions.rpi.edu/graduate/masters-and-phd-applicants,https://science.rpi.edu/mathematical-sciences/programs/graduate/ms-applied-mathematics,,
Rensselaer Polytechnic Institute,MS,Applied Mathematics,科学学院,,https://admissions.rpi.edu/graduate/masters-and-phd-applicants,https://science.rpi.edu/mathematical-sciences/programs/graduate/ms-applied-mathematics,,
Michigan State University,PHD,"Computational Mathematics, Science and Engineering - ",工程学院,,https://cmse.msu.edu/Academics/grad_program/phd/how_to_apply/index.aspx,https://cmse.msu.edu/Academics/grad_program/phd/index.aspx,,
Michigan State University,PHD,"Computational Mathematics, Science and Engineering - ",工程学院,,https://cmse.msu.edu/Academics/grad_program/phd/how_to_apply/index.aspx,https://cmse.msu.edu/Academics/grad_program/phd/index.aspx,,
Michigan State University,MS,"Computational Mathematics, Science and Engineering - ",工程学院,,,https://cmse.msu.edu/Academics/grad_program/master_degree.aspx,,
Michigan State University,MS,"Computational Mathematics, Science and Engineering - ",工程学院,,,https://cmse.msu.edu/Academics/grad_program/master_degree.aspx,,
Michigan State University,PHD,Mathematics - ,自然科学学院,,https://math.msu.edu/Graduate/apply.aspx,https://math.msu.edu/Graduate/index.aspx,,
Michigan State University,PHD,Applied Mathematics - ,自然科学学院,,https://math.msu.edu/Graduate/apply.aspx,https://math.msu.edu/Graduate/index.aspx,,
Michigan State University,MS,Industrial Mathematics ,自然科学学院,,https://math.msu.edu/MSIM/admission_requirements.aspx,https://math.msu.edu/MSIM/index.aspx,,
Michigan State University,MS,Mathematics ,自然科学学院,,https://math.msu.edu/graduate/apply.aspx,https://math.msu.edu/Graduate/index.aspx,,
Michigan State University,MS,Applied Mathematics ,自然科学学院,,https://math.msu.edu/graduate/apply.aspx,https://math.msu.edu/Graduate/index.aspx,,
Santa Clara University,MS,Applied Mathematics in Mathematical Finance,工程学院,,https://www.scu.edu/engineering/graduate/apply-here/,https://www.scu.edu/engineering/academic-programs/department-of-applied-mathematics/graduate/,,
Santa Clara University,MS,Applied Mathematics in Mathematical Finance,工程学院,,https://www.scu.edu/engineering/graduate/apply-here/,https://www.scu.edu/engineering/academic-programs/department-of-applied-mathematics/graduate/,,
Santa Clara University,MS,Applied Mathematics in Mathematical Finance,工程学院,,https://www.scu.edu/engineering/graduate/apply-here/,https://www.scu.edu/engineering/academic-programs/department-of-applied-mathematics/graduate/,,
Santa Clara University,MS,Applied Mathematics,工程学院,,https://www.scu.edu/engineering/graduate/apply-here/,https://www.scu.edu/engineering/academic-programs/department-of-applied-mathematics/graduate/,,
Santa Clara University,MS,Applied Mathematics,工程学院,,https://www.scu.edu/engineering/graduate/apply-here/,https://www.scu.edu/engineering/academic-programs/department-of-applied-mathematics/graduate/,,
Santa Clara University,MS,Applied Mathematics,工程学院,,https://www.scu.edu/engineering/graduate/apply-here/,https://www.scu.edu/engineering/academic-programs/department-of-applied-mathematics/graduate/,,
"University of Massachusetts, Amherst",MS,Applied Mathematics,自然科学学院,,https://www.umass.edu/mathematics-statistics/academics/graduate/applied-ms#applications-and-admissions,https://www.umass.edu/mathematics-statistics/academics/graduate/applied-ms,,
"University of Massachusetts, Amherst",PHD,Mathematics,自然科学学院,,https://www.umass.edu/mathematics-statistics/academics/graduate/how-to-apply,https://www.umass.edu/mathematics-statistics/academics/graduate,,
University of Miami,PHD,Mathematics,文理学院,,https://mathematics.miami.edu/grad/application/index.html,https://mathematics.miami.edu/grad/program-requirements/index.html,,
University of Miami,MS,Mathematics,文理学院,,https://mathematics.miami.edu/grad/application/index.html,https://mathematics.miami.edu/grad/program-requirements/index.html,,
University of Miami,MAT,Mathematics,文理学院,,https://mathematics.miami.edu/grad/application/index.html,https://mathematics.miami.edu/grad/program-requirements/index.html,,
University of Pittsburgh,PHD,Mathematics,文理研究生院,,https://www.mathematics.pitt.edu/graduate/admissions-and-financial-aid,https://www.mathematics.pitt.edu/graduate/graduate-degree-programs,,
University of Pittsburgh,MA,Mathematics,文理研究生院,,https://www.mathematics.pitt.edu/graduate/admissions-and-financial-aid,https://www.mathematics.pitt.edu/graduate/graduate-degree-programs,,
University of Pittsburgh,MS,Mathematics,文理研究生院,,https://www.mathematics.pitt.edu/graduate/admissions-and-financial-aid,https://www.mathematics.pitt.edu/graduate/graduate-degree-programs,,
George Washington University,PHD,Mathematics,文理学院,,https://bulletin.gwu.edu/arts-sciences/mathematics/phd/#admissionstext,https://math.columbian.gwu.edu/phd-mathematics,,
George Washington University,MA,Mathematics ,文理学院,,https://bulletin.gwu.edu/arts-sciences/mathematics/ma/#admissionstext,https://math.columbian.gwu.edu/ma-mathematics,,
George Washington University,MS,Applied Mathematics ,文理学院,,https://bulletin.gwu.edu/arts-sciences/mathematics/ms/#admissionstext,https://math.columbian.gwu.edu/ms-applied-mathematics,,
Villanova University,MA,Master of Arts in Mathematics,文理学院,,https://www1.villanova.edu/university/liberal-arts-sciences/graduate-studies/graduate-programs/mathematics.html,https://www1.villanova.edu/university/liberal-arts-sciences/programs/mathematics-statistics/graduate-programs/ma-mathematics.html,,
Villanova University,MA,Master of Arts in Mathematics,文理学院,,https://www1.villanova.edu/university/liberal-arts-sciences/graduate-studies/graduate-programs/mathematics.html,https://www1.villanova.edu/university/liberal-arts-sciences/programs/mathematics-statistics/graduate-programs/ma-mathematics.html,,
Villanova University,MA,Mathematics,文理学院,,https://www1.villanova.edu/university/liberal-arts-sciences/graduate-studies/graduate-programs/mathematics.html,https://www1.villanova.edu/university/liberal-arts-sciences/programs/mathematics-statistics/graduate-programs/ma-mathematics.html,,
Syracuse University,MS,Mathematics M.S.,文理学院,,https://artsandsciences.syracuse.edu/mathematics/graduate-studies/faq/,https://artsandsciences.syracuse.edu/mathematics/graduate-studies/,,
Syracuse University,PHD,Mathematics Ph.D.,文理学院,,https://artsandsciences.syracuse.edu/mathematics/graduate-studies/faq/,https://artsandsciences.syracuse.edu/mathematics/graduate-studies/,,
Tulane University,MS,Mathematics  ,理工学院,,https://sse.tulane.edu/math/academics/graduate/admissions,https://sse.tulane.edu/math/academics/graduate/programs,,
Tulane University,MS,Mathematics  ,理工学院,,https://sse.tulane.edu/math/academics/graduate/admissions,https://sse.tulane.edu/math/academics/graduate/programs,,
Tulane University,PhD,Mathematics  ,理工学院,,https://sse.tulane.edu/math/academics/graduate/admissions,https://sse.tulane.edu/math/academics/graduate/programs,,
Tulane University,PhD,Mathematics  ,理工学院,,https://sse.tulane.edu/math/academics/graduate/admissions,https://sse.tulane.edu/math/academics/graduate/programs,,
Tulane University,MS,Applied Mathematics  ,理工学院,,https://sse.tulane.edu/math/academics/graduate/admissions,https://sse.tulane.edu/math/academics/graduate/programs,,
Tulane University,MS,Applied Mathematics  ,理工学院,,https://sse.tulane.edu/math/academics/graduate/admissions,https://sse.tulane.edu/math/academics/graduate/programs,,
"Binghamton University, SUNY",PHD,Mathematical Sciences (PHD),文理学院,,https://www.binghamton.edu/apps/academics/program/gd/mathematical-sciences,https://www.binghamton.edu/math/graduate/,,
"Binghamton University, SUNY",PHD,Mathematical Sciences (PHD),文理学院,,https://www.binghamton.edu/apps/academics/program/gd/mathematical-sciences,https://www.binghamton.edu/math/graduate/,,
"Binghamton University, SUNY",MA,Mathematical Sciences (MA),文理学院,,https://www.binghamton.edu/apps/academics/program/gd/mathematical-sciences,https://www.binghamton.edu/math/graduate/,,
"Binghamton University, SUNY",MA,Mathematical Sciences (MA),文理学院,,https://www.binghamton.edu/apps/academics/program/gd/mathematical-sciences,https://www.binghamton.edu/math/graduate/,,
"Indiana University, Bloomington",Ph.D.,Mathematical Physics (Physics),文理学院,,https://physics.indiana.edu/graduate/how-to-apply/index.html,https://physics.indiana.edu/graduate/doctoral-degrees/index.html,,
"Indiana University, Bloomington",M.A.,Mathematics,文理学院,,https://math.indiana.edu/graduate/how-to-apply/index.html,https://math.indiana.edu/graduate/index.html,,
"Indiana University, Bloomington",Ph.D.,Mathematics,文理学院,,https://math.indiana.edu/graduate/how-to-apply/index.html,https://math.indiana.edu/graduate/index.html,,
"Indiana University, Bloomington",Ph.D.,Mathematical Physics (Mathematics),文理学院,,https://math.indiana.edu/graduate/how-to-apply/index.html,https://math.indiana.edu/graduate/index.html,,
"University of California, Riverside",MA,Mathematics ,自然与农业科学学院,,https://mathdept.ucr.edu/application-tips,https://mathdept.ucr.edu/prospective-graduate-students,,
"University of California, Riverside",MS,Mathematics ,自然与农业科学学院,,https://mathdept.ucr.edu/application-tips,https://mathdept.ucr.edu/prospective-graduate-students,,
"University of California, Riverside",MS, Applied Mathematics,自然与农业科学学院,,https://mathdept.ucr.edu/application-tips,https://mathdept.ucr.edu/prospective-graduate-students,,
"University of California, Riverside",PHD,Mathematics ,自然与农业科学学院,,https://mathdept.ucr.edu/application-tips,https://mathdept.ucr.edu/prospective-graduate-students,,
Colorado School of Mines,MS, Applied Mathematics and Statistics—COMPUTATIONAL AND APPLIED MATHEMATICS（非论文）,应用数学和统计学系,,https://gradprograms.mines.edu/applied-mathematics-and-statistics/,https://ams.mines.edu/graduate-program/,,
Colorado School of Mines,MS, Applied Mathematics and Statistics—COMPUTATIONAL AND APPLIED MATHEMATICS（论文）,应用数学和统计学系,,https://gradprograms.mines.edu/applied-mathematics-and-statistics/,https://ams.mines.edu/graduate-program/,,
Colorado School of Mines,MS, Applied Mathematics and Statistics—COMPUTATIONAL AND APPLIED MATHEMATICS（论文）,应用数学和统计学系,,https://gradprograms.mines.edu/applied-mathematics-and-statistics/,https://ams.mines.edu/graduate-program/,,
Colorado School of Mines,PHD, Applied Mathematics and Statistics—COMPUTATIONAL AND APPLIED MATHEMATICS,应用数学和统计学系,,https://gradprograms.mines.edu/applied-mathematics-and-statistics/,https://ams.mines.edu/graduate-program/,,
Colorado School of Mines,PHD, Applied Mathematics and Statistics—COMPUTATIONAL AND APPLIED MATHEMATICS,应用数学和统计学系,,https://gradprograms.mines.edu/applied-mathematics-and-statistics/,https://ams.mines.edu/graduate-program/,,
Colorado School of Mines,MS, Applied Mathematics and Statistics—STATISTICS（非论文）,应用数学和统计学系,,https://gradprograms.mines.edu/applied-mathematics-and-statistics/,https://ams.mines.edu/graduate-program/,,
Colorado School of Mines,MS, Applied Mathematics and Statistics—STATISTICS（论文）,应用数学和统计学系,,https://gradprograms.mines.edu/applied-mathematics-and-statistics/,https://ams.mines.edu/graduate-program/,,
Colorado School of Mines,MS, Applied Mathematics and Statistics—STATISTICS（论文）,应用数学和统计学系,,https://gradprograms.mines.edu/applied-mathematics-and-statistics/,https://ams.mines.edu/graduate-program/,,
Colorado School of Mines,PHD, Applied Mathematics and Statistics—STATISTICS,应用数学和统计学系,,https://gradprograms.mines.edu/applied-mathematics-and-statistics/,https://ams.mines.edu/graduate-program/,,
Colorado School of Mines,PHD, Applied Mathematics and Statistics—STATISTICS,应用数学和统计学系,,https://gradprograms.mines.edu/applied-mathematics-and-statistics/,https://ams.mines.edu/graduate-program/,,
Colorado School of Mines,MS, Applied Mathematics and Statistics—DATA SCIENCE（非论文）,应用数学和统计学系,,https://gradprograms.mines.edu/applied-mathematics-and-statistics/,https://ams.mines.edu/graduate-program/,,
"University at Buffalo, SUNY",MS,Natural Science-Interdisciplinary MS,文理学院,,https://arts-sciences.buffalo.edu/college/departments-and-programs/social-sciences/graduate-interdisciplinary/admissions.html,https://arts-sciences.buffalo.edu/college/departments-and-programs/social-sciences/graduate-interdisciplinary/degree-options/natural-sciences-mathematics.html,,
"University at Buffalo, SUNY",MA,Mathematics MA,文理学院,,https://www.buffalo.edu/cas/math/grad/grad-admissions.html,https://www.buffalo.edu/cas/math/grad/master-program.html,,
"University at Buffalo, SUNY",MA,Mathematics MA,文理学院,,https://www.buffalo.edu/cas/math/grad/grad-admissions.html,https://www.buffalo.edu/cas/math/grad/master-program.html,,
"University at Buffalo, SUNY",MS,Master of Science (MS)   in Computational and Applied Mathematics,文理学院,,https://www.buffalo.edu/cas/math/grad/grad-admissions.html,https://www.buffalo.edu/cas/math/grad/ms-program.html,,
"University at Buffalo, SUNY",PhD,Mathematics PhD,文理学院,,https://www.buffalo.edu/cas/math/grad/grad-admissions.html,https://www.buffalo.edu/cas/math/grad/doctoral-program.html,,
"University at Buffalo, SUNY",PhD,Mathematics PhD,文理学院,,https://www.buffalo.edu/cas/math/grad/grad-admissions.html,https://www.buffalo.edu/cas/math/grad/doctoral-program.html,,
Stevens Institute of Technology,PHD,"MATHEMATICS, M.S.",工程与科学学院,,https://www.stevens.edu/program/mathematics-phd,https://www.stevens.edu/program/mathematics-phd,,
Stevens Institute of Technology,PHD,"MATHEMATICS, M.S.",工程与科学学院,,https://www.stevens.edu/program/mathematics-phd,https://www.stevens.edu/program/mathematics-phd,,
Stevens Institute of Technology,MS,"MATHEMATICS, M.S.",工程与科学学院,,https://www.stevens.edu/program/mathematics-masters,https://www.stevens.edu/program/mathematics-masters,,
Stevens Institute of Technology,MS,"MATHEMATICS, M.S.",工程与科学学院,,https://www.stevens.edu/program/mathematics-masters,https://www.stevens.edu/program/mathematics-masters,,
Stevens Institute of Technology,MS,"MATHEMATICS, M.S.",工程与科学学院,,https://www.stevens.edu/program/applied-mathematics-masters,https://www.stevens.edu/program/applied-mathematics-masters,,
Stevens Institute of Technology,MS,"ACTUARIAL MATHEMATICS AND QUANTITATIVE RISK, M.S.",工程与科学学院,,https://www.stevens.edu/program/applied-mathematics-masters,https://www.stevens.edu/program/applied-mathematics-masters,,
University of Delaware,PhD ,Mathematics,文理学院,,https://www.udel.edu/academics/colleges/grad/prospective-students/programs/mathematics/,https://www.mathsci.udel.edu/educational-programs/the-graduate-program,,
University of Delaware,PhD ,Mathematics,文理学院,,https://www.udel.edu/academics/colleges/grad/prospective-students/programs/mathematics/,https://www.mathsci.udel.edu/educational-programs/the-graduate-program,,
University of Delaware,MS ,Mathematics,文理学院,,https://www.udel.edu/academics/colleges/grad/prospective-students/programs/mathematics/,https://www.mathsci.udel.edu/educational-programs/the-graduate-program,,
University of Delaware,MS ,Mathematics,文理学院,,https://www.udel.edu/academics/colleges/grad/prospective-students/programs/mathematics/,https://www.mathsci.udel.edu/educational-programs/the-graduate-program,,
University of Delaware,PhD ,Applied Mathematics,文理学院,,https://www.udel.edu/academics/colleges/grad/prospective-students/programs/applied-mathematics/,https://www.mathsci.udel.edu/educational-programs/the-graduate-program,,
University of Delaware,PhD ,Applied Mathematics,文理学院,,https://www.udel.edu/academics/colleges/grad/prospective-students/programs/applied-mathematics/,https://www.mathsci.udel.edu/educational-programs/the-graduate-program,,
University of Delaware,MS,Applied Mathematics,文理学院,,https://www.udel.edu/academics/colleges/grad/prospective-students/programs/applied-mathematics/,https://www.mathsci.udel.edu/educational-programs/the-graduate-program,,
University of Delaware,MS,Applied Mathematics,文理学院,,https://www.udel.edu/academics/colleges/grad/prospective-students/programs/applied-mathematics/,https://www.mathsci.udel.edu/educational-programs/the-graduate-program,,
"University of California, Santa Cruz",M.S,Applied mathematics,工程部,,https://www.gradadmissions.ucsc.edu/apm,https://grad.soe.ucsc.edu/applied-mathematics,,
"University of California, Santa Cruz",Ph.D.,Applied mathematics,工程部,,https://www.gradadmissions.ucsc.edu/apm,https://grad.soe.ucsc.edu/applied-mathematics,,
"University of California, Santa Cruz",M.S,Scientific Computing & Applied thetics,工程部,,https://www.gradadmissions.ucsc.edu/scam,https://grad.soe.ucsc.edu/scicam/,,
"University of California, Santa Cruz",M.A,thetics,物理与生物科学部,,https://www.gradadmissions.ucsc.edu/math,https://www.math.ucsc.edu/graduate/index.html,,
"University of California, Santa Cruz",Ph.D.,thetics,物理与生物科学部,,https://www.gradadmissions.ucsc.edu/math,https://www.math.ucsc.edu/graduate/index.html,,
"Rutgers University, Newark",PHD,Mathematical Sciences (PHD) Newark,研究生院,,https://grad.admissions.rutgers.edu/GraduateProgram/Detail.aspx?id=a501U0000004gNSQAY,https://sasn.rutgers.edu/phd-mathematical-sciences,,
Worcester Polytechnic Institute,MS,Applied Mathematics,文理学院,,https://www.wpi.edu/admissions/graduate/how-to-apply?itemId=6236,https://www.wpi.edu/academics/study/applied-mathematics-ms,,
Worcester Polytechnic Institute,MS,Applied Mathematics,文理学院,,https://www.wpi.edu/admissions/graduate/how-to-apply?itemId=6236,https://www.wpi.edu/academics/study/applied-mathematics-ms,,
Worcester Polytechnic Institute,MS,Industrial Mathematics,文理学院,,https://www.wpi.edu/admissions/graduate/how-to-apply?itemId=6486,https://www.wpi.edu/academics/study/industrial-mathematics-ms,,
Worcester Polytechnic Institute,MS,Industrial Mathematics,文理学院,,https://www.wpi.edu/admissions/graduate/how-to-apply?itemId=6486,https://www.wpi.edu/academics/study/industrial-mathematics-ms,,
Worcester Polytechnic Institute,PHD,Mathematical Sciences,文理学院,,https://www.wpi.edu/admissions/graduate/how-to-apply?itemId=6561,https://www.wpi.edu/academics/study/mathematical-sciences-phd,,
Worcester Polytechnic Institute,PHD,Mathematical Sciences,文理学院,,https://www.wpi.edu/admissions/graduate/how-to-apply?itemId=6561,https://www.wpi.edu/academics/study/mathematical-sciences-phd,,
"University of Illinois, Chicago",MS,MS – Pure Mathematics,文理学院,,https://catalog.uic.edu/gcat/colleges-schools/liberal-arts-sciences/math/ms/,https://mscs.uic.edu/graduate/degree-programs/ms-pure-math/,,
"University of Illinois, Chicago",MS,MS – Pure Mathematics,文理学院,,https://catalog.uic.edu/gcat/colleges-schools/liberal-arts-sciences/math/ms/,https://mscs.uic.edu/graduate/degree-programs/ms-pure-math/,,
"University of Illinois, Chicago",MS,MS – Pure Mathematics,文理学院,,https://catalog.uic.edu/gcat/colleges-schools/liberal-arts-sciences/math/ms/,https://mscs.uic.edu/graduate/degree-programs/ms-pure-math/,,
"University of Illinois, Chicago",MS,MS – Applied Mathematics,文理学院,,https://catalog.uic.edu/gcat/colleges-schools/liberal-arts-sciences/math/ms/,https://mscs.uic.edu/graduate/degree-programs/ms-applied-math/,,
"University of Illinois, Chicago",MS,MS – Applied Mathematics,文理学院,,https://catalog.uic.edu/gcat/colleges-schools/liberal-arts-sciences/math/ms/,https://mscs.uic.edu/graduate/degree-programs/ms-applied-math/,,
"University of Illinois, Chicago",MS,MS – Applied Mathematics,文理学院,,https://catalog.uic.edu/gcat/colleges-schools/liberal-arts-sciences/math/ms/,https://mscs.uic.edu/graduate/degree-programs/ms-applied-math/,,
"University of Illinois, Chicago",MS,MS – Mathematical Computer Science,文理学院,,https://catalog.uic.edu/gcat/colleges-schools/liberal-arts-sciences/math/ms/,https://mscs.uic.edu/graduate/degree-programs/ms-computer-science/,,
"University of Illinois, Chicago",MS,MS – Mathematical Computer Science,文理学院,,https://catalog.uic.edu/gcat/colleges-schools/liberal-arts-sciences/math/ms/,https://mscs.uic.edu/graduate/degree-programs/ms-computer-science/,,
"University of Illinois, Chicago",MS,MS – Mathematical Computer Science,文理学院,,https://catalog.uic.edu/gcat/colleges-schools/liberal-arts-sciences/math/ms/,https://mscs.uic.edu/graduate/degree-programs/ms-computer-science/,,
"University of Illinois, Chicago",PhD,Mathematics,文理学院,,https://catalog.uic.edu/gcat/colleges-schools/liberal-arts-sciences/math/phd/,https://mscs.uic.edu/graduate/degree-programs/phd/,,
Clemson University,MS,Mathematical Sciences,理学院,,https://www.clemson.edu/degrees/mathematical-sciences/grad,https://www.clemson.edu/science/academics/departments/mathstat/academics/grad-overview.html,,
Clemson University,MS,Mathematical Sciences,理学院,,https://www.clemson.edu/degrees/mathematical-sciences/grad,https://www.clemson.edu/science/academics/departments/mathstat/academics/grad-overview.html,,
Clemson University,PhD,Mathematical Sciences,理学院,,https://www.clemson.edu/degrees/mathematical-sciences/grad,https://www.clemson.edu/science/academics/departments/mathstat/academics/grad-overview.html,,
Clemson University,PhD,Mathematical Sciences,理学院,,https://www.clemson.edu/degrees/mathematical-sciences/grad,https://www.clemson.edu/science/academics/departments/mathstat/academics/grad-overview.html,,
Marquette University,MS,Computational Mathematical and Statistical Sciences  ,文理学院,,https://www.marquette.edu/grad/programs-computational-mathematical-statistical-sciences.php,https://www.marquette.edu/mathematical-and-statistical-sciences/graduate-program-computational-mathematical-and-statistical-sciences.php,,
Marquette University,PHD,Computational Mathematical and Statistical Sciences  ,文理学院,,https://www.marquette.edu/grad/programs-computational-mathematical-statistical-sciences.php,https://www.marquette.edu/mathematical-and-statistical-sciences/graduate-program-computational-mathematical-and-statistical-sciences.php,,
New Jersey Institute of Technology,M.S.,Applied Mathematics - M.S.,科学与人文学院,,https://www.njit.edu/admissions/how-apply-graduate-admissions,https://math.njit.edu/ms-applied-mathematics,,
New Jersey Institute of Technology,PhD,Applied Mathematics Track,科学与人文学院,,https://www.njit.edu/admissions/how-apply-graduate-admissions,https://www.njit.edu/academics/degree/phd-mathematical-sciences,,
New Jersey Institute of Technology,PhD,Pure Mathematics Track,科学与人文学院,,https://www.njit.edu/admissions/how-apply-graduate-admissions,https://www.njit.edu/academics/degree/phd-mathematical-sciences,,
University of South Florida,PhD,Mathematics,文理学院,,https://www.usf.edu/arts-sciences/departments/mathematics-statistics/graduate/prospective-grad-students.aspx,https://www.usf.edu/arts-sciences/departments/mathematics-statistics/graduate/index.aspx,,
University of South Florida,PhD,Mathematics,文理学院,,https://www.usf.edu/arts-sciences/departments/mathematics-statistics/graduate/prospective-grad-students.aspx,https://www.usf.edu/arts-sciences/departments/mathematics-statistics/graduate/index.aspx,,
University of South Florida,PhD,Mathematics：Pure and Applied,文理学院,,https://www.usf.edu/arts-sciences/departments/mathematics-statistics/graduate/prospective-grad-students.aspx,https://www.usf.edu/arts-sciences/departments/mathematics-statistics/graduate/index.aspx,,
University of South Florida,PhD,Mathematics：Pure and Applied,文理学院,,https://www.usf.edu/arts-sciences/departments/mathematics-statistics/graduate/prospective-grad-students.aspx,https://www.usf.edu/arts-sciences/departments/mathematics-statistics/graduate/index.aspx,,
University of South Florida,PhD,Mathematics：Statistics,文理学院,,https://www.usf.edu/arts-sciences/departments/mathematics-statistics/graduate/prospective-grad-students.aspx,https://www.usf.edu/arts-sciences/departments/mathematics-statistics/graduate/index.aspx,,
University of South Florida,PhD,Mathematics：Statistics,文理学院,,https://www.usf.edu/arts-sciences/departments/mathematics-statistics/graduate/prospective-grad-students.aspx,https://www.usf.edu/arts-sciences/departments/mathematics-statistics/graduate/index.aspx,,
University of South Florida,MA,Mathematics,文理学院,,https://www.usf.edu/arts-sciences/departments/mathematics-statistics/graduate/prospective-grad-students.aspx,https://www.usf.edu/arts-sciences/departments/mathematics-statistics/graduate/index.aspx,,
University of South Florida,MA,Mathematics,文理学院,,https://www.usf.edu/arts-sciences/departments/mathematics-statistics/graduate/prospective-grad-students.aspx,https://www.usf.edu/arts-sciences/departments/mathematics-statistics/graduate/index.aspx,,
University of South Florida,MA,Applied Mathematics,文理学院,,https://www.usf.edu/arts-sciences/departments/mathematics-statistics/graduate/prospective-grad-students.aspx,https://www.usf.edu/arts-sciences/departments/mathematics-statistics/graduate/index.aspx,,
University of South Florida,MA,Applied Mathematics,文理学院,,https://www.usf.edu/arts-sciences/departments/mathematics-statistics/graduate/prospective-grad-students.aspx,https://www.usf.edu/arts-sciences/departments/mathematics-statistics/graduate/index.aspx,,
Southern Methodist University,PHD,computational and applied mathematics,人文与科学学院,,https://grad.smu.edu/graduate-studies-in-computational-and-applied-mathematics,https://www.smu.edu/dedman/academics/departments/math/graduate,,
Southern Methodist University,MS,computational and applied mathematics,人文与科学学院,,https://grad.smu.edu/graduate-studies-in-computational-and-applied-mathematics,https://www.smu.edu/dedman/academics/departments/math/graduate,,
Temple University,PhD,Mathematics PhD,科学技术学院,,https://www.temple.edu/academics/degree-programs/mathematics-phd-st-math-phd/admissions-information,https://www.temple.edu/academics/degree-programs/mathematics-phd-st-math-phd,,
Temple University,MS,Mathematics MS,科学技术学院,,https://www.temple.edu/academics/degree-programs/mathematics-ms-st-math-ms/admissions-information,https://www.temple.edu/academics/degree-programs/mathematics-ms-st-math-ms,,
University of Iowa,MS, Mathematics,文理学院,,https://grad.admissions.uiowa.edu/academics/mathematics-ms-or-phd,https://math.uiowa.edu/graduate,,
University of Iowa,Ph.D, Mathematics,文理学院,,https://grad.admissions.uiowa.edu/academics/mathematics-ms-or-phd,https://math.uiowa.edu/graduate,,
University of Iowa,MS, Mathematics,文理学院,,https://grad.admissions.uiowa.edu/academics/mathematics-ms-or-phd,https://math.uiowa.edu/graduate,,
University of Iowa,Ph.D, Mathematics,文理学院,,https://grad.admissions.uiowa.edu/academics/mathematics-ms-or-phd,https://math.uiowa.edu/graduate,,
University of Iowa,Ph.D,Applied Mathematical & Computational Sciences,文理学院,,https://grad.admissions.uiowa.edu/academics/applied-mathematical-computational-sciences-phd,https://amcs.uiowa.edu/,,
Auburn University,MAM,Applied Mathematics,科学与数学学院,,https://www.auburn.edu/academic/cosam/departments/math/students/grad/prospective/index.htm,https://www.auburn.edu/academic/cosam/departments/math/students/grad/math-programs.htm,,
Auburn University,MS,Mathematics,科学与数学学院,,https://www.auburn.edu/academic/cosam/departments/math/students/grad/prospective/index.htm,https://www.auburn.edu/academic/cosam/departments/math/students/grad/math-programs.htm,,
Auburn University,PhD,Mathematics,科学与数学学院,,https://www.auburn.edu/academic/cosam/departments/math/students/grad/prospective/index.htm,https://www.auburn.edu/academic/cosam/departments/math/students/grad/math-programs.htm,,
Auburn University,PhD,Doctor of Philosophy in Mathematics with Concentration in Statistics,科学与数学学院,,https://www.auburn.edu/academic/cosam/departments/math/students/grad/prospective/index.htm,https://www.auburn.edu/academic/cosam/departments/math/students/grad/stats-programs.htm,,
Baylor University,Ph.D.,Mathematics ,文理学院,,https://math.artsandsciences.baylor.edu/graduate-program/apply-our-programs,https://math.artsandsciences.baylor.edu/graduate-program,,
Texas Christian University,MS,Mathematics,理工学院,,https://www.cse.tcu.edu/academics/graduate-programs.php,https://www.cse.tcu.edu/mathematics/graduate/index.php,,
Texas Christian University,MS,Mathematics,理工学院,,https://www.cse.tcu.edu/academics/graduate-programs.php,https://cse.tcu.edu/mathematics/graduate/index.php,,
Texas Christian University,MAT,Mathematics,理工学院,,https://www.cse.tcu.edu/academics/graduate-programs.php,https://cse.tcu.edu/mathematics/graduate/index.php,,
Texas Christian University,MAT,Mathematics,理工学院,,https://www.cse.tcu.edu/academics/graduate-programs.php,https://cse.tcu.edu/mathematics/graduate/index.php,,
Texas Christian University,Ph.D,Mathematics,理工学院,,https://www.cse.tcu.edu/academics/graduate-programs.php,https://cse.tcu.edu/mathematics/graduate/index.php,,
Texas Christian University,Ph.D,Mathematics,理工学院,,https://www.cse.tcu.edu/academics/graduate-programs.php,https://cse.tcu.edu/mathematics/graduate/index.php,,
Drexel University,MS,Mathematics,文理学院,,https://drexel.edu/academics/grad-professional-programs/coas/mathematics,https://drexel.edu/coas/academics/graduate-programs/mathematics/,,
Drexel University,PhD,Mathematics,文理学院,,https://drexel.edu/academics/grad-professional-programs/coas/mathematics,https://drexel.edu/coas/academics/graduate-programs/mathematics/,,
University of Oregon,PhD,Mathematics,文理学院,,https://naturalsciences.uoregon.edu/mathematics/apply/graduate-admissions,https://naturalsciences.uoregon.edu/mathematics/graduate-programs,,
"Rutgers University, Camden",M.B.S.,BUSINESS & SCIENCE M.B.S.,文理研究生院,,https://graduateschool.camden.rutgers.edu/business-and-science-m-b-s/,https://mbs.rutgers.edu/,,
"Rutgers University, Camden",M.S.,MATHEMATICAL SCIENCES M.S.,文理研究生院,,https://graduateschool.camden.rutgers.edu/mathematical-sciences/,https://math.camden.rutgers.edu/programs/graduate/,,
Rochester Institute of Technology,MS,Applied and Computational Mathematics MS ,数学与统计学院,,https://www.rit.edu/study/applied-and-computational-mathematics-ms,https://www.rit.edu/study/applied-and-computational-mathematics-ms,,
Rochester Institute of Technology,Ph.D.,Mathematical Modeling Ph.D. ,数学与统计学院,,https://www.rit.edu/study/mathematical-modeling-phd,https://www.rit.edu/study/mathematical-modeling-phd,,
Illinois Institute of Technology,M.A.S,Applied Mathematics (M.A.S.),计算机学院,,https://www.iit.edu/admissions-aid/graduate-admission/international-students,https://www.iit.edu/academics/programs/applied-mathematics-mas,,
Illinois Institute of Technology,M.S.,Applied Mathematics (M.S.),计算机学院,,https://www.iit.edu/admissions-aid/graduate-admission/international-students,https://www.iit.edu/academics/programs/applied-mathematics-ms,,
Illinois Institute of Technology,Ph.D.,Applied Mathematics (Ph.D.),计算机学院,,https://www.iit.edu/admissions-aid/graduate-admission/international-students,https://www.iit.edu/academics/programs/applied-mathematics-phd,,
Saint Louis University,MA,Master of Arts in Mathematics,文理学院,,https://www.slu.edu/arts-and-sciences/academics/degrees/graduate/mathematics-ma.php,https://www.slu.edu/arts-and-sciences/academics/degrees/graduate/mathematics-ma.php,,
Saint Louis University,MA,Master of Arts in Mathematics,文理学院,,https://www.slu.edu/arts-and-sciences/academics/degrees/graduate/mathematics-ma.php,https://www.slu.edu/arts-and-sciences/academics/degrees/graduate/mathematics-ma.php,,
Saint Louis University,PhD,Doctor of Philosophy in Mathematics ,文理学院,,https://www.slu.edu/arts-and-sciences/academics/degrees/graduate/mathematics-phd.php,https://www.slu.edu/arts-and-sciences/academics/degrees/graduate/mathematics-phd.php,,
Saint Louis University,PhD,Doctor of Philosophy in Mathematics ,文理学院,,https://www.slu.edu/arts-and-sciences/academics/degrees/graduate/mathematics-phd.php,https://www.slu.edu/arts-and-sciences/academics/degrees/graduate/mathematics-phd.php,,
"University of Colorado, Boulder",MS,Applied Math,工程与应用科学学院,,https://www.colorado.edu/amath/academics/ms-applied-mathematics/admissions-requirements,https://www.colorado.edu/amath/academics/ms-applied-mathematics,,
"University of Colorado, Boulder",MS,Applied Math,工程与应用科学学院,,https://www.colorado.edu/amath/academics/ms-applied-mathematics/admissions-requirements,https://www.colorado.edu/amath/academics/ms-applied-mathematics,,
"University of Colorado, Boulder",PHD,Applied Math,工程与应用科学学院,,https://www.colorado.edu/amath/academics/doctoral-program/applying-graduate-school/graduate-application-checklist,https://www.colorado.edu/amath/academics/doctoral-program,,
"University of Colorado, Boulder",Ph.D,Mathematics,文理学院,,https://www.colorado.edu/math/graduate-program/prospective-students/admissions-procedures,https://www.colorado.edu/math/graduate-program/graduate-program,,
"University of Colorado, Boulder",MA,Mathematics,文理学院,,https://www.colorado.edu/math/graduate-program/prospective-students/admissions-procedures,https://www.colorado.edu/math/graduate-program/graduate-program,,
"University of Colorado, Boulder",MS,Mathematics,文理学院,,https://www.colorado.edu/math/graduate-program/prospective-students/admissions-procedures,https://www.colorado.edu/math/graduate-program/graduate-program,,
American University,MS,Mathematics of Info & Security MS,文理学院,,https://www.american.edu/cas/mathstat/ms/requirements.cfm,https://www.american.edu/cas/mathstat/ms/,,
American University,MS,Mathematics of Info & Security MS,文理学院,,https://www.american.edu/cas/mathstat/ms/requirements.cfm,https://www.american.edu/cas/mathstat/ms/,,
Yeshiva University,MA,Mathematics (MA),科学与卫生学院,,https://www.yu.edu/katz/admissions/grad-admissions,https://www.yu.edu/katz/math-ma,,
Yeshiva University,Ph.D,Mathematical Sciences (PhD),科学与卫生学院,,https://www.yu.edu/katz/admissions/grad-admissions,https://www.yu.edu/katz/math-phd,,
Yeshiva University,MA,Mathematics (MA),科学与卫生学院,,https://www.yu.edu/katz/admissions/grad-admissions,https://www.yu.edu/katz/math-ma,,
Yeshiva University,Ph.D,Mathematical Sciences (PhD),科学与卫生学院,,https://www.yu.edu/katz/admissions/grad-admissions,https://www.yu.edu/katz/math-phd,,
University of Arizona,MA,Mathematics,理学院,,https://grad.arizona.edu/catalog/programinfo/MATHMA,https://www.math.arizona.edu/academics/grads,,
University of Arizona,MS,Mathematics,理学院,,https://grad.arizona.edu/catalog/programinfo/MATHMS,https://www.math.arizona.edu/academics/grads,,
University of Arizona,PHD,Mathematics,理学院,,https://grad.arizona.edu/catalog/programinfo/MATHPHD,https://www.math.arizona.edu/academics/grads,,
University of Arizona,MS,Applied Mathematics (MS),研究生院跨学科课程,,https://grad.arizona.edu/catalog/programinfo/APPLMS,https://gidp.arizona.edu/appliedmath,,
University of Arizona,PHD,Applied Mathematics (PHD),研究生院跨学科课程,,https://grad.arizona.edu/catalog/programinfo/APPLPHD,https://gidp.arizona.edu/appliedmath,,
University of Utah,MA,"Mathematics, M.A.",理学院,,http://www.math.utah.edu/graduate/GraduateInstructions.php,http://www.math.utah.edu/graduate/index.php,,
University of Utah,MS,"Mathematics, M.S.",理学院,,http://www.math.utah.edu/graduate/GraduateInstructions.php,http://www.math.utah.edu/graduate/index.php,,
University of Utah,Ph.D.,"Mathematics, Ph.D.",理学院,,http://www.math.utah.edu/graduate/GraduateInstructions.php,http://www.math.utah.edu/graduate/index.php,,
University of Utah,M.Stat.,"Mathematics, M.Stat.",理学院,,http://www.math.utah.edu/graduate/GraduateInstructions.php,http://www.math.utah.edu/graduate/index.php,,
University of Utah,MA,"Mathematics, M.A.",理学院,,http://www.math.utah.edu/graduate/GraduateInstructions.php,http://www.math.utah.edu/graduate/index.php,,
University of Utah,MS,"Mathematics, M.S.",理学院,,http://www.math.utah.edu/graduate/GraduateInstructions.php,http://www.math.utah.edu/graduate/index.php,,
University of Utah,Ph.D.,"Mathematics, Ph.D.",理学院,,http://www.math.utah.edu/graduate/GraduateInstructions.php,http://www.math.utah.edu/graduate/index.php,,
University of Utah,M.Stat.,"Mathematics, M.Stat.",理学院,,http://www.math.utah.edu/graduate/GraduateInstructions.php,http://www.math.utah.edu/graduate/index.php,,
University of Utah,MA,"Mathematics, M.A.",理学院,,http://www.math.utah.edu/graduate/GraduateInstructions.php,http://www.math.utah.edu/graduate/index.php,,
University of Utah,MS,"Mathematics, M.S.",理学院,,http://www.math.utah.edu/graduate/GraduateInstructions.php,http://www.math.utah.edu/graduate/index.php,,
University of Utah,Ph.D.,"Mathematics, Ph.D.",理学院,,http://www.math.utah.edu/graduate/GraduateInstructions.php,http://www.math.utah.edu/graduate/index.php,,
University of Utah,M.Stat.,"Mathematics, M.Stat.",理学院,,http://www.math.utah.edu/graduate/GraduateInstructions.php,http://www.math.utah.edu/graduate/index.php,,
Howard University,PHD,Mathematics,文理学院,,https://gs.howard.edu/mathematics-phd,https://mathematics.howard.edu/academics/graduate-program,,
Howard University,PHD,Mathematics,文理学院,,https://gs.howard.edu/mathematics-phd,https://mathematics.howard.edu/academics/graduate-program,,
"Brigham Young University, Provo",MS,Mathematics (MS),科学学院,,https://math.byu.edu/?page_id=129,https://math.byu.edu/?page_id=125,,
"Brigham Young University, Provo",MS,Mathematics (MS),科学学院,,https://math.byu.edu/?page_id=129,https://math.byu.edu/?page_id=125,,
"Brigham Young University, Provo",MS,Mathematics (MS),科学学院,,https://math.byu.edu/?page_id=129,https://math.byu.edu/?page_id=125,,
"Brigham Young University, Provo",MS,Mathematics (MS),科学学院,,https://math.byu.edu/?page_id=129,https://math.byu.edu/?page_id=125,,
"Brigham Young University, Provo",PHD,Mathematics (PhD),科学学院,,https://math.byu.edu/?page_id=129,https://math.byu.edu/?page_id=125,,
"Brigham Young University, Provo",PHD,Mathematics (PhD),科学学院,,https://math.byu.edu/?page_id=129,https://math.byu.edu/?page_id=125,,
"Brigham Young University, Provo",PHD,Mathematics (PhD),科学学院,,https://math.byu.edu/?page_id=129,https://math.byu.edu/?page_id=125,,
"Brigham Young University, Provo",PHD,Mathematics (PhD),科学学院,,https://math.byu.edu/?page_id=129,https://math.byu.edu/?page_id=125,,
University of Denver,PhD,Mathematics,自然科学与数学学院,,https://www.du.edu/academics/admission-steps/mathematics-phd-2022-2023,https://science.du.edu/mathematics/content/math-graduate-degrees,,
University of Denver,MS,Mathematics,自然科学与数学学院,,https://www.du.edu/academics/admission-steps/mathematics-ms-2022-2023,https://science.du.edu/mathematics/content/math-graduate-degrees,,
University of Denver,MA,Mathematics,自然科学与数学学院,,https://www.du.edu/academics/admission-steps/mathematics-ma-2022-2023,https://science.du.edu/mathematics/content/math-graduate-degrees,,
University of Denver,PhD,Mathematics,自然科学与数学学院,,https://www.du.edu/academics/admission-steps/mathematics-phd-2022-2023,https://science.du.edu/mathematics/content/math-graduate-degrees,,
University of Denver,MS,Mathematics,自然科学与数学学院,,https://www.du.edu/academics/admission-steps/mathematics-ms-2022-2023,https://science.du.edu/mathematics/content/math-graduate-degrees,,
University of Denver,MA,Mathematics,自然科学与数学学院,,https://www.du.edu/academics/admission-steps/mathematics-ma-2022-2023,https://science.du.edu/mathematics/content/math-graduate-degrees,,
University of Vermont,PHD,Mathematical Sciences ,工程与数学科学学院,,http://www.uvm.edu/~cems/mathstat/?Page=grad/math/phd.php&SM=grad/_gradmenu.html,http://www.uvm.edu/~cems/mathstat/?Page=grad/math/phd.php&SM=grad/_gradmenu.html,,
University of Vermont,MST,Mathematics ,工程与数学科学学院,,http://www.uvm.edu/~cems/mathstat/?Page=grad/math/default.php&SM=grad/_gradmenu.html,http://www.uvm.edu/~cems/mathstat/?Page=grad/math/default.php&SM=grad/_gradmenu.html,,
University of Vermont,MS,Mathematics ,工程与数学科学学院,,http://www.uvm.edu/~cems/mathstat/?Page=grad/math/default.php&SM=grad/_gradmenu.html,http://www.uvm.edu/~cems/mathstat/?Page=grad/math/default.php&SM=grad/_gradmenu.html,,
University of Vermont,PHD,Mathematical Sciences ,工程与数学科学学院,,http://www.uvm.edu/~cems/mathstat/?Page=grad/math/phd.php&SM=grad/_gradmenu.html,http://www.uvm.edu/~cems/mathstat/?Page=grad/math/phd.php&SM=grad/_gradmenu.html,,
University of Vermont,MST,Mathematics ,工程与数学科学学院,,http://www.uvm.edu/~cems/mathstat/?Page=grad/math/default.php&SM=grad/_gradmenu.html,http://www.uvm.edu/~cems/mathstat/?Page=grad/math/default.php&SM=grad/_gradmenu.html,,
University of Vermont,MS,Mathematics ,工程与数学科学学院,,http://www.uvm.edu/~cems/mathstat/?Page=grad/math/default.php&SM=grad/_gradmenu.html,http://www.uvm.edu/~cems/mathstat/?Page=grad/math/default.php&SM=grad/_gradmenu.html,,
"Miami University, Oxford",MS, Mathematics,文理学院,,http://miamioh.edu/cas/academics/departments/mathematics/admission/index.html,http://miamioh.edu/cas/academics/departments/mathematics/academics/graduate-studies/degree-requirements/index.html,,
"Miami University, Oxford",MA, Mathematics,文理学院,,http://miamioh.edu/cas/academics/departments/mathematics/admission/index.html,http://miamioh.edu/cas/academics/departments/mathematics/academics/graduate-studies/degree-requirements/index.html,,
"Miami University, Oxford",MS,Applied Mathematics,文理学院,,http://miamioh.edu/cas/academics/departments/mathematics/admission/index.html,http://miamioh.edu/cas/academics/departments/mathematics/academics/graduate-studies/degree-requirements/index.html,,
Loyola University Chicago,MS,Mathematics ,文理学院,,https://www.luc.edu/gradschool/applicationinfo.shtml,https://luc.edu/math/msmath/curriculum/index.shtml,,
Loyola University Chicago,MS,Mathematics ,文理学院,,https://www.luc.edu/gradschool/applicationinfo.shtml,https://luc.edu/math/msmath/curriculum/index.shtml,,
Loyola University Chicago,MS,Mathematics ,文理学院,,https://www.luc.edu/gradschool/applicationinfo.shtml,https://luc.edu/math/msmath/curriculum/index.shtml,,
