排名,大学名称,大学英文名称,所在城市,专业中文名称,专业英文名称,所属院系,所属院系（英文）,所属院系网址,学位,专业领域,课程长度,申请费（美元),开学期,截止日期,GPA,托福,雅思,GRE,GMAT,学术背景,材料要求,招生网址,专业网址
2,麻省理工学院,Massachusetts Institute of Technology,"Cambridge, MA",土木与环境工程：工程系统数据科学 （DSES） ,Civil and Environmental Engineering：Data Science for Engineering Systems (DSES) track,土木与环境工程系,Department of Civil and Environmental Engineering,https://cee.mit.edu,Meng,选择两个重点领域：可持续性的计算建模和设计或弹性基础设施系统和服务。,,$90 ,秋季,12月1日,要求,100,首选，7.5,不要求,不接受,,Statement of objectives；Three letters of recommendation；Transcripts；CV or Resume；Abstracts of published articles or conference presentations (optional),https://oge.mit.edu/programs/civil-and-environmental-engineering/,https://cee.mit.edu/education/graduate/graduate-degrees/
2,麻省理工学院,Massachusetts Institute of Technology,"Cambridge, MA",社会和工程系统,Social and Engineering Systems," 
数据，系统和社会研究所",MIT Schwarzman College of Computing,https://computing.mit.edu,PhD,通过结合分析工具和统计数据和信息科学与工程和社会科学的工具和方法的方法解决具体和societally显著的问题。重点是社会技术系统、自治系统、能源系统、金融、社会网络和城市系统等领域,,$90 ,秋季," 
12月15日",要求,不接受,7.5,不要求,不接受,具有工程或应用数学背景；具有社会科学背景的学生 - 特别是具有定量分析背景的学生,Statement of objectives；Three letters of recommendation；Transcripts；CV,https://oge.mit.edu/programs/institute-for-data-systems-and-society/,https://idss.mit.edu/academics/ses_doc/
2,麻省理工学院,Massachusetts Institute of Technology,"Cambridge, MA",数据，经济学与发展政策,"Data, Economics, and Development Policy",经济学系,Department of Economics,https://economics.mit.edu,MAS,,8个月,$90 ,春季,1月13日,要求,100,首选，7.0,不要求,不接受,在线和校园混合课程，首先按照自己的进度成功完成在线MITx MicroMasters证书，然后才能向麻省理工学院申请DEDP硕士课程。国际申请人需要跟学校确认是否可以获取F1签证,Statement of objectives；Three letters of recommendation；Transcripts,https://oge.mit.edu/programs/data-economics-and-development-policy/,https://economics.mit.edu/academic-programs/masters-programs/masters-data-economics-and-design-policy-dedp
3,哈佛大学,Harvard University,"Cambridge, MA",公共政策硕士: 数据和研究方法方向,Master in Public Policy,哈佛大学肯尼迪学院,Harvard Kennedy School,https://www.hks.harvard.edu,MPP,攻读数据和研究方法课程的学生将通过成功完成合格课程中的至少 16 个学分来培养定量分析和研究方法技能。,2年,$100 ,秋季,12月1日,要求,100，小分不低于25 ,7.0，小分不低于7.0 ,要求,要求,"Bachelor’s degree. Regardless of your undergraduate major, we would like to see evidence of quantitative proficiency such as success in undergraduate-level economics, statistics, or calculus courses.Work experience preferred, but not required. ",Essays;C.V. or Resume;Three letters of recommendation; transcripts,https://www.hks.harvard.edu/admissions-aid/masters-program-admissions/how-apply,https://www.hks.harvard.edu/admissions-blog/data-research-methods-track
3,哈佛大学,Harvard University,"Cambridge, MA",国际发展公共管理硕士: 数据和研究方法方向,Master in Public Administration in International Development,哈佛大学肯尼迪学院,Harvard Kennedy School,https://www.hks.harvard.edu,MPP / ID,攻读数据和研究方法课程的学生将通过成功完成合格课程中的至少 16 个学分来培养定量分析和研究方法技能。,2年,$100 ,秋季,12月1日,要求,100，小分不低于25 ,7.0，小分不低于7.0 ,要求，建议Q160+,要求,"Bachelor’s degree. We do not have a preferred undergraduate major, but we would like to see evidence of quantitative proficiency such as success in undergraduate-level economics, statistics, or calculus courses.Minimum of 2-3 years of professional work experience strongly preferred.",Essays;C.V. or Resume;Three letters of recommendation; transcripts,https://www.hks.harvard.edu/admissions-aid/masters-program-admissions/how-apply,https://www.hks.harvard.edu/admissions-blog/data-research-methods-track
3,哈佛大学,Harvard University,"Cambridge, MA",公共管理硕士: 数据和研究方法方向,Master in Public Administration,哈佛大学肯尼迪学院,Harvard Kennedy School,https://www.hks.harvard.edu,MPP,攻读数据和研究方法课程的学生将通过成功完成合格课程中的至少 16 个学分来培养定量分析和研究方法技能。,2年,$100 ,秋季,12月1日,要求,100，小分不低于25 ,7.0，小分不低于7.0 ,要求,要求,Bachelor’s degree；Three years of professional work experience by the start of the academic year ,Essays;C.V. or Resume;Three letters of recommendation; transcripts,https://www.hks.harvard.edu/admissions-aid/masters-program-admissions/how-apply,https://www.hks.harvard.edu/admissions-blog/data-research-methods-track
3,哈佛大学,Harvard University,"Cambridge, MA",职业中期公共管理硕士: 数据和研究方法方向,Mid-Career Master in Public Administration,哈佛大学肯尼迪学院,Harvard Kennedy School,https://www.hks.harvard.edu,MC/MPA,攻读数据和研究方法课程的学生将通过成功完成合格课程中的至少 16 个学分来培养定量分析和研究方法技能。,1年,$100 ,秋季,12月1日,要求,100，小分不低于25 ,7.0，小分不低于7.0 ,可选,可选,Bachelor’s degree；Three years of professional work experience by the start of the academic year ,Essays;C.V. or Resume;Three letters of recommendation; transcripts,https://www.hks.harvard.edu/admissions-aid/masters-program-admissions/how-apply,https://www.hks.harvard.edu/admissions-blog/data-research-methods-track
3,斯坦福大学,Stanford University,"Stanford, CA",‌教育数据科学,‌Education Data Science,教育学院,Graduate School of Education,https://ed.stanford.edu,PhD,,5年,$125 ,秋季,12月2日,要求,100，低于109入学后需参加“English placement testing‘,不接受,25年不要求，但可提交来增强申请,不接受,,Statement of Purpose；letters of recommendation；Transcripts；Resume/CV,https://ed.stanford.edu/admissions/application-reqs/programs,https://ed.stanford.edu/academics/doctoral
3,斯坦福大学,Stanford University,"Stanford, CA",教育数据科学（MS）,Education Data Science (MS),教育学院,Stanford Graduate School of Education,https://ed.stanford.edu/,MS,,2年,$125 ,秋季,1 月9 日,要求,100，低于109入学后需参加“English placement testing‘,不接受,25年不要求，但可提交来增强申请,不接受,,Statement of Purpose；letters of recommendation；Transcripts；Resume/CV,https://ed.stanford.edu/admissions/application-reqs/programs,https://ed.stanford.edu/academics/masters
3,斯坦福大学,Stanford University,"Stanford, CA",生物医学数据科学,Biomedical Data Science,生物科学学院,Department of Biomedical Data Science,https://dbds.stanford.edu/,PhD,本项目统一通过生物科学博士项目申请,,$125 ,秋季,12月1日；12月3日,要求,100，低于109入学后需参加“English placement testing‘,不接受,不要求,不接受,,Statement of purpose；Letters of recommendation；Transcripts ；CV,https://biosciences.stanford.edu/how-to-apply/,https://biosciences.stanford.edu/program-overview/
3,斯坦福大学,Stanford University,"Stanford, CA",生物医学数据科学,Biomedical Data Science,生物科学学院,School of Medicine,https://med.stanford.edu,MS,学术(研究)硕士，为博士后提供nlm资助的职位;其他机构也可以申请，但不能保证得到DBDS的资助。,,$125 ,秋季,12月3日,要求,100，低于109入学后需参加“English placement testing‘,不接受,不要求,不接受,,Statement of purpose；Letters of recommendation；Transcripts ；CV,https://dbds.stanford.edu/for-prospective-students/,https://dbds.stanford.edu/biomedical-data-science-graduate-program-overview/
6,宾夕法尼亚大学,University of Pennsylvania,"Philadelphia, PA",城市空间分析,Master of Urban Spatial Analytics,设计学院,Stuart Weitzman School of Design,https://www.design.upenn.edu,MUSA,,1年,$80 ,秋季,1月11日,建议3.3,100，小分不低于25,7.0，小分不低于7.0,不要求,不接受,,Personal Statement；Letters of Recommendation；Résumé；Transcripts；Digital Portfolio；Writing Sample；Research Statement,https://www.design.upenn.edu/graduate-admissions/how-apply,https://www.design.upenn.edu/musa/about
6,宾夕法尼亚大学,University of Pennsylvania,"Philadelphia, PA",社会政策和数据分析,Social Policy+Data Analytics for Social Policy Certificate,社会政策与实践学院,School of Social Policy & Practice,https://sp2.upenn.edu,MSSP + DA,,,$65 ,秋季,12 月 1 日；1月15日,要求,100,7.5,不要求,不要求,, writing sample；Personal Statement；APPLICATION ESSAY ；Resume/CV；Transcripts ；Letters of Recommendation,https://sp3.upenn.edu/how-to-apply-mssp/,https://sp2.upenn.edu/program/master-of-science-in-social-policy-data-analytics-for-social-policy-certificate/
9,布朗大学," 
Brown University","Providence, RI",社会数据分析硕士（Sc.M.）,Social Data Analytics,研究生院,Department of Sociology,https://www.brown.edu/academics/sociology/,MS,市场研究，项目评估，政策工作，社会科学的高级研究和财务分析,,$100 ,秋季,2 月 1 日,要求,105,8,要求,不接受,,Writing Sample;Personal Statement ;Transcripts;Letters of Recommendation ;Resume,https://graduateprograms.brown.edu/graduate-program/social-data-analytics-scm,https://www.brown.edu/academics/sociology/programs/masters-scm-program-social-data-analytics
12,哥伦比亚大学,Columbia University,"New York, NY",数据、学习和社会理学硕士 ,"Master of Science (M.S.) in Data, Learning, and Society",师范学院,Teachers College,https://www.tc.columbia.edu,M.A.,1） 向学生介绍统计和数据 科学基础知识；2） 对各种形式的学习研究有扎实的理解；3） 让学生考虑越来越多地使用学习数据的可能性和问题,,$75 ,秋季,1 月15 日；4 月 1 日,要求,100,7,不要求,不接受,,Statement of Purpose；Resume； Letters of Recommendation；Transcripts,https://www.tc.columbia.edu/human-development/data-learning-and-society/degrees--requirements/data-learning-and-society/,https://www.tc.columbia.edu/human-development/data-learning-and-society/degrees--requirements/data-learning-and-society/
12,哥伦比亚大学,Columbia University,"New York, NY",社会科学中的量化方法项目,Quantitative Methods in the Social Sciences,艺术与科学研究生院,Graduate School of Arts and Sciences,https://www.gsas.columbia.edu,MA,侧重于定量研究技术和策略。该项目融合了经济学、历史学、政治学、心理学、社会学和统计学六门社会科学学科的观点和研究方法。 ,,$120 ,秋季,1 月 16 日,要求,100,7.5,不要求,不接受,,Statement of Purpose；Resume； Letters of Recommendation；Transcripts,https://www.gsas.columbia.edu/content/quantitative-methods-social-sciences,https://qmss.columbia.edu/
12,康奈尔大学,Cornell University,"Ithaca, NY",生物统计学和数据科学,Biostatistics and Data Science,威尔康奈尔医学科学研究生院,Graduate School of Medical Sciences,https://gradschool.weill.cornell.edu,M.S.,,,$75 ,秋季,待定,要求,要求,要求,可选,可选,,Recommendations；Transcripts；Statements of Purpose；CV or Résumé,https://gradschool.weill.cornell.edu/programs/population-health-sciences,https://gradschool.weill.cornell.edu/programs/population-health-sciences
12,芝加哥大学,University of Chicago,"Chicago, IL",计算分析与公共政策硕士,MS in Computational Analysis and Public Policy,物理科学部,Harris School of Public Policy,https://harris.uchicago.edu,MSCAPP,该课程建立了计算机科学、统计学和公共政策分析的基础知识。然后，学生继续学习计量经济学、机器学习、大数据方法、数据可视化和应用程序开发等高级课程，同时学习如何在政策领域应用这些技能。,2年,$50 ,秋季,10月3日；12月5日；1月16日；6月12日,要求,90,7,要求,接受,,Resume；Short Essays；Motivation Statement；Transcripts；Three (3) Letters of Recommendation；Video Statement (International Applicants Only),https://harris.uchicago.edu/admissions/requirements-and-deadlines,https://capp.uchicago.edu/
12,芝加哥大学,University of Chicago,"Chicago, IL",环境科学硕士,MS in Environmental Science,物理科学部,Physical Sciences Division,https://physicalsciences.uchicago.edu,M.S. ,该计划的核心课程为广泛的环境学科所需的数据科学工具奠定了基础，并通过顶点项目来磨练您的技能。该计划的选修课允许您专攻气候科学、生物地球化学、生态学和环境政策等领域。,,$90 ,秋季,2月17日,要求,90,7,不要求,不要求,,Candidate statement；Resume/CV；Three recommendation letters；Transcripts,https://geosci.uchicago.edu/academics/ms-in-environmental-sciences/admissions/,https://geosci.uchicago.edu/academics/ms-in-environmental-sciences//
12,芝加哥大学,University of Chicago,"Chicago, IL",定量方法与社会分析,Quantitative Methods & Social Analysis,社会科学部,Division of the Social Sciences,https://socialsciences.uchicago.edu,MAPSS,,1年,$90 ,秋季,11 月 14 日；1月7日;5月1日,要求,小分不低于25,7（小分不低于7）,要求,不接受,,Official transcripts from all undergraduate institutions；Candidate Statement (1-6 pages)；Three letters of recommendation；A writing sample is strongly recommended,https://socialsciences.uchicago.edu/admissions/how-to-apply,https://mapss.uchicago.edu/programs-of-study
12,芝加哥大学,University of Chicago,"Chicago, IL",计算社会科学,Computational Social Science,社会科学部,Division of the Social Sciences,https://socialsciences.uchicago.edu/,MACSS,,2年,$90 ,秋季,11 月 14 日；1月7日;5月1日,要求,小分不低于25,7（小分不低于7）,不要求,不接受,,Official transcripts from all undergraduate institutions；Candidate Statement (1-3 pages)；Three letters of recommendation；A writing sample is strongly recommended,https://macss.uchicago.edu/apply/application-requirements,https://mapss.uchicago.edu/programs-of-study
12,芝加哥大学,University of Chicago,"Chicago, IL",计算社会科学：经济学,Computational Social Science ：economics,社会科学部,Division of the Social Sciences,https://socialsciences.uchicago.edu,MACSS,,2年,$90 ,秋季,11 月 14 日；1月7日;5月1日,要求,小分不低于25,7（小分不低于7）,要求,不接受,学生必须事先接触过实数分析、计量经济学理论和多变量微积分、线性代数、概率和统计方面的高级课程。需要基于微积分的微观和宏观经济学的坚实基础。,Official transcripts from all undergraduate institutions；Candidate Statement (1-3 pages)；Three letters of recommendation；A writing sample is strongly recommended,https://macss.uchicago.edu/apply/application-requirements,https://mapss.uchicago.edu/programs-of-study
15,加州大学伯克利分校,"University of California, Berkeley","Berkeley, CA",计算社会科学硕士,Master of Computational Social Science (MaCSS),计算社会科学学院,Berkeley Graduate Division,https://grad.berkeley.edu,M.A.,该计划将为拥有社会科学本科学位的学生提供分析和解释社会数据（有关人，社区，组织及其互动的数据）的实践技能，为学生在商业，政府和非营利领域担任数据分析师做好准备。,,$155 ,秋季,12月2日,3,90,7,可选,不接受,鼓励具有社会科学学科本科学位（或同等学历）的申请人申请。这包括（但不限于）人类学、人口学、经济学、地理学、历史学、语言学、心理学、政治学和社会学等学科，以及跨学科的社会科学课程，如传播学、种族研究、性别和性研究、全球研究和政治经济学。,Personal Statement；Letters of Recommendation；Transcripts；Statement of personal history.；Resume or Curriculum Vitae,https://grad.berkeley.edu/program/master-of-computational-social-science-mcss/,https://macss.berkeley.edu/
17,莱斯大学,Rice University,"Houston, TX",应用化学科学：计算化学和数据科学,Applied Chemical Sciences ：Computational Chemistry and Data Science,自然科学学院,Wiess School of Natural Sciences,https://naturalsciences.rice.edu,PSM,环境可持续性，管理和政策以及定量决策,,$85 ,秋季,2月15日,3,90,7,推荐,不接受,,Recommendations；Transcripts；Statements of Purpose；CV or Résumé；,https://profms.rice.edu/application-deadlines,https://profms.rice.edu/programs/applied-chemical-sciences
17,莱斯大学,Rice University,"Houston, TX",应用化学科学：计算化学和数据科学,Applied Chemical Sciences ：Computational Chemistry and Data Science,自然科学学院,Wiess School of Natural Sciences,https://naturalsciences.rice.edu,PSM,帮助个人增加他们对空间工程，科学，计划管理和政策的了解。该计划包括高级工程，生物和物理科学课程，并向学生介绍影响空间商业化和国家政策的经济学，公共政策和管理学科。,,$85 ,春季,10月15日,3,90,7,推荐,不接受,,Recommendations；Transcripts；Statements of Purpose；CV or Résumé；,https://profms.rice.edu/application-deadlines,https://profms.rice.edu/programs/applied-chemical-sciences
21,密歇根大学安娜堡分校,"University of Michigan, Ann Arbor","Ann Arbor, MI",调查和数据科学,Survey and Data Science,文化、科学与艺术学院,Institute for Social Research,https://isr.umich.edu/,Ph.D,,,$90 ,秋季,1月4日,过往均分3.62,84,6.5,不要求,不接受,申请人应具备社会科学学科和统计学方面的强大分析背景,transcripts；Resumes or Curriculum Vitae ；Statement of Purpose； recommendations；,https://psm.isr.umich.edu/graduate-admissions,https://psm.isr.umich.edu/programs-study
21,密歇根大学安娜堡分校,"University of Michigan, Ann Arbor","Ann Arbor, MI",调查和数据科学,Survey and Data Science,文化、科学与艺术学院,Institute for Social Research,https://isr.umich.edu/,MS,,,$90 ,秋季,1月4日,过往均分3.62,84,6.5,不要求,不接受,申请人应具备社会科学学科和统计学方面的强大分析背景,transcripts；Resumes or Curriculum Vitae ；Statement of Purpose； recommendations；,https://psm.isr.umich.edu/graduate-admissions,https://psm.isr.umich.edu/programs-study
22,乔治敦大学,Georgetown University,"Washington, DC",公共政策 数据科学,Data Science for Public Policy,公共政策学院,McCourt School of Public Policy,https://mccourt.georgetown.edu,M.S.,数量社会科学，公共政策基础，公民数据科学，伦理与法律，以及传播,21个月,$90 ,秋季,12月1日;1月15日;3月1日,要求,100，小分不低于22,7,首选,接受,具有统计学，经济学，数学或计算机科学的一些背景，他们有兴趣开发公共部门工作的技术数据技能。需要学士学位（或国际同等学历）。此外，申请人必须完成大学水平的微积分课程，其成绩为B或更高。,Recommendations；Transcripts；Statements of Purpose；CV or Résumé,https://grad.georgetown.edu/public-policy/,https://mccourt.georgetown.edu/master-of-science-in-data-science-for-public-policy/
24," 
弗吉尼亚大学",University of Virginia,"Charlottesville, VA",生物医学工程-数据科学方向,Biomedical Engineering,工程学院,University of Virginia School of Engineering and Applied Science,https://engineering.virginia.edu,ME,在生物医学产品和流程开发的背景下了解机器学习，大型数据管理和数据库系统。,15个月,85，25年免交,秋季,5月30日,要求,90-100,7,可选，但强烈建议国际申请人提供,不接受,前提课程包括入门化学和生物学，物理学（基于微积分的两个学期），通过微分方程的数学和计算机编程（Matlab，C ++或Java）。,transcripts；Resumes or Curriculum Vitae ；Statement of Purpose； recommendations,https://engineering.virginia.edu/graduate-study/future-grad-students/graduate-admission,https://engineering.virginia.edu/department/biomedical-engineering/academics/graduate-programs/me-biomedical-engineering
24,卡耐基梅隆大学,Carnegie Mellon University,"Pittsburgh, PA",公共政策与管理（数据分析）,MACHINE LEARNING & PUBLIC POLICY,信息系统与公共政策学院 ,Heinz College,https://www.heinz.cmu.edu,MSPPM,,2年,,秋季,12月2日；1月10日,要求,推荐100，小分不低于25，学院最低要求为口语20，其余22,推荐7.0分，小分不低于7.0，学院最低要求为6.5，口语6.0，其他6.5,要求,要求,,Statement of Purpose ； transcript；Resume/CV；Letters of recommendation,https://www.heinz.cmu.edu/admissions/public-policy-management/,https://www.heinz.cmu.edu/programs/public-policy-management-master/
24,卡耐基梅隆大学,Carnegie Mellon University,"Pittsburgh, PA",社会计算,Societal Computing,计算机科学学院,School of Computer Science,https://cs.cmu.edu,Ph.D.,,,$100 ,秋季,"11月20日,12月11日",要求,100，小分不低于25,7,可选,不接受,,Statement of Purpose ； transcript；Resume/CV；Letters of recommendation,https://sc.cs.cmu.edu/prospective-students/index.html,https://sc.cs.cmu.edu/program/index.html
24,圣路易斯华盛顿大学,Washington University in St. Louis,"St. Louis, MO",生物统计和数据科学理学硕士,Master of Science in Biostatistics and Data Science (MSBDS),医学院,School of Medicine,https://medicine.wustl.edu,MSBDS,,,$50 ,秋季,1月31日,要求,100,7,不要求,不接受,必须拥有数学、统计学、生物统计学、计算机科学、生物医学工程或其他密切相关领域的认可机构的本科或更高学位，具有良好的定量技能。,Recommendations；Transcripts；Statements of Purpose；CV or Résumé,https://i2db.wustl.edu/education-programs/master-of-science-in-biostatistics-and-data-science/admissions/application-information/,https://i2db.wustl.edu/education-programs/master-of-science-in-biostatistics-and-data-science/
24,圣路易斯华盛顿大学,Washington University in St. Louis,"St. Louis, MO",生物医学信息和数据科学,Biomedical Informatics and Data Science,医学院,Roy and Diana Vagelos Division of Biology & Biomedical Sciences,https://dbbs.wustl.edu,PHD,,,$45 ,秋季,10月31日；12月1日,3.5,100,7.5,不要求,不接受,优先考虑那些不仅在生物学方面有良好培训，而且还有4到6个学期的化学（包括生物化学）以及微积分和物理学相关课程（每个1到2个学期）的申请人,Essay;Portfolio;Recommendations；Transcripts；Statements of Purpose；CV or Résumé,https://dbbs.wustl.edu/admissions/application-requirements/,https://dbbs.wustl.edu/programs/
28,加州大学圣地亚哥分校,"University of California, San Diego","La Jolla, CA",计算社会学,COMPUTATIONAL SOCIAL SCIENCE,社会科学部,Division of Graduate Education and Postdoctoral Affairs,https://grad.ucsd.edu/,MS,,,$155 ,秋季,1月16日； 3 月5 日,3,85,7,可选,不接受,建议先修统计学和/或形式逻辑课程,transcripts；Resumes or Curriculum Vitae ；Statement of Purpose； recommendations；,https://css.ucsd.edu/masters/Prospectives.html,https://css.ucsd.edu/masters/index.html
28,加州大学圣地亚哥分校,"University of California, San Diego","La Jolla, CA",计算社会学,COMPUTATIONAL SOCIAL SCIENCE,社会科学部,School of Social Sciences,https://socialsciences.ucsd.edu/,PhD,通过利用现代计算建模方法和大型自然数据集的技术课程和实践来补充社会科学博士课程。,,$155 ,秋季,ROLL,,,,,,通过社会学部其他博士项目申请本专业的学习,transcripts；Resumes or Curriculum Vitae ；Statement of Purpose； recommendations；,https://css.ucsd.edu/phd-specialization/admissions.html,https://css.ucsd.edu/phd-specialization/index.html
28,加州大学圣地亚哥分校,"University of California, San Diego","La Jolla, CA",计算生物学和数据科学,Computational Biology and Data Science,医学院,UC San Diego School of Medicine,https://medschool.ucsd.edu/,PHD,,,$155 ,秋季,11月下旬，具体时间待定，请见招生网址,3,85,7,不要求，但可提交,不接受,,transcripts；Resumes or Curriculum Vitae ；Statement of Purpose； recommendations；,https://biomedsci.ucsd.edu/how-to-apply/index.html,https://biomedsci.ucsd.edu/training-areas/index.html
28," 
南加州大学",University of Southern California,"Los Angeles, CA",传播数据科学,Communication Data Science,传播与新闻学院,USC Annenberg School for Communication and Journalism,https://annenberg.usc.edu,M.S.,将媒体、市场营销以及沟通的人类和社会方面的高级课程与基础计算机编程课程和数据科学、机器学习、数据可视化、人类-计算机交互、数据管理和人工智能伦理的高级课程相结合。 ,,$90 ,秋季, 12 月 15 日,3,建议114,建议8.0,25年不要求,不接受,社科或工程学的背景,"transcripts，statement of purpose,Resumé/Curriculum Vitae， recommendations, writing samples",https://annenberg.usc.edu/admissions/graduate-applicants,https://annenberg.usc.edu/academics/communication-data-science-ms
28," 
南加州大学",University of Southern California,"Los Angeles, CA",生物医学工程-生物医学数据分析,MS IN BIOMEDICAL ENGINEERING – BIOMEDICAL DATA ANALYTICS,工程学院,Viterbi School of Engineering,https://viterbi.usc.edu,M.S.,旨在向BME研究生介绍生物医学数据分析的数学和计算方法，并展示这些方法在生物医学工程高度重要的选定领域的应用,,$90 ,秋季,12月15日,3,90（with 20 or above in each section）,6.5（with 6 or above on each band）,25年不要求,不接受,拥有任何工程学或与工程学相关学科的认可机构的学士学位，包括但不限于：生物医学工程。,"transcripts，statement of purpose,Resumé/Curriculum Vitae， recommendations",https://viterbigradadmission.usc.edu/programs/masters/msprograms/biomedical-engineering/ms-bme-biomedical-data-analytics/,https://viterbigradadmission.usc.edu/programs/masters/msprograms/biomedical-engineering/ms-bme-biomedical-data-analytics/
28," 
南加州大学",University of Southern California,"Los Angeles, CA",传播数据科学,Master of Science in Communication Data Science,工程学院,USC Viterbi School of Engineering,https://viterbi.usc.edu,M.S.,将媒体，市场营销以及传播的人文和社会方面的高级课程与基础计算机编程课程和数据科学，机器学习，数据可视化，人机交互，数据管理和人工智能伦理的高级课程相结合。,,$90 ,秋季,12月15日,3,90（with 20 or above in each section）,6.5（with 6 or above on each band）,25年不要求,不接受,获得认可机构的学士学位。欢迎拥有传播、新闻、社会科学、工程或计算机科学学士学位的学生申请。,"transcripts，statement of purpose,Resumé/Curriculum Vitae， recommendations",https://viterbigradadmission.usc.edu/programs/masters/msprograms/data-science/master-communication-data-science/,https://viterbigradadmission.usc.edu/programs/masters/msprograms/data-science/master-communication-data-science/
28," 
南加州大学",University of Southern California,"Los Angeles, CA",环境数据科学硕士,MS IN ENVIRONMENTAL DATA SCIENCE,工程学院,USC Viterbi School of Engineering,https://viterbi.usc.edu,M.S.,"将为学生提供以下知识和技能：

在环境科学和数据科学跨学科领域的交叉领域工作
利用数据形成和构建环境管理和可持续性方面的相关问题，确定模式，并提出可操作的见解，以了解和保护地球的自然资源
了解新兴技术在数据科学中的应用及其在环境问题中的应用
高效集成数据科学方法和系统，以分析真实世界的环境数据",,$90 ,秋季,12月15日,3,90（with 20 or above in each section）,6.5（with 6 or above on each band）,25年不要求,不接受,科学、技术、工程、数学或相关社会科学本科学位，具有编程经验或扎实的数学背景。,"transcripts，statement of purpose,Resumé/Curriculum Vitae， recommendations",https://viterbigradadmission.usc.edu/programs/masters/msprograms/data-science/ms-in-environmental-data-science/,https://viterbigradadmission.usc.edu/programs/masters/msprograms/data-science/ms-in-environmental-data-science/
28," 
南加州大学",University of Southern California,"Los Angeles, CA",空间数据科学,Spatial Data Science,工程学院,Spatial Sciences Institute,https://dornsife.usc.edu/spatial-sciences-institute/,M.S.,理解并为大型基于位置的数据环境所带来的重大技术和社会挑战做出贡献，包括其架构，安全性，完整性，管理和可扩展性;了解如何获取和使用空间数据，以支持大型数据环境中的各种形式的分析，建模和地理可视化; 和了解人工智能，机器学习和数据挖掘如何用于增强典型的地理信息科学（GIS）概念和工作流程，以智能地挖掘数据，为各种社会挑战和跨越公共，私人的问题提供以企业为中心的解决方案和非营利部门。,,$90 ,春季,11月1日,3,90（with 20 or above in each section）,6.5（with 6 or above on each band）,25年不要求,不接受,认可的大学的 STEM（科学、技术、工程和数学）或相关社会科学本科学位。,"transcripts，statement of purpose,Resumé/Curriculum Vitae， recommendations",https://gis.usc.edu/admissions/#mssds,https://gis.usc.edu/programs/masters-spatial-data-science/
28," 
南加州大学",University of Southern California,"Los Angeles, CA",空间经济学和数据分析硕士,M.S. in Spatial Economics and Data Analysis,文理学院,USC Dana and David Dornsife College of Letters,https://dornsife.usc.edu,M.S.,利用基于位置的大数据和地理信息科学（GIS）的见解，识别商业机会并应对公共政策挑战，城市经济学和空间计量经济学。,,$90 ,春季,11月1日,3,90（with 20 or above in each section）,6.5（with 6 or above on each band）,不要求,不接受,鼓励学生完成：地理信息系统和/或遥感（或实践/现场经验证明）的入门课程；经济学入门课程,"transcripts，statement of purpose,Resumé/Curriculum Vitae， recommendations",https://gis.usc.edu/admissions/#msseda,https://gis.usc.edu/programs/masters-spatial-economics-and-data-analysis/
28," 
南加州大学",University of Southern California,"Los Angeles, CA",公共政策数据科学,Public Policy Data Science,公共政策学院,Sol Price School of Public Policy,https://priceschool.usc.edu,M.S.,,,$90 ,秋季,12月15日，5月1日 ,3,90（with 20 or above in each section）,6.5（with 6 or above on each band）,要求,不要求,,"transcripts，statement of purpose,Resumé/Curriculum Vitae， recommendations",https://priceschool.usc.edu/mppds/admission/,https://priceschool.usc.edu/mppds/
33,加州大学欧文分校,"University of California, Irvine","Irvine, CA",土木与环境工程,CIVIL AND ENVIRONMENTAL ENGINEERING,工程学院,Samueli School of Engineering,https://engineering.uci.edu/,MENG,提供两个方向：可持续基础设施和土木与环境工程中的数据科学。,2年,$155 ,秋季,12月15；5月15日,3,80,7，小分不低于6,25年豁免,不接受,工程学、计算机科学、物理学或类似专业的学士学位,transcripts；Resumes or Curriculum Vitae ；Statement of Purpose； recommendations；,https://meng.eng.uci.edu/apply/#admission%20requirements,https://meng.eng.uci.edu/explore/#concentrations
33,佐治亚理工学院,Georgia Institute of Technology,"Atlanta, GA",城市分析理学硕士,Master of Science in Urban Analytics,设计学院,School of City & Regional Planning,https://planning.gatech.edu,MS,利用数据分析方面的专业知识，专注于城市地区面临的关键问题。,,$105 ,秋季,1月15日；2月15日；3月4日,3,100，小分不低于20,"7.5，阅读、听力和口语的最低分数为 6.5；写作的最低分数为 5.5,",要求，最低V150+Q150+4.0,不接受,跨学科项目，通过以下项目申请：城市分析（城市规划）；城市分析（计算科学与工程）；城市分析（工业与系统工程） ；  城市分析（交互式计算）,transcripts；Resumes or Curriculum Vitae ；Statement of Purpose； recommendations；,https://grad.gatech.edu/degree-programs/urban-analytics,https://planning.gatech.edu/master-science-urban-analytics
35,加州大学圣塔芭芭拉分校,"University of California, Santa Barbara","Santa Barbara, CA",环境数据科学硕士,MASTER OF ENVIRONMENTAL DATA SCIENCE,环境科学与管理学院,Bren School of Environmental Science & Management,https://bren.ucsb.edu,MEDS,,11个月,$155 ,夏季,12月1日,3,80,7,24年最新政策请见招生网址,不接受,,transcripts；Resumes or Curriculum Vitae ；Statement of Purpose； recommendations；,https://www.graddiv.ucsb.edu/graduate-programs/departments/environmental-science-management-bren-school,https://bren.ucsb.edu/masters-programs/master-environmental-data-science
35,纽约大学,New York University,"New York, NY",数据科学 - 生物医学信息学方向,Data Science – Biomedical Informatics Track,文理研究生院,Graduate School of Arts & Science,https://gsas.nyu.edu,MS,面向对快速发展的生物医学信息学领域感兴趣的学生，该领域影响了许多近期的医疗保健发展，包括个性化医疗的新机会。,,$130 ,秋季,1月22日,要求,100(首选托福),7,可选,不接受,面向具有强大数学、计算机科学和应用统计学背景的学生,transcripts；Resumes or Curriculum Vitae ；Statement of Purpose； recommendations；,https://gsas.nyu.edu/admissions/arc/programs/data-science.html,https://cds.nyu.edu/masters-in-data-science-tracks/
35,纽约大学,New York University,"New York, NY",社会科学研究应用统计（ASSR-MS）,Applied Statistics for Social Science Research (ASSR-MS),文化，教育和人类发展学院,Steinhardt School of Culture,https://steinhardt.nyu.edu,MS,,,$75 ,秋季,1月15日,要求,100,7,可选,不要求,,transcripts；Resumes or Curriculum Vitae ；Statement of Purpose； recommendations；,https://steinhardt.nyu.edu/degree/ms-applied-statistics-social-science-research/how-apply,https://steinhardt.nyu.edu/degree/ms-applied-statistics-social-science-research
35,纽约大学,New York University,"New York, NY",社会科学研究应用统计 (MS) / 公共和非营利管理 (MPA) - 双学位 (ASSD-MS),Applied Statistics for Social Science Research (MS) / Public and Nonprofit Management (MPA) - Dual Degree (ASSD-MS),文化，教育和人类发展学院,Steinhardt School of Culture,https://steinhardt.nyu.edu,MS/MPA,,,$75 ,秋季,1月15日,要求,100,7,可选,不要求,,transcripts；Resumes or Curriculum Vitae ；Statement of Purpose； recommendations；,https://steinhardt.nyu.edu/degree/ms-applied-statistics-mpa-public-and-nonprofit-management-and-policy/how-apply,https://steinhardt.nyu.edu/degree/ms-applied-statistics-mpa-public-and-nonprofit-management-and-policy
35,纽约大学,New York University,"New York, NY",统计学和计算社会科学,Statistics and Computational Social Science,文化，教育和人类发展学院,Steinhardt School of Culture,https://steinhardt.nyu.edu,MS,,,$75 ,秋季,12月1日,要求,100,7,虽然该计划通常需要 GRE，但在 2025 年的招生周期中，不需要 GRE 成绩,不要求,,transcripts；Resumes or Curriculum Vitae ；Statement of Purpose； recommendations；,https://steinhardt.nyu.edu/degree/phd-statistics-and-computational-social-science/how-apply,https://steinhardt.nyu.edu/degree/phd-statistics-and-computational-social-science
35,威斯康辛大学麦迪逊分校,"University of Wisconsin, Madison","Madison, WI",心理学：人类行为中的数据科学,Psychology：DATA SCIENCE IN HUMAN BEHAVIOR,文理学院,College of Letters & Science,https://ls.wisc.edu/,M.S.,,,$81 ,秋季,3月31日,3,92，80-91可能会被录取，但需要入学后参加英语测试并参加课前语言课程,7.0，6.5可能会被录取，但需要入学后参加英语测试并参加课前语言课程,不要求,不接受,鼓励持有社会科学学士学位和强大的统计和/或行为科学研究背景的学生申请,transcripts；Resumes or Curriculum Vitae ；Statement of Purpose； recommendations；,https://guide.wisc.edu/graduate/psychology/psychology-ms/psychology-data-science-human-behavior-ms/#admissionstext,https://datascience.psych.wisc.edu/
35,威斯康辛大学麦迪逊分校,"University of Wisconsin, Madison","Madison, WI",生物医学数据科学，MS,"Biomedical Data Science, M.S.",医学和公共卫生学院,School of Medicine and Public Health,https://med.wisc.edu,M.S.,让学生深入了解计算和统计方法及其在生物学、医学和公共卫生领域广泛问题中的应用。学生将学习如何开发和部署能够理解大型生物医学数据集的工具，在协作的跨学科环境中工作，并成为始终伴随此类数据的团队科学工作的领导者。,,$81 ,秋季,12月15日,3,92，80-91可能会被录取，但需要入学后参加英语测试并参加课前语言课程,7.0，6.5可能会被录取，但需要入学后参加英语测试并参加课前语言课程,不要求,不接受,潜在的学生包括在数据科学领域（例如，计算机科学、统计学）拥有学士学位的学生，以及卫生专业人员和临床医生（例如，医学博士、药学博士、注册护士）。预计被录取的候选人将展示出计算机科学和数学、基本编程技能、数据结构和算法知识以及至少两个学期的大学微积分的能力。,transcripts；Resumes or Curriculum Vitae ；Statement of Purpose； recommendations；,https://guide.wisc.edu/graduate/biostatistics-medical-informatics/biomedical-data-science-ms/#admissionstext,https://biostat.wiscweb.wisc.edu/education/current-students/ms-bds/
35,威斯康辛大学麦迪逊分校,"University of Wisconsin, Madison","Madison, WI",生物医学数据科学，博士,"Biomedical Data Science, Ph.D.",医学和公共卫生学院,School of Medicine and Public Health,https://med.wisc.edu/,Ph.D.,让学生深入了解计算和统计方法及其在生物学、医学和公共卫生领域广泛问题中的应用。学生将学习如何开发和部署能够理解大型生物医学数据集的工具，在协作的跨学科环境中工作，并成为始终伴随此类数据的团队科学工作的领导者。,,$81 ,秋季,12月15日,3,92，80-91可能会被录取，但需要入学后参加英语测试并参加课前语言课程,7.0，6.5可能会被录取，但需要入学后参加英语测试并参加课前语言课程,不要求,不接受,潜在的学生包括在数据科学领域（例如，计算机科学、统计学）拥有学士学位的学生，以及卫生专业人员和临床医生（例如，医学博士、药学博士、注册护士）。预计被录取的候选人将展示出计算机科学和数学、基本编程技能、数据结构和算法知识以及至少两个学期的大学微积分的能力。,transcripts；Resumes or Curriculum Vitae ；Statement of Purpose； recommendations；,https://guide.wisc.edu/graduate/biostatistics-medical-informatics/biomedical-data-science-phd/#admissionstext,https://biostat.wiscweb.wisc.edu/education/current-students/phd-bds/
35,伊利诺伊大学厄本那-香槟分校,"University of Illinois, Urbana-Champaign","Champaign, IL",预测分析与风险管理硕士,statistics-analytics,文理学院,College of Liberal Arts & Sciences,https://las.illinois.edu,MS,预测分析和风险管理硕士学位课程在社会中非常重要的领域提供了严格、现代和基础的教育。它将培养对数据科学、保险和金融有深入而平衡的知识的毕业生，以熟练地解决预测分析和风险管理的问题。 ,,$70 ,秋季,1 月 26 日; 2 月 23 日;3 月29 日;4 月 26 日 ,3,79，低于103入学需参加EPT考试,6.5，低于7.5入学需参加EPT考试,不要求，但可提交,不要求,,transcripts；Resumes or Curriculum Vitae ；Statement of Purpose； recommendations；,https://predictive-analytics.illinois.edu/apply-online/,https://predictive-analytics.illinois.edu/
35,伊利诺伊大学厄本那-香槟分校,"University of Illinois, Urbana-Champaign","Champaign, IL",预测分析与风险管理硕士,statistics-analytics,文理学院,College of Liberal Arts & Sciences,https://las.illinois.edu,MS,预测分析和风险管理硕士学位课程在社会中非常重要的领域提供了严格、现代和基础的教育。它将培养对数据科学、保险和金融有深入而平衡的知识的毕业生，以熟练地解决预测分析和风险管理的问题。 ,,$70 ,春季,10 月 15 日,3,79，低于103入学需参加EPT考试,6.5，低于7.5入学需参加EPT考试,不要求，但可提交,不要求,,transcripts；Resumes or Curriculum Vitae ；Statement of Purpose； recommendations；,https://predictive-analytics.illinois.edu/apply-online/,https://predictive-analytics.illinois.edu/
40,华盛顿大学,University of Washington,"Seattle, WA",生物工程（博士）:数据科学选项,Bioengineering (PhD)：Data Science Option,工程学院,Department of Bioengineering,https://bioe.uw.edu,PHD,参加此选项的学生可以期望与基因组科学，统计学，海洋学，计算机科学与工程以及天文学等类似课程的学生进行互动。数据科学选项是威斯康星大学的官方学位选项，它将成为您的学位标题的一部分，并出现在您的成绩单上。,,$90 ,秋季,12月1日,3,92，低于92高于80需参加语言课程,7.0，低于7.0高于6.5需参加语言课程,可选,不接受,,transcripts；Resumes or Curriculum Vitae ；Statement of Purpose； recommendations；,https://apply.grad.uw.edu/portal/prog_detail_find_a_program?progid=0-O-BIOEN-00-41,https://bioe.uw.edu/academic-programs/phd/
40,华盛顿大学,University of Washington,"Seattle, WA",化学工程（博士）：高级数据科学,Chemical Engineering (PhD)：Advanced Data Science Option,工程学院,University of Washington College of Engineering,https://engr.washington.edu,PHD,,,$90 ,秋季,12月1日,3,92，低于92高于80需参加语言课程,7.0，低于7.0高于6.5需参加语言课程,可选,不接受,要求具有化学工程学士学位或硕士学位,transcripts；Resumes or Curriculum Vitae ；Statement of Purpose； recommendations；,https://apply.grad.uw.edu/portal/prog_detail_find_a_program?progid=0-J-CHEM%20E-00-30,https://www.cheme.washington.edu/graduate_students/prosp_grad/program/ADS.html
40,华盛顿大学,University of Washington,"Seattle, WA",土木与环境工程 -数据科学,Civil & Environmental Engineering - Data Science Option,工程学院,College of Engineering,https://www.engr.washington.edu,PHD,学生使用大型数据集、机器学习、统计推断和可视化技术应对现代土木和环境工程挑战。,,$90 ,秋季,12月15日,3,92，低于92高于80需参加语言课程,7.0，低于7.0高于6.5需参加语言课程,不要求,不接受,适用于在数据科学、计算机科学或编码方面很少或没有背景的学生。,transcripts；Resumes or Curriculum Vitae ；Statement of Purpose； recommendations；,https://apply.grad.uw.edu/portal/prog_detail_find_a_program?progid=0-J-CIV%20E-00-30,https://www.ce.washington.edu/current/phd/data-science-option
40,华盛顿大学,University of Washington,"Seattle, WA",电气工程（MSEE）:数据科学选项,Electrical Engineering (MSEE) - Seattle ：Data Science Option,工程学院,UW Department of Electrical & Computer Engineering,https://www.ece.uw.edu/,MSEE,,,$90 ,秋季,12月15日,3,92，低于92高于80需参加语言课程,7.0，低于7.0高于6.5需参加语言课程,不要求,不接受,具备电气方面的基本背景，拥有数学、物理、化学、计算机科学或其他工程分支等技术领域学位的申请人也可以申请，但需满足先修课程要求，具体请见招生网址,transcripts；Resumes or Curriculum Vitae ；Statement of Purpose； recommendations；,https://apply.grad.uw.edu/portal/prog_detail_find_a_program?progid=0-J-E%20E-00-26,https://www.ece.uw.edu/academics/grad/
40,华盛顿大学,University of Washington,"Seattle, WA",电气工程（博士） :数据科学选项,Electrical Engineering (PhD) - Seattle ：Data Science Option,工程学院,Department of Electrical & Computer Engineering,https://www.ece.uw.edu,PHD,,,$90 ,秋季,12月15日,3,92，低于92高于80需参加语言课程,7.0，低于7.0高于6.5需参加语言课程,不要求,不接受,具备电气方面的基本背景，拥有数学、物理、化学、计算机科学或其他工程分支等技术领域学位的申请人也可以申请，但需满足先修课程要求，具体请见招生网址,transcripts；Resumes or Curriculum Vitae ；Statement of Purpose； recommendations；,https://apply.grad.uw.edu/portal/prog_detail_find_a_program?progid=0-J-E%20E-00-30,https://www.ece.uw.edu/academics/grad/
40,华盛顿大学,University of Washington,"Seattle, WA",应用数学：高级数据科学,"Ph.D., Applied Mathematics: Advanced Data Science",文理学院,College of Arts & Sciences,https://artsci.washington.edu,PHD,,,$90 ,秋季,12月1日；1 月 13日,3.2,92，低于92高于80需参加语言课程,7.0，低于7.0高于6.5需参加语言课程,可选，科目考试可选,不接受,需微分方程、线性代数和科学计算或数值分析先修课程要求,transcripts；Resumes or Curriculum Vitae ；Statement of Purpose； recommendations；,https://apply.grad.uw.edu/portal/prog_detail_find_a_program?progid=0-C-AMATH-00-41,https://amath.washington.edu/phd-program
40,华盛顿大学,University of Washington,"Seattle, WA",心理学博士：数据科学选项,"Ph.D., Psychology: Data Science Option",文理学院,Department of Psychology,https://psych.uw.edu,PHD,,,$90 ,秋季,12月2日,3,92,7,不要求,不接受,,transcripts；Resumes or Curriculum Vitae ；Statement of Purpose； recommendations；,https://apply.grad.uw.edu/portal/prog_detail_find_a_program?progid=0-C-PSYCH-00-41,https://psych.uw.edu/graduate/areas
40,华盛顿大学,University of Washington,"Seattle, WA",统计学（博士）社会科学统计学,Statistics (PhD)-Statistics in the Social Sciences,文理学院,College of Arts & Sciences,https://artsci.washington.edu,PHD,,,$90 ,秋季,12月2日,3,92，口语26,7.0，口语7.0,科目考试可选，录取过程中不使用 GRE 普通考试。,不接受,,transcripts；Resumes or Curriculum Vitae ；Statement of Purpose； recommendations；,https://apply.grad.uw.edu/portal/prog_detail_find_a_program?progid=0-C-STAT-00-30,https://stat.uw.edu/academics/graduate/programs/phd
40,华盛顿大学,University of Washington,"Seattle, WA",水产与渔业科学：数据科学,Aquatic & Fishery Sciences (MS)： DATA SCIENCE TRACK,环境学院,School of Aquatic and Fishery Sciences,https://fish.uw.edu,MS,,,$90 ,秋季,11 月 15 日,3,92,7,不要求,不接受,,transcripts；Resumes or Curriculum Vitae ；Statement of Purpose； recommendations；,https://apply.grad.uw.edu/portal/prog_detail_find_a_program?progid=0-D-AFS-00-25,https://fish.uw.edu/students/graduate-program/
40,华盛顿大学,University of Washington,"Seattle, WA",水产与渔业科学：数据科学,Aquatic & Fishery Sciences (PhD)： DATA SCIENCE TRACK,环境学院,School of Aquatic and Fishery Sciences,https://fish.uw.edu/,PHD,,,$90 ,秋季,11 月 15 日,3,92,7,不要求,不接受,,transcripts；Resumes or Curriculum Vitae ；Statement of Purpose； recommendations；,https://apply.grad.uw.edu/portal/prog_detail_find_a_program?progid=0-D-AFS-00-41,https://fish.uw.edu/students/graduate-program/
40,华盛顿大学,University of Washington,"Seattle, WA",地球与空间科学（博士） : 数据科学 ,Earth and Space Sciences (PhD) ： DATA SCIENCE  TRACK,环境学院,College of the Environment,https://environment.uw.edu/,PHD,地球、太阳系及其历史。获得研究地球内部结构、化学、运动和动力学,,$90 ,秋季,12月1日,3,92,7,不要求,不接受,拥有各种本科专业的学生有资格申请ESS研究生课程。这些包括但不限于：生物学、地球科学、行星科学、数学、化学、物理学和工程学。,transcripts；Resumes or Curriculum Vitae ；Statement of Purpose； recommendations；,https://apply.grad.uw.edu/portal/prog_detail_find_a_program?progid=0-D-ESS-00-41,https://ess.uw.edu/education/graduate-program/
40,华盛顿大学,University of Washington,"Seattle, WA",大气科学: 数据科学 ,Atmospheric Sciences (PhD)： DATA SCIENCE  TRACK,环境学院,,,PHD,,,$90 ,秋季,12月1日,3,92，低于92高于80需参加语言课程,7.0，低于7.0高于6.5需参加语言课程,不要求,不接受,强大的物理，数学或化学背景,transcripts；Resumes or Curriculum Vitae ；Statement of Purpose； recommendations；,https://apply.grad.uw.edu/portal/prog_detail_find_a_program?progid=0-D-ATM%20S-00-41,https://atmos.uw.edu/students/graduate-program/academic-program/data-science-options/
40,华盛顿大学,University of Washington,"Seattle, WA",大气科学:高级数据科学 (ADS) ,Atmospheric Sciences (PhD)：ADVANCED DATA SCIENCE (ADS) TRACK,环境学院,College of the Environment,https://environment.uw.edu,PHD,,,$90 ,秋季,12月1日,3,92，低于92高于80需参加语言课程,7.0，低于7.0高于6.5需参加语言课程,不要求,不接受,强大的物理，数学或化学背景,transcripts；Resumes or Curriculum Vitae ；Statement of Purpose； recommendations；,https://apply.grad.uw.edu/portal/prog_detail_find_a_program?progid=0-D-ATM%20S-00-41,https://atmos.uw.edu/students/graduate-program/academic-program/data-science-options/
40,华盛顿大学,University of Washington,"Seattle, WA",公共政策与管理: 数据科学, PhD (Public Policy & Management) ： DATA SCIENCE  TRACK,公共政策与治理学院,Evans School of Public Policy & Governance,https://evans.uw.edu,PHD,,,$90 ,秋季,12月15日,3,92，低于92高于80需参加语言课程,7.0，低于7.0高于6.5需参加语言课程,可选，但需提交定量背景,不接受,,transcripts；Resumes or Curriculum Vitae ；Statement of Purpose； recommendations；,https://evans.uw.edu/admissions/ph-d-admissions/,https://evans.uw.edu/academic-programs/phd/data-science-and-advanced-data-science-degree-options/
40,华盛顿大学,University of Washington,"Seattle, WA",公共政策与管理:高级数据科学, PhD (Public Policy & Management) ：ADVANCED DATA SCIENCE (ADS) TRACK,公共政策与治理学院,Evans School of Public Policy & Governance,https://evans.uw.edu,PHD,,,$90 ,秋季,12月15日,3,92，低于92高于80需参加语言课程,7.0，低于7.0高于6.5需参加语言课程,可选，但需提交定量背景,不接受,,transcripts；Resumes or Curriculum Vitae ；Statement of Purpose； recommendations；,https://evans.uw.edu/admissions/ph-d-admissions/,https://evans.uw.edu/academic-programs/phd/data-science-and-advanced-data-science-degree-options/
40,罗格斯大学,"Rutgers University, New Brunswick","Piscataway, NJ",公共信息学硕士,Master of Public Informatics,规划与公共政策学院,Edward J. Bloustein School of Planning and Public Policy,https://bloustein.rutgers.edu,MPI,为教育专业学生群体提供了公共信息学所需能力的工具：统计，编程，数据管理，数据分析，可视化，空间分析，应用和这些技能的整合。,,$70 ,秋季,1月15日；4月1日,3,写作 22、口语 23、阅读 21、听力 17。,7,要求,接受,,transcripts；Resumes or Curriculum Vitae ；Statement of Purpose； recommendations；,https://bloustein.rutgers.edu/graduate/apply/,https://bloustein.rutgers.edu/graduate/public-informatics/
40,罗格斯大学,"Rutgers University, New Brunswick","Piscataway, NJ",公共信息学硕士,Master of Public Informatics,规划与公共政策学院,Edward J. Bloustein School of Planning and Public Policy,https://bloustein.rutgers.edu,MPI,为教育专业学生群体提供了公共信息学所需能力的工具：统计，编程，数据管理，数据分析，可视化，空间分析，应用和这些技能的整合。,,$70 ,春季,11月1日,3,写作 22、口语 23、阅读 21、听力 17。,7,要求,接受,,transcripts；Resumes or Curriculum Vitae ；Statement of Purpose； recommendations；,https://bloustein.rutgers.edu/graduate/apply/,https://bloustein.rutgers.edu/graduate/public-informatics/
40,塔夫斯大学,Tufts University,"Medford, MA",营养流行病学和数据科学,Nutrition Epidemiology and Data Science,营养科学与政策学院,Gerald J. and Dorothy R. Friedman School of Nutrition Science and Policy,https://nutrition.tufts.edu,MS,掌握一般营养学，营养生物化学和生理学，生物统计学和流行病学方面的深入知识。学生将了解如何设计和开展流行病学研究，并获得数据分析和演示中基本技术的实践经验。,,$70 ,春季,10 月 15 日,要求,100,7,可选,不接受,一般营养学，普通生物学，普通化学（实验室），有机化学和生物化学的本科水平课程。,transcripts；Resumes or Curriculum Vitae ；Statement of Purpose； recommendations；,https://nutrition.tufts.edu/admissions/application-checklist,https://nutrition.tufts.edu/academics/degree-programs/nutrition-data-science
40,塔夫斯大学,Tufts University,"Medford, MA",营养流行病学和数据科学,Nutrition Epidemiology and Data Science,营养科学与政策学院,Gerald J. and Dorothy R. Friedman School of Nutrition Science and Policy,https://nutrition.tufts.edu,MS,掌握一般营养学，营养生物化学和生理学，生物统计学和流行病学方面的深入知识。学生将了解如何设计和开展流行病学研究，并获得数据分析和演示中基本技术的实践经验。,,$70 ,秋季,1月 15 日,要求,100,7,可选,不接受,一般营养学，普通生物学，普通化学（实验室），有机化学和生物化学的本科水平课程。,transcripts；Resumes or Curriculum Vitae ；Statement of Purpose； recommendations；,https://nutrition.tufts.edu/admissions/application-checklist,https://nutrition.tufts.edu/academics/degree-programs/nutrition-data-science
40,塔夫斯大学,Tufts University,"Medford, MA",营养流行病学和数据科学,Nutrition Epidemiology and Data Science,营养科学与政策学院,Gerald J. and Dorothy R. Friedman School of Nutrition Science and Policy,https://nutrition.tufts.edu,PHD,掌握一般营养学，营养生物化学和生理学，生物统计学和流行病学方面的深入知识。学生将了解如何设计和开展流行病学研究，并获得数据分析和演示中基本技术的实践经验。,,$70 ,秋季,12月 1 日,要求,100,7,强烈鼓励,不接受,一般营养学，普通生物学，普通化学（实验室），有机化学和生物化学的本科水平课程。,transcripts；Resumes or Curriculum Vitae ；Statement of Purpose； recommendations；,https://nutrition.tufts.edu/admissions/application-checklist,https://nutrition.tufts.edu/academics/degree-programs/nutrition-data-science
43,普渡大学西拉法叶分校,"Purdue University, West Lafayette","West Lafayette, IN",地理数据科学,Geodata Science,理学院,Department of Earth,https://www.eaps.purdue.edu/,MS,EAPS 专业地理数据科学硕士学位（Geodata Science for Professionals，GDSP）集成了严谨的学术课程、Hadoop 系统、GPU 和云计算等高性能数据科学计算环境，用于深度分析和 AI/深度学习，具有真实的-生活研究和工作经历。,,$75 ,秋季,3月15日,3,81，阅读：19、听力：14、口语：22、写作：18,7.0，阅读：6.5、听力：6、口语：7、写作：5.5,不要求，但可以提交,不接受,,transcripts；Resumes or Curriculum Vitae ；Statement of Purpose； recommendations；,https://www.purdue.edu/academics/ogsps/prospective/gradrequirements/westlafayette/eas.html,https://www.eaps.purdue.edu/for_students/graduate/index.html
43,普渡大学西拉法叶分校,"Purdue University, West Lafayette","West Lafayette, IN",地理数据科学,Geodata Science,理学院,Department of Earth,https://www.eaps.purdue.edu,MS,EAPS 专业地理数据科学硕士学位（Geodata Science for Professionals，GDSP）集成了严谨的学术课程、Hadoop 系统、GPU 和云计算等高性能数据科学计算环境，用于深度分析和 AI/深度学习，具有真实的-生活研究和工作经历。,,$75 ,春季,10月15日,3,81，阅读：19、听力：14、口语：22、写作：18,7.0，阅读：6.5、听力：6、口语：7、写作：5.5,不要求，但可以提交,不接受,,transcripts；Resumes or Curriculum Vitae ；Statement of Purpose； recommendations；,https://www.purdue.edu/academics/ogsps/prospective/gradrequirements/westlafayette/eas.html,https://www.eaps.purdue.edu/for_students/graduate/index.html
43,普渡大学西拉法叶分校,"Purdue University, West Lafayette","West Lafayette, IN",MS金融数据科学,MS Data Science in Finance,理学院,College of Science,https://www.purdue.edu/science/,MS,,,$75 ,秋季,12月31日,3,80，小分不低于20,6.5，小分不低于6.5,可选,不接受,,transcripts；Resumes or Curriculum Vitae ；Statement of Purpose； recommendations；,https://www.purdue.edu/academics/ogsps/prospective/gradrequirements/westlafayette/stat.html,https://www.stat.purdue.edu/academic_programs/graduate/gradCompFinance.html
43,普渡大学西拉法叶分校,"Purdue University, West Lafayette","West Lafayette, IN",MS金融数据科学,MS Data Science in Finance,理学院,College of Science,https://www.purdue.edu/science/,MS,,,$75 ,春季,10月15日,3,80，小分不低于20,6.5，小分不低于6.5,可选,不接受,,transcripts；Resumes or Curriculum Vitae ；Statement of Purpose； recommendations；,https://www.purdue.edu/academics/ogsps/prospective/gradrequirements/westlafayette/stat.html,https://www.stat.purdue.edu/academic_programs/graduate/gradCompFinance.html
46,马里兰大学学院公园分校,"University of Maryland, College Park","College Park, MD",应用政治分析硕士,M.S. in Applied Political Analytics,行为与社会科学学院,College of Behavioral and Social Sciences,https://bsos.umd.edu,MS,,,$75 ,秋季,2月 28日,3,96，口语22、听力24，阅读26，写作24；低于以上分数需要参加课前语言,7.0，口语6.5，其余小分7.0；低于以上分数需要参加课前语言,不需要,不接受,,transcripts；Resumes or Curriculum Vitae ；Statement of Purpose； recommendations；,https://gradschool.umd.edu/behavioralsocial-sciences/apan,https://gvpt.umd.edu/landingtopic/ms-applied-political-analytics
46,马里兰大学学院公园分校,"University of Maryland, College Park","College Park, MD",调查和数据科学,Survey and Data Science,行为与社会科学学院,College of Behavioral and Social Sciences,https://bsos.umd.edu,MS,调查和数据科学硕士提供三个专业：调查统计、社会和心理科学以及数据科学。,,$75 ,秋季,1 月 10 日,3,96，口语22、听力24，阅读26，写作24；低于以上分数需要参加课前语言,7.0，口语6.5，其余小分7.0；低于以上分数需要参加课前语言,不需要,不接受,,transcripts；Resumes or Curriculum Vitae ；Statement of Purpose； recommendations；,https://gradschool.umd.edu/behavioralsocial-sciences/suds,https://jpsm.umd.edu/landingtopic/onsite-programs
46,马里兰大学学院公园分校,"University of Maryland, College Park","College Park, MD",调查和数据科学,Survey and Data Science,行为与社会科学学院,College of Behavioral and Social Sciences,https://bsos.umd.edu,PhD,,,$75 ,秋季,1 月 10 日,3,96，口语22、听力24，阅读26，写作24；低于以上分数需要参加课前语言,7.0，口语6.5，其余小分7.0；低于以上分数需要参加课前语言,不需要,不接受,,transcripts；Resumes or Curriculum Vitae ；Statement of Purpose； recommendations；,https://gradschool.umd.edu/behavioralsocial-sciences/surv,https://jpsm.umd.edu/landingtopic/onsite-programs
53,东北大学（波士顿校区）,Northeastern University（Boston）,"Boston, MA",土木工程：数据与系统,Data and Systems,工程学院,College of Engineering,https://coe.northeastern.edu,MS,该专业旨在培养学生在数据分析，机器学习和人工智能以及系统分析（例如运筹学，经济学，系统识别）和传感器中使用新兴技术，以解决跨越所有（传统）土木和环境工程（CEE）领域的问题。,,$100 ,秋季,12月1日；6月1日,要求,79,6.5,可选,不接受,申请人必须持有（或正在攻读）密切相关专业的本科工程或技术学位。,transcripts；Resumes or Curriculum Vitae ；Statement of Purpose； recommendations；,https://coe.northeastern.edu/academics-experiential-learning/graduate-school-of-engineering/graduate-admissions/,https://cee.northeastern.edu/academics/graduate-studies/ms-cive/
53,东北大学（波士顿校区）,Northeastern University（Boston）,"Boston, MA",土木工程：数据与系统,Data and Systems,工程学院,College of Engineering,https://coe.northeastern.edu,MS,该专业旨在培养学生在数据分析，机器学习和人工智能以及系统分析（例如运筹学，经济学，系统识别）和传感器中使用新兴技术，以解决跨越所有（传统）土木和环境工程（CEE）领域的问题。,,$100 ,春季,9月15日,要求,79,6.5,可选,不接受,申请人必须持有（或正在攻读）密切相关专业的本科工程或技术学位。,transcripts；Resumes or Curriculum Vitae ；Statement of Purpose； recommendations；,https://coe.northeastern.edu/academics-experiential-learning/graduate-school-of-engineering/graduate-admissions/,https://cee.northeastern.edu/academics/graduate-studies/ms-cive/
53,东北大学（波士顿校区）,Northeastern University（Boston）,"Boston, MA",应用定量方法和社会分析,Applied Quantitative Methods and Social Analysis,社会科学与人文学院,College of Social Sciences and Humanities,https://cssh.northeastern.edu,MS,社会科学数据分析;计算社会科学;社会科学中的网络分析;社会科学中的统计方法;和信息伦理,1年,$100 ,秋季,6月15日,3,85,6.5,可选，可能对本科学位以外经验很少或没有经验的申请人有所帮助。,不接受,,transcripts；Resumes or Curriculum Vitae ；Statement of Purpose； recommendations；,https://cssh.northeastern.edu/apply/graduate-admissions/,https://cssh.northeastern.edu/program/ms-science-in-applied-quantitative-methods-and-social-analysis/
53,东北大学（波士顿校区）,Northeastern University（Boston）,"Boston, MA",应用定量方法和社会分析,Applied Quantitative Methods and Social Analysis,社会科学与人文学院,College of Social Sciences and Humanities,https://cssh.northeastern.edu,MS,社会科学数据分析;计算社会科学;社会科学中的网络分析;社会科学中的统计方法;和信息伦理,1年,$100 ,春季,10月1日,3,85,6.5,可选，可能对本科学位以外经验很少或没有经验的申请人有所帮助。,不接受,,transcripts；Resumes or Curriculum Vitae ；Statement of Purpose； recommendations；,https://cssh.northeastern.edu/apply/graduate-admissions/,https://cssh.northeastern.edu/program/ms-science-in-applied-quantitative-methods-and-social-analysis/
53,东北大学 ,Northeastern University ,"Arlington , Virginia",应用定量方法和社会分析,Applied Quantitative Methods and Social Analysis,东北大学（弗吉尼亚州阿灵顿）,College of Social Sciences and Humanities,https://cssh.northeastern.edu,MS,社会科学数据分析;计算社会科学;社会科学中的网络分析;社会科学中的统计方法;和信息伦理,1年,$100 ,秋季,6月15日,3,85,6.5,可选，可能对本科学位以外经验很少或没有经验的申请人有所帮助。,不接受,,transcripts；Resumes or Curriculum Vitae ；Statement of Purpose； recommendations；,https://cssh.northeastern.edu/apply/graduate-admissions/,https://arlington.northeastern.edu/programs/applied-quantitative-methods-and-social-analysis/
53,东北大学 ,Northeastern University ,"Arlington , Virginia",应用定量方法和社会分析,Applied Quantitative Methods and Social Analysis,东北大学（弗吉尼亚州阿灵顿）,College of Social Sciences and Humanities,https://cssh.northeastern.edu,MS,社会科学数据分析;计算社会科学;社会科学中的网络分析;社会科学中的统计方法;和信息伦理,1年,$100 ,春季,10月1日,3,85,6.5,可选，可能对本科学位以外经验很少或没有经验的申请人有所帮助。,不接受,,transcripts；Resumes or Curriculum Vitae ；Statement of Purpose； recommendations；,https://cssh.northeastern.edu/apply/graduate-admissions/,https://arlington.northeastern.edu/programs/applied-quantitative-methods-and-social-analysis/
53,明尼苏达大学双城分校,"University of Minnesota, Twin Cities","Minneapolis, MN",化学工程和材料科学数据科学硕士,M.S. in Data Science for Chemical Engineering and Materials Science,理工学院,College of Science and Engineering,https://cse.umn.edu,MS,将化学工程和材料科学的学科专业知识与数据和计算科学联系起来。课程核心提供统计和数据分析、机器学习和优化的基础知识，以及它们在化学、生物和材料科学与工程问题中的应用。选修课程使学生可以根据自己的特定兴趣和需求，专攻人工智能、高性能计算、系统工程、自动化和机器人技术或数据分析。,,$95 ,秋季,3月 15 日,3.5,"79,写作21，阅读19",6.5，写作阅读6.5,不要求,不接受,化学工程、材料科学与工程或相关领域的学士学位,transcripts；Resumes or Curriculum Vitae ；Statement of Purpose； recommendations；,https://cse.umn.edu/cems/master-science-data-science,https://cse.umn.edu/cems/ms-data-science
53,明尼苏达大学双城分校,"University of Minnesota, Twin Cities","Minneapolis, MN",健康信息学：数据科学与信息学方向,health informatics：Data Science & Informatics Track,健康信息学研究所,Institute for Health Informatics,https://healthinformatics.umn.edu,PHD,,,$95 ,秋季,2月15日,3.5,"79,写作21，阅读19",6.5，写作阅读6.5,要求,不接受,,transcripts；Resumes or Curriculum Vitae ；Statement of Purpose； recommendations；,https://healthinformatics.umn.edu/graduate-program/phd-graduate-program/data-science-informatics-track,https://healthinformatics.umn.edu/graduate-program/health-informatics-phd-graduate-program
60,宾州州立大学公园分校,"Pennsylvania State University, University Park","University Park, PA",社会数据分析,Social Data Analytics,人文科学学院,College of the Liberal Arts,https://la.psu.edu/,PHD,,,$85 ,秋季,,,,,,,双学位项目，通过申请人类发展与家庭研究，信息学，政治学和社会学的双学位课程，修读社会数据分析的博士课程,,,https://soda.la.psu.edu/programs/graduate-program/
60,伦斯勒理工学院,Rensselaer Polytechnic Institute,"Troy, NY",生物医学数据科学,Biomedical Data Science,工程学院,School of Engineering,https://engineering.rpi.edu,MENG,,,$75 ,秋季,3月 1日,要求,88,6.5,可选,不接受,,transcripts；Resumes or Curriculum Vitae ；Statement of Purpose； recommendations；,https://admissions.rpi.edu/graduate/masters-and-phd-applicants,https://bme.rpi.edu/graduate
60,伦斯勒理工学院,Rensselaer Polytechnic Institute,"Troy, NY",生物医学数据科学,Biomedical Data Science,工程学院,School of Engineering,https://engineering.rpi.edu,MENG,,,$75 ,春季,8月15日,要求,88,6.5,可选,不接受,,transcripts；Resumes or Curriculum Vitae ；Statement of Purpose； recommendations；,https://admissions.rpi.edu/graduate/masters-and-phd-applicants,https://bme.rpi.edu/graduate
67,马萨诸塞大学阿默斯特分校,"University of Massachusetts, Amherst","Amherst, MA",数据分析和计算社会科学,Economics,社会与行为科学学院,College of Social & Behavioral Sciences,https://www.umass.edu/social-sciences,MS,获得用于政治分析、营销分析、财务分析、产品或项目管理、人口统计分析、社交媒体分析、战略沟通、声誉管理和许多其他领域的技能。 ,,$85 ,秋季,2月15日；4月15日,要求,80,6.5,可选,不接受,不需要以前的数据科学、统计学或计算机编程背景。,transcripts；Resumes or Curriculum Vitae ；Statement of Purpose； recommendations；,https://www.umass.edu/social-sciences/academics/dacss/dacss-admissions,https://www.umass.edu/social-sciences/academics/ms-dacss
67,马萨诸塞大学阿默斯特分校,"University of Massachusetts, Amherst","Amherst, MA",数据分析和计算社会科学,Economics,社会与行为科学学院,College of Social & Behavioral Sciences,https://www.umass.edu/social-sciences/,MS,获得用于政治分析、营销分析、财务分析、产品或项目管理、人口统计分析、社交媒体分析、战略沟通、声誉管理和许多其他领域的技能。 ,,$85 ,夏季,2月15日；4月15日,要求,80,6.5,可选,不接受,不需要以前的数据科学、统计学或计算机编程背景。,transcripts；Resumes or Curriculum Vitae ；Statement of Purpose； recommendations；,https://www.umass.edu/social-sciences/academics/dacss/dacss-admissions,https://www.umass.edu/social-sciences/academics/ms-dacss
67,迈阿密大学,University of Miami,"Coral Gables, FL",数据科学：智慧城市（建筑学院）, Master of Science in Data Science：Smart Cities (School of Architecture),文理学院,School of Architecture,https://architecture.miami.edu/,MS,智慧城市的重点是希望从事城市规划和设计，信息和通信技术，物联网和可持续建筑环境职业的学生。该集中的大多数课程都是在建筑学院内进行的。,1年,$85 ,秋季,2月1日；5月15日,3,80,6.5,不要求,不接受,适用于STEM和非STEM本科学位的学生。没有技术背景的学生将被要求参加暑期先修课程以为该课程做准备。,transcripts；Resumes or Curriculum Vitae ；Statement of Purpose； recommendations；,https://msdatascience.as.miami.edu/resources/international-students/index.html,https://msdatascience.as.miami.edu/academics/academic-tracks/index.html
67,迈阿密大学,University of Miami,"Coral Gables, FL",数据科学：数据可视化（传播学院）, Master of Science in Data Science：Data Visualization (School of Communication),文理学院,School of Communication,https://com.miami.edu/,MS,数据可视化的重点是希望从事情报分析，视觉新闻，信息图表设计，互动媒体和地理空间技术职业的学生。该集中的大多数课程都是在传播学院和艺术与科学学院的地理与区域研究系内进行的。,1年,$85 ,秋季,2月1日；5月15日,3,80,6.5,不要求,不接受,适用于STEM和非STEM本科学位的学生。没有技术背景的学生将被要求参加暑期先修课程以为该课程做准备。,transcripts；Resumes or Curriculum Vitae ；Statement of Purpose； recommendations；,https://msdatascience.as.miami.edu/resources/international-students/index.html,https://msdatascience.as.miami.edu/academics/academic-tracks/index.html
67,迈阿密大学,University of Miami,"Coral Gables, FL",数据科学：海洋与大气科学（海洋与大气科学学院）, Master of Science in Data Science：Marine & Atmospheric Science (Rosenstiel School of Marine & Atmospheric Sciences),文理学院,,,MS,海洋和大气科学的重点是希望从事气候学和气象学，海洋科学，水文学和应用遥感职业的学生。该浓度的大多数课程都是在罗森斯蒂尔海洋，大气和地球科学学院内进行的。,1年,$85 ,秋季,2月1日；5月15日,3,80,6.5,不要求,不接受,适用于STEM和非STEM本科学位的学生。没有技术背景的学生将被要求参加暑期先修课程以为该课程做准备。,transcripts；Resumes or Curriculum Vitae ；Statement of Purpose； recommendations；,https://msdatascience.as.miami.edu/resources/international-students/index.html,https://msdatascience.as.miami.edu/academics/academic-tracks/index.html
67,迈阿密大学,University of Miami,"Coral Gables, FL",数据科学：教育测量与统计（教育与人类发展学院）, Master of Science in Data Science：Educational Measurement & Statistics (School of Education & Human Development),文理学院,School of Education and Human Development,https://education.miami.edu/,MS,教育测量和统计学的重点是希望从事独立研究，测试设计和开发以及大量定量数据的分析和解释的学生。该集中的大多数课程都是在艺术与科学学院的计算机科学与数学系以及教育与人类发展学院内进行的。,1年,$85 ,秋季,2月1日；5月15日,3,80,6.5,不要求,不接受,适用于STEM和非STEM本科学位的学生。没有技术背景的学生将被要求参加暑期先修课程以为该课程做准备。,transcripts；Resumes or Curriculum Vitae ；Statement of Purpose； recommendations；,https://msdatascience.as.miami.edu/resources/international-students/index.html,https://msdatascience.as.miami.edu/academics/academic-tracks/index.html
67,迈阿密大学,University of Miami,"Coral Gables, FL",数据科学：市场营销（商学院）, Master of Science in Data Science：Marketing (Miami Herbert Business School),文理学院,Miami Herbert Business School,https://herbert.miami.edu,MS,市场营销专业面向希望在战略品牌、预测分析、市场研究和消费者行为方面从事职业的学生。该集中的大多数课程都是在艺术与科学学院的计算机科学系和迈阿密赫伯特商学院内进行的。,1年,$85 ,秋季,2月1日；5月15日,3,80,6.5,不要求,不接受,适用于STEM和非STEM本科学位的学生。没有技术背景的学生将被要求参加暑期先修课程以为该课程做准备。,transcripts；Resumes or Curriculum Vitae ；Statement of Purpose； recommendations；,https://msdatascience.as.miami.edu/resources/international-students/index.html,https://msdatascience.as.miami.edu/academics/academic-tracks/index.html
67,维拉诺瓦大学,Villanova University,"Villanova, PA",会计与数据分析,Master of Accounting with Data Analytics,商学院,Villanova School of Business,https://www.business.villanova.edu,MACDA,,,$65 ,秋季,11月30日；1月31日；3月31日；6月30日,要求,90,不接受,不接受,可选,,ESSAY；transcripts；Resumes or Curriculum Vitae ；Statement of Purpose； recommendations,https://www1.villanova.edu/university/business/academics/graduate-programs/accounting/mac/admissions.html,https://www1.villanova.edu/university/business/academics/graduate-programs/accounting/mac.html
67,维拉诺瓦大学,Villanova University,"Villanova, PA",会计与数据分析,Master of Accounting with Data Analytics,商学院,Villanova School of Business,https://www1.villanova.edu/university/business/,MACDA,,,$65 ,春季,11月30日,要求,90,不接受,不接受,可选,,ESSAY；transcripts；Resumes or Curriculum Vitae ；Statement of Purpose； recommendations,https://www1.villanova.edu/university/business/academics/graduate-programs/accounting/mac/admissions.html,https://www1.villanova.edu/university/business/academics/graduate-programs/accounting/mac.html
67,维拉诺瓦大学,Villanova University,"Villanova, PA",工商税务硕士与数据分析,MASTER OF BUSINESS TAXATION WITH DATA ANALYTICS,商学院,Villanova School of Business,https://www1.villanova.edu/university/business/,MBT,,,$65 ,秋季,11月30日；1月31日；3月31日；6月30日,要求,90,不接受,不接受,可选,,ESSAY；transcripts；Resumes or Curriculum Vitae ；Statement of Purpose； recommendations,https://www1.villanova.edu/university/business/academics/graduate-programs/accounting/mbt/admissions.html,https://www1.villanova.edu/university/business/academics/graduate-programs/accounting/mbt.html
67,维拉诺瓦大学,Villanova University,"Villanova, PA",工商税务硕士与数据分析,MASTER OF BUSINESS TAXATION WITH DATA ANALYTICS,商学院,Villanova School of Business,https://www1.villanova.edu/university/business/,MBT,,,$65 ,春季,11月30日,要求,90,不接受,不接受,可选,,ESSAY；transcripts；Resumes or Curriculum Vitae ；Statement of Purpose； recommendations,https://www1.villanova.edu/university/business/academics/graduate-programs/accounting/mbt/admissions.html,https://www1.villanova.edu/university/business/academics/graduate-programs/accounting/mbt.html
73,杜兰大学,Tulane University,"New Orleans, LA",政治经济学与数据分析,Political Economy with Data Analytics,文学院,School of Liberal Arts,https://liberalarts.tulane.edu,MA,,2年,$50 ,秋季,4月1日,要求,接受,接受,要求,不接受,,transcripts；Resumes or Curriculum Vitae ；Statement of Purpose； recommendations；,https://liberalarts.tulane.edu/academics/graduate-studies/prospective-students,https://catalog.tulane.edu/liberal-arts/interdisciplinary-programs-coordinate-majors/political-economy/data-analytics-ma/#overviewtext
76,纽约州立大学水牛城分校,"University at Buffalo, SUNY","Buffalo, NY",社会科学数据分析硕士,Data Analysis in the Social Sciences MS,文理学院,College of Arts and Sciences,https://arts-sciences.buffalo.edu,MS,通过让学生接触社会科学不同领域的研究方法和趋势，这为学生提供了一种真正的跨学科数据分析方法。通过将广泛接触数据分析与您选择的学科的扩展工作相结合，您将作为全面的专业机会或额外学术研究的候选人毕业。,2年,$75 ,秋季,5月 1 日,3,79,6.5,不要求,不要求,社会科学学科的文学士/理学士,transcripts；Resumes or Curriculum Vitae ；Statement of Purpose； recommendations；,https://arts-sciences.buffalo.edu/college/departments-and-programs/social-sciences/data-analytics-social-sciences/ms-dass.html,https://arts-sciences.buffalo.edu/college/departments-and-programs/social-sciences/data-analytics-social-sciences.html
76,纽约州立大学水牛城分校,"University at Buffalo, SUNY","Buffalo, NY",社会科学数据分析硕士,Data Analysis in the Social Sciences MS,文理学院,College of Arts and Sciences,https://arts-sciences.buffalo.edu,MS,通过让学生接触社会科学不同领域的研究方法和趋势，这为学生提供了一种真正的跨学科数据分析方法。通过将广泛接触数据分析与您选择的学科的扩展工作相结合，您将作为全面的专业机会或额外学术研究的候选人毕业。,2年,$75 ,春季,11月 1 日,3,79,6.5,不要求,不要求,社会科学学科的文学士/理学士,transcripts；Resumes or Curriculum Vitae ；Statement of Purpose； recommendations；,https://arts-sciences.buffalo.edu/college/departments-and-programs/social-sciences/data-analytics-social-sciences/ms-dass.html,https://arts-sciences.buffalo.edu/college/departments-and-programs/social-sciences/data-analytics-social-sciences.html
76,纽约州立大学水牛城分校,"University at Buffalo, SUNY","Buffalo, NY",材料设计与创新MS,Materials Design and Innovation MS,工程与应用科学学院,School of Engineering and Applied Sciences,https://engineering.buffalo.edu,MS,旨在教育个人，使他们拥有材料科学和数据科学方面的学科知识和专业知识。学生接受培训，使其具备跨学科视角以及必要的技能和工具，以便能够理解和应用用于建模、模拟和信息学的计算工具，以及实验驱动的科学，从而使他们有能力做出贡献并努力加快材料发现和工程设计。,,$85 ,秋季,2月15日,3,79,6.5,可选，但推荐,不要求,欢迎来自所有科学和工程领域的具有学术资格的学生申请。,transcripts；Resumes or Curriculum Vitae ；Statement of Purpose； recommendations；,https://engineering.buffalo.edu/materials-design-innovation/education/graduate.html,https://engineering.buffalo.edu/materials-design-innovation/education/graduate.html
76,纽约州立大学水牛城分校,"University at Buffalo, SUNY","Buffalo, NY",材料设计与创新博士,Materials Design and Innovation PhD,工程与应用科学学院,School of Engineering and Applied Sciences,https://engineering.buffalo.edu,PhD,课程由材料科学学科的传统和经典核心基础组成，但从统计学、数据库解释和数据挖掘方法的角度教授。除了这些核心基础之外，还提供了新的独特的材料科学课程，包括材料信息学、高级计算方法和机器学习、材料工程机器人技术和集成的“原子到设备”实验开发实验室。博士生还将与 UB 的计算数据支持的科学与工程研究生课程互动，提供计算数据科学各个方面的强化培训，这对实验和计算材料科学家都具有价值。,,$85 ,秋季,2月15日,3,79,6.5,可选，但推荐,不要求,欢迎来自所有科学和工程领域的具有学术资格的学生申请。,transcripts；Resumes or Curriculum Vitae ；Statement of Purpose； recommendations；,https://engineering.buffalo.edu/materials-design-innovation/education/graduate.html,https://engineering.buffalo.edu/materials-design-innovation/education/graduate.html
76,特拉华大学,University of Delaware,"Newark, DE",生物信息学数据科学硕士,Master of Science in Bioinformatics Data Science ,农业与自然资源学院,Center for Bioinformatics & Computational Biology,https://bioinformatics.udel.edu/,MS ,硕士学位为学生进行高级研究做准备。计算科学专业允许具有强大定量科学背景的学生在开发用于生物系统研究的计算方法和生物信息学工具和数据库方面获得知识和研究经验。BICB-MS毕业生将拥有扎实的知识和研究经验，可以继续攻读博士学位或其他专业学位，如医学博士、MBA或法律，或在学术界、工业界或政府机构从事研究工作。,,$75 ,秋季,4月1日,3,79，口语18,6.5，小分不低于6.0,不要求,不接受,该计划的申请人必须持有经过认证的四年制学院或大学的生物，计算或其他学科的学士学位。申请人应具备数学、计算机科学和/或生物学方面的能力。,transcripts；Resumes or Curriculum Vitae ；Statement of Purpose；Letters of recommendation,https://bioinformatics.udel.edu/education/prospective-students/,https://bioinformatics.udel.edu/education/degrees/bicb-ms/
76,特拉华大学,University of Delaware,"Newark, DE",生物信息学数据科学硕士,Master of Science in Bioinformatics Data Science ,农业与自然资源学院,Center for Bioinformatics and Computational Biology,https://bioinformatics.udel.edu,MS ,硕士学位为学生进行高级研究做准备。计算科学专业允许具有强大定量科学背景的学生在开发用于生物系统研究的计算方法和生物信息学工具和数据库方面获得知识和研究经验。BICB-MS毕业生将拥有扎实的知识和研究经验，可以继续攻读博士学位或其他专业学位，如医学博士、MBA或法律，或在学术界、工业界或政府机构从事研究工作。,,$75 ,春季,10月1日,3,79，口语18,6.5，小分不低于6.0,不要求,不接受,该计划的申请人必须持有经过认证的四年制学院或大学的生物，计算或其他学科的学士学位。申请人应具备数学、计算机科学和/或生物学方面的能力。,transcripts；Resumes or Curriculum Vitae ；Statement of Purpose；Letters of recommendation,https://bioinformatics.udel.edu/education/prospective-students/,https://bioinformatics.udel.edu/education/degrees/bicb-ms/
76,特拉华大学,University of Delaware,"Newark, DE",生物信息学数据科学,Bioinformatics Data Science,农业与自然资源学院,Center for Bioinformatics and Computational Biology,https://bioinformatics.udel.edu,PhD,生物信息学数据科学博士将培养下一代研究人员和专业人士，他们将在多学科和跨学科团队中发挥关键作用，连接生命科学和计算科学。学生将通过他们的课程和研究接受实验、计算和数学学科的培训。完成该学位的学生将能够生成和分析用于生物医学研究的实验数据，以及开发驱动生物系统行为的分子成分的物理或计算模型。,,$75 ,秋季,2月15日,3,100，口语18,7.5，小分不低于6.0,不要求,不接受,申请人应具备数学、计算机科学和/或生物学方面的能力。,transcripts；Resumes or Curriculum Vitae ；Statement of Purpose；Letters of recommendation,https://bioinformatics.udel.edu/education/prospective-students/,https://bioinformatics.udel.edu/education/degrees/binf-phd/
76,特拉华大学,University of Delaware,"Newark, DE",生物信息学数据科学,Bioinformatics Data Science,农业与自然资源学院,Graduate College,https://grad.udel.edu,PhD,生物信息学数据科学博士将培养下一代研究人员和专业人士，他们将在多学科和跨学科团队中发挥关键作用，连接生命科学和计算科学。学生将通过他们的课程和研究接受实验、计算和数学学科的培训。完成该学位的学生将能够生成和分析用于生物医学研究的实验数据，以及开发驱动生物系统行为的分子成分的物理或计算模型。,,$75 ,春季,7月15日,3,100，口语18,7.5，小分不低于6.0,不要求,不接受,申请人应具备数学、计算机科学和/或生物学方面的能力。,transcripts；Resumes or Curriculum Vitae ；Statement of Purpose；Letters of recommendation,https://bioinformatics.udel.edu/education/prospective-students/,https://bioinformatics.udel.edu/education/degrees/binf-phd/
86,克莱蒙森大学,Clemson University,"Clemson, SC",生物医学数据科学和信息学,Biomedical Data Science and Informatics,工程，计算机和应用科学学院,School of Computing,https://computing.clemson.edu/,PhD,毕业生将具备在生物学、医学或公共卫生领域从事信息学职业的必要技能，重点是从大数据源开发规范性分析。,5年,$0 ,秋季,1月15日,3,80,6.5,不要求,不接受,专为具有本科或研究生计算机科学、数学、工程或生物医学科学背景的全日制学生而设计,transcripts；Resumes or Curriculum Vitae ；Statement of Purpose； recommendations；,https://www.clemson.edu/degrees/biomedical-data-science-informatics/grad,https://computing.clemson.edu/bdsi/
86,克莱蒙森大学,Clemson University,"Clemson, SC",生物医学数据科学和信息学,Biomedical Data Science and Informatics,工程，计算机和应用科学学院,School of Computing,https://computing.clemson.edu/,MS,毕业生将具备在生物学、医学或公共卫生领域从事信息学职业的必要技能，重点是从大数据源开发规范性分析。,2年,$0 ,秋季,4月15日,3,80,6.5,不要求,不接受,具有本科计算机科学、数学、工程或生物医学科学背景,transcripts；Resumes or Curriculum Vitae ；Statement of Purpose； recommendations；,https://www.clemson.edu/degrees/biomedical-data-science-informatics/grad,https://computing.clemson.edu/bdsi/
86,马凯特大学,Marquette University,"Milwaukee, WI",刑事司法数据分析 ,Criminal Justice Data Analytics ,文理学院,Graduate School,https://www.marquette.edu/grad/,MS,该计划提供了一个独特的视角，其重点是管理和分析大型数据集的道德考虑，以在刑事司法领域做出以证据为导向的决策。,2年,$50 ,秋季,2月15日；6月1日,3,80，小分不低于20,6.5，小分不低于6.5,不要求,不接受,容纳来自各种学科的学生，包括刑事司法、社会科学相关专业、数据科学或其他相关教育经验。强烈建议未来的学生在课程开始前参加计算机编程入门课程（例如 COSC 1010 Marquette 软件开发入门课程），并在本科统计学课程中获得 B 或以上的成绩。,transcripts；Resumes or Curriculum Vitae ；Statement of Purpose； recommendations；,https://www.marquette.edu/grad/programs-criminal-justice-data-analytics.php,https://www.marquette.edu/grad/programs-criminal-justice-data-analytics.php
86,马凯特大学,Marquette University,"Milwaukee, WI",刑事司法数据分析 ,Criminal Justice Data Analytics ,文理学院,Graduate School,https://www.marquette.edu/grad/,MS,该计划提供了一个独特的视角，其重点是管理和分析大型数据集的道德考虑，以在刑事司法领域做出以证据为导向的决策。,2年,$50 ,春季,10月1日,3,80，小分不低于20,6.5，小分不低于6.5,不要求,不接受,容纳来自各种学科的学生，包括刑事司法、社会科学相关专业、数据科学或其他相关教育经验。强烈建议未来的学生在课程开始前参加计算机编程入门课程（例如 COSC 1010 Marquette 软件开发入门课程），并在本科统计学课程中获得 B 或以上的成绩。,transcripts；Resumes or Curriculum Vitae ；Statement of Purpose； recommendations；,https://www.marquette.edu/grad/programs-criminal-justice-data-analytics.php,https://www.marquette.edu/grad/programs-criminal-justice-data-analytics.php
89,天普大学,Temple University,"Philadelphia, PA",生物信息学和生物数据科学PSM,Bioinformatics and Biological Data Science PSM,科学技术学院,College of Science and Technology,https://cst.temple.edu,PSM,通过结合生物学、化学、计算机科学、物理学和统计学的专业学位，对下一代遗传和生物技术进行编程。跨学科课程培养学生在各种软件工具方面的专业知识，帮助他们识别、解释和分析生物数据。,,US$60 ,秋季,3月1日,3.0/4.0,90,6.5,可选,不要求,,Transcripts；Statement of Goals；Letters of Recommendation；Résumé,https://www.temple.edu/academics/degree-programs/bioinformatics-psm-st-binf-psm/how-to-apply,https://www.temple.edu/academics/degree-programs/bioinformatics-psm-st-binf-psm
98,俄勒冈大学,University of Oregon,"Eugene, OR",教育政策和领导,Education Policy and Leadership,教育学院,College of Education,https://education.uoregon.edu,MS,该计划结合了美国教育政策、循证决策、组织领导和政策制定过程方面的方法培训、理论基础和实践专业知识。如果需要，EPoL 学生可以添加可选的数据科学专业。,1年,$90 ,夏季,1月12日;4月15日,要求,88,7,可选,不要求,具有本科学位、有改善教育政策和/或领导能力、对定量方法感兴趣（但不一定有经验）的申请人。我们对在教育、非营利、政策或政府机构有工作经验的申请人感到特别兴奋。,Official Transcripts；Financial Verification for International Applicants；CV；Letters of Recommendation；Statement of Purpose；Writing Sample,https://education.uoregon.edu/epol/apply,https://education.uoregon.edu/epol/graduate/ms
98,伊利诺伊理工学院,Illinois Institute of Technology,"Chicago, IL",生物医学建模与数据科学理学,Master of Science in Biomedical Modeling and Data Science,工程学院,Armour College of Engineering,https://www.iit.edu/academics/colleges/armour-college-engineering,M.S.,该计划将提供与计算生物医学工程专业就业相关的培训。特别强调数学建模、机器学习、生物统计学和生物信息学的原理。该计划将使学生能够识别与数学建模相关的问题，对生物医学数据进行统计分析，为生物医学应用实施机器学习方法，并解决生物信息学中的生物医学工程问题。,,$100 ,秋季、春季,秋季：1月31日（鼓励在此优先截止日期前递交申请）；6月15日。春季：10月1日（鼓励在此优先截止日期前递交申请）；11月15日,3.0/4.0,80，小分不低于20,6.5，小分不低于6.0,304 （159Q）+2.5,不接受,均分3.0以上可以申请豁免GRE要求,transcripts；Resumes or Curriculum Vitae ；Statement of Purpose； recommendations；,https://www.iit.edu/admissions-aid/graduate-admission/international-students,https://www.iit.edu/academics/programs/master-science-biomedical-modeling-and-data-science
115,亚利桑那大学,University of Arizona,"Tucson, AZ",农业与资源经济（MS）-应用计量经济学和数据分析,Agricultural & Resource Econ (MS) - Applied Econometrics and Data Analytics,农业与生命科学学院,,,MS,提供了广泛的应用农业经济学主题，包括生产和发展经济学，统计方法，应用计量经济学分析以及水，食品和环境政策的经济分析。,18个月,95,秋季,2月1日；5月15日,3,80,7，小分不低于6,要求,不接受,,transcripts ；degree certificates；Letters of Recommendation；Statement of Purpose；CV or Resume ,https://grad.arizona.edu/catalog/programinfo/ARECMSAEDA,https://economics.arizona.edu/graduate/ms-applied-econometrics-data-analytics
