id,program_name,program_url,source_file,university_name,qs_2026_rank,subject_category
30f32b68-e2d4-4ca9-9912-23ae32aed505,麻省理工学院计算科学与工程硕士,https://cse.mit.edu/programs/sm/overview/,计算机.json,麻省理工学院,1,计算机
dc3b3b8e-3457-47ca-9857-0d81e2fb080f,帝国理工学院计算（管理与金融）理学硕士,https://www.imperial.ac.uk/study/courses/postgraduate-taught/computing-management-finance/,计算机.json,帝国理工学院,2,计算机
33b5e9b6-ab19-4e94-9f56-68f6df6a2b87,帝国理工学院计算（软件工程）理学硕士,https://www.imperial.ac.uk/study/courses/postgraduate-taught/computing-software-engineering-msc/,计算机.json,帝国理工学院,2,计算机
d427cb2d-6b2e-419d-85c0-39a53157f611,帝国理工学院计算机（视觉运算与机器人学）理学硕士,https://www.imperial.ac.uk/study/courses/postgraduate-taught/computing-visual-computing-robotics-msc/,计算机.json,帝国理工学院,2,计算机
35d8525b-ea1c-4f14-be1e-b2bc1ed1f613,帝国理工学院计算理学硕士,https://www.imperial.ac.uk/study/courses/postgraduate-taught/computing/,计算机.json,帝国理工学院,2,计算机
b4d01065-fb1d-4f95-a2bc-1c164663ada5,帝国理工学院人工智能理学硕士,https://www.imperial.ac.uk/study/courses/postgraduate-taught/artificial-intelligence/,计算机.json,帝国理工学院,2,计算机
a84daf6f-0aec-430a-b9f7-b46c8ff58c84,帝国理工学院计算（人工智能与机器学习）理学硕士,https://www.imperial.ac.uk/study/courses/postgraduate-taught/computing-artificial-intelligence-msc/,计算机.json,帝国理工学院,2,计算机
daad37fe-56d9-49cd-bd52-fef5e19996e3,帝国理工学院人工智能应用与创新理学硕士,https://www.imperial.ac.uk/study/courses/postgraduate-taught/applications-innovation/,计算机.json,帝国理工学院,2,计算机
f80033c7-5807-4f5a-98e6-cfc422e18780,帝国理工学院计算（安全与可靠性）理学硕士,https://www.imperial.ac.uk/study/courses/postgraduate-taught/computing-security-reliability-msc/,计算机.json,帝国理工学院,2,计算机
9f56dd78-28ab-4add-97df-480c22fa87b8,帝国理工学院高级计算理学硕士,https://www.imperial.ac.uk/study/courses/postgraduate-taught/advanced-computing/,计算机.json,帝国理工学院,2,计算机
5a693d0f-b4bc-4903-9ff3-0c19697c6099,斯坦福大学计算机科学硕士,https://cs.stanford.edu/,计算机.json,斯坦福大学,3,计算机
4b9a5f11-8c73-43a8-a23f-56d85e9300b2,牛津大学高级计算机科学理学硕士,https://www.ox.ac.uk/admissions/graduate/courses/msc-advanced-computer-science,计算机.json,牛津大学,4,计算机
5faf7012-2852-4ec4-8109-7a876e441a92,哈佛大学计算科学与工程硕士,https://seas.harvard.edu/masters-computational-science-and-engineering,计算机.json,哈佛大学,5,计算机
56011724-4c27-4a70-a649-fb47c5e3eed1,哈佛大学计算科学与工程硕士,https://seas.harvard.edu/masters-computational-science-and-engineering,计算机.json,哈佛大学,5,计算机
cec8ab72-8393-46e6-864b-42d6d390f7d4,剑桥大学机器学习与机器智能哲学硕士,https://www.postgraduate.study.cam.ac.uk/courses/directory/egegmpmsl,计算机.json,剑桥大学,6,计算机
b4944fb8-68ae-42de-9856-cbfdfa03c53f,剑桥大学高级计算机科学哲学硕士,https://www.postgraduate.study.cam.ac.uk/courses/directory/cscsmpacs,计算机.json,剑桥大学,6,计算机
8cbf6dee-6717-4506-aa8d-de4944711471,苏黎世联邦理工大学计算机科学理学硕士,https://ethz.ch/en/studies/master/degree-programmes/engineering-sciences/computer-science.html,计算机.json,苏黎世联邦理工大学,7,计算机
ff972240-e0bc-4d32-85a1-6f4821bfb3c7,苏黎世联邦理工大学机器人、系统与控制理学硕士,https://ethz.ch/en/studies/master/degree-programmes/engineering-sciences/robotics-systems-and-control.html,计算机.json,苏黎世联邦理工大学,7,计算机
6c6143f7-af79-41a3-a2b8-e26dca74b53e,苏黎世联邦理工大学计算科学与工程理学硕士,https://ethz.ch/en/studies/master/degree-programmes/engineering-sciences/computational-science-and-engineering.html,计算机.json,苏黎世联邦理工大学,7,计算机
572d0ff9-298d-4bef-ae03-b03b13dfc544,苏黎世联邦理工大学网络安全理学硕士,https://ethz.ch/en/studies/master/degree-programmes/engineering-sciences/cyber-security.html,计算机.json,苏黎世联邦理工大学,7,计算机
9873bf50-f615-4ce8-8dda-7184f11c7651,新加坡国立大学科学智能理学硕士,https://www.physics.nus.edu.sg/student/msc-ai-for-science/,计算机.json,新加坡国立大学,8,计算机
e3000ba8-7515-4f39-afa1-1ca070bc06b7,新加坡国立大学计算硕士（人工智能）,https://www.comp.nus.edu.sg/programmes/pg/mcomp-ai/,计算机.json,新加坡国立大学,8,计算机
e878711e-1457-4ee4-9c93-f502543da53b,新加坡国立大学人工智能与创新理学硕士,https://scale.nus.edu.sg/programmes/graduate/msc-(artificial-intelligence-innovation),计算机.json,新加坡国立大学,8,计算机
4ebc4364-7789-4238-a076-24620bdec60a,新加坡国立大学国防技术与系统硕士双学位,https://tdsi.nus.edu.sg/mdts/,计算机.json,新加坡国立大学,8,计算机
bdc81eb8-5711-4af9-94bf-e0e4844ec1e0,新加坡国立大学计算硕士（含细分方向）,https://www.comp.nus.edu.sg/programmes/#mcomp,计算机.json,新加坡国立大学,8,计算机
a1ee8943-5fde-4f54-a6f2-db885f330f2a,新加坡国立大学软件工程科技硕士,https://www.iss.nus.edu.sg/graduate-programmes/programme/detail/master-of-technology-in-software-engineering,计算机.json,新加坡国立大学,8,计算机
34d6c517-9f03-4da6-87f8-3b79e80fc9e6,新加坡国立大学计算机工程理学硕士 - 机器智能与应用方向,https://cde.nus.edu.sg/ece/graduate/msc-computer-engineering/,计算机.json,新加坡国立大学,8,计算机
17e6e249-3045-40c9-80e0-ff27006d6e99,新加坡国立大学计算硕士（通识方向）,https://www.comp.nus.edu.sg/programmes/pg/mcomp-gen/,计算机.json,新加坡国立大学,8,计算机
56fdd9df-7e48-45ad-844d-a8b7106b42fc,新加坡国立大学人工智能系统科技硕士,https://www.iss.nus.edu.sg/graduate-programmes/programme/detail/master-of-technology-in-artificial-intelligence-systems,计算机.json,新加坡国立大学,8,计算机
0987f49e-3914-4ce6-a07d-c5a29b21d78e,新加坡国立大学计算机工程理学硕士 - 通识方向,https://cde.nus.edu.sg/ece/graduate/msc-computer-engineering/,计算机.json,新加坡国立大学,8,计算机
138869bf-24e0-4d6e-b897-d6e170f79de3,新加坡国立大学计算机工程理学硕士 - 数字化与通信技术方向,https://cde.nus.edu.sg/ece/graduate/msc-computer-engineering/,计算机.json,新加坡国立大学,8,计算机
4378bbec-5b8f-4046-b851-330071257add,新加坡国立大学计算机工程理学硕士 - 计算硬件基础设施方向,https://cde.nus.edu.sg/ece/graduate/msc-computer-engineering/,计算机.json,新加坡国立大学,8,计算机
013b629b-4860-42f0-85ec-47e89c7324cc,新加坡国立大学工程设计与创新理学硕士,https://masters.nus.edu.sg/programmes/master-of-science-in-engineering-design---innovation,计算机.json,新加坡国立大学,8,计算机
9220bd3c-dd78-4c82-9a8d-170aa9af3381,伦敦大学学院人机交互理学硕士,https://www.ucl.ac.uk/prospective-students/graduate/taught-degrees/human-computer-interaction-msc,计算机.json,伦敦大学学院,9,计算机
aed4d5ee-ab25-45ae-8128-b92932a1da65,伦敦大学学院计算机绘图、视觉与成像理学硕士,https://www.ucl.ac.uk/prospective-students/graduate/taught-degrees/computer-graphics-vision-and-imaging-msc,计算机.json,伦敦大学学院,9,计算机
59ca0441-0a45-44eb-8fd4-4bed18a6b115,伦敦大学学院计算机科学理学硕士,https://www.ucl.ac.uk/prospective-students/graduate/taught-degrees/computer-science-msc,计算机.json,伦敦大学学院,9,计算机
e74def63-020e-45a9-8f69-0ab710dd6f98,伦敦大学学院信息安全理学硕士,https://www.ucl.ac.uk/prospective-students/graduate/taught-degrees/information-security-msc,计算机.json,伦敦大学学院,9,计算机
1e270752-b789-4395-80b8-cd214ae8e502,伦敦大学学院机器学习理学硕士,https://www.ucl.ac.uk/prospective-students/graduate/taught-degrees/machine-learning-msc,计算机.json,伦敦大学学院,9,计算机
5db152d4-7d3f-41fb-bdd1-03513a503a7f,伦敦大学学院软件系统工程理学硕士,https://www.ucl.ac.uk/prospective-students/graduate/taught-degrees/software-systems-engineering-msc,计算机.json,伦敦大学学院,9,计算机
2c92e7da-59b6-42cc-b706-1694fe169624,伦敦大学学院数据科学与机器学习理学硕士,https://www.ucl.ac.uk/prospective-students/graduate/taught-degrees/data-science-and-machine-learning-msc,计算机.json,伦敦大学学院,9,计算机
c1ace560-7e28-421e-afd9-c5bcd08db16e,伦敦大学学院新兴数字技术理学硕士,https://www.ucl.ac.uk/prospective-students/graduate/taught-degrees/emerging-digital-technologies-msc,计算机.json,伦敦大学学院,9,计算机
17ebe20f-03aa-4675-8db4-46772ecfdcd3,伦敦大学学院集成机器学习系统理学硕士,https://www.ucl.ac.uk/prospective-students/graduate/taught-degrees/integrated-machine-learning-systems-msc,计算机.json,伦敦大学学院,9,计算机
4500c5ec-7d28-4d18-9e14-19de9bebc79d,伦敦大学学院医学机器人与人工智能理学硕士,https://www.ucl.ac.uk/prospective-students/graduate/taught-degrees/medical-robotics-and-artificial-intelligence-msc,计算机.json,伦敦大学学院,9,计算机
4bd4ca67-b80f-4e6f-80cd-574dbb78173f,伦敦大学学院可持续发展人工智能理学硕士,https://www.ucl.ac.uk/prospective-students/graduate/taught-degrees/artificial-intelligence-sustainable-development-msc,计算机.json,伦敦大学学院,9,计算机
129af39a-baee-4df9-ae61-50430f848b69,伦敦大学学院机器人与人工智能理学硕士,https://www.ucl.ac.uk/prospective-students/graduate/taught-degrees/robotics-and-artificial-intelligence-msc,计算机.json,伦敦大学学院,9,计算机
12177347-4de0-4623-a652-3418eb9313a7,伦敦大学学院人工智能与数据工程理学硕士,https://www.ucl.ac.uk/prospective-students/graduate/taught-degrees/artificial-intelligence-and-data-engineering-msc,计算机.json,伦敦大学学院,9,计算机
97c8144c-d15c-4701-b738-26bab0e391ed,伦敦大学学院互联环境理学硕士,https://www.ucl.ac.uk/prospective-students/graduate/taught-degrees/connected-environments-msc,计算机.json,伦敦大学学院,9,计算机
1572c5c5-64bb-4cf1-ac70-e7ec01c1deab,香港大学计算机科学理学硕士（网络安全方向）,https://portal.hku.hk/tpg-admissions/programme-details?programme=master-of-science-in-computer-science-cyber-security-stream-cds,计算机.json,香港大学,11,计算机
e95dd56c-c6b2-40f3-9c86-d09cd8b764d6,香港大学计算机科学理学硕士（多媒体计算方向）,https://portal.hku.hk/tpg-admissions/programme-details?programme=master-of-science-in-computer-science-multimedia-computing-stream-cds,计算机.json,香港大学,11,计算机
ae991920-881c-4927-be26-7060d25ca7f3,香港大学人工智能、伦理与社会文学硕士,"https://portal.hku.hk/tpg-admissions/programme-details?programme=master-of-arts-in-the-field-of-ai,-ethics-and-society-arts",计算机.json,香港大学,11,计算机
439c131c-549e-4d09-bd61-9db5c7ecb0cd,香港大学计算机科学理学硕士（人工智能 x Web3）,https://www.msc-cs.hku.hk/DeltaX-SHIntake,计算机.json,香港大学,11,计算机
62852cd9-e8b1-4f70-9472-06525c75f1f4,香港大学人工智能理学硕士,https://portal.hku.hk/tpg-admissions/programme-details?programme=master-of-science-in-artificial-intelligence-sci,计算机.json,香港大学,11,计算机
3582ae8c-ddbd-4785-a59d-846a0a5d77a0,香港大学计算机科学理学硕士（金融计算方向）,https://portal.hku.hk/tpg-admissions/programme-details?programme=master-of-science-in-computer-science-financial-computing-stream-cds,计算机.json,香港大学,11,计算机
aa87fb49-ad75-4d54-8490-46935583d3d9,香港大学创新设计与科技（工程）理学硕士,https://portal.hku.hk/tpg-admissions/programme-details?programme=master-of-science-in-engineering-(innovative-design-and-technology)-engg,计算机.json,香港大学,11,计算机
894ed99d-be86-4cf4-bf94-808a9ad692b7,香港大学计算机科学理学硕士（常规方向）,https://portal.hku.hk/tpg-admissions/programme-details?programme=master-of-science-in-computer-science-general-stream-cds,计算机.json,香港大学,11,计算机
8212db50-a3f6-4ff3-af02-4defc3fbb2eb,南洋理工大学人工智能理学硕士,https://www.ntu.edu.sg/education/graduate-programme/master-of-science-in-artificial-intelligence,计算机.json,南洋理工大学,12,计算机
0c5e89ce-a814-41d9-bbc3-9d5689ad71a8,南洋理工大学网络安全理学硕士,https://www.ntu.edu.sg/education/graduate-programme/master-of-science-in-cyber-security-(mscs),计算机.json,南洋理工大学,12,计算机
d633f96c-7177-47b9-845b-77c47168e0ba,南洋理工大学区块链理学硕士,https://www.ntu.edu.sg/education/graduate-programme/master-of-science-in-blockchain,计算机.json,南洋理工大学,12,计算机
05c0aba9-c475-4858-b839-95344c78ebc6,南洋理工大学应用人工智能计算硕士,https://www.ntu.edu.sg/education/graduate-programme/master-of-computing-in-applied-ai-mcaai,计算机.json,南洋理工大学,12,计算机
25f8a01c-ba18-4eb1-941f-406ac348caa3,芝加哥大学计算机科学硕士,https://masters.cs.uchicago.edu/,计算机.json,芝加哥大学,13,计算机
f4192721-4bee-4f95-a15c-0dc91904822c,宾夕法尼亚大学计算机图形和游戏技术硕士,http://www.cis.upenn.edu/prospective-students/graduate/cggt.php,计算机.json,宾夕法尼亚大学,15,计算机
c6058f35-367e-4072-aaa3-2428633f8679,宾夕法尼亚大学机器人学硕士,https://www.grasp.upenn.edu/academics/masters,计算机.json,宾夕法尼亚大学,15,计算机
0aedae37-01a9-4a6a-b433-58dcd7cfdf86,宾夕法尼亚大学计算机与信息科学硕士,https://www.cis.upenn.edu/graduate/program-offerings/mse-in-cis/,计算机.json,宾夕法尼亚大学,15,计算机
ee29aecc-9764-4104-bcf3-ab96e177ed5a,宾夕法尼亚大学计算机与信息技术硕士,https://www.cis.upenn.edu/graduate/program-offerings/master-of-computer-and-information-technology/,计算机.json,宾夕法尼亚大学,15,计算机
be3862cf-37aa-439e-90a2-b679c55c65e1,康奈尔大学计算机科学硕士,https://www.cs.cornell.edu/masters/apply/application,计算机.json,康奈尔大学,16,计算机
e213cee4-8d80-46a8-94d2-c81a4b749056,康奈尔大学健康科技理学硕士,https://tech.cornell.edu/programs/masters-programs/jacobs-technion-cornell-dual-ms-health-tech/,计算机.json,康奈尔大学,16,计算机
ebf875b1-b077-4b94-a8bd-fd1c43ee1d5b,康奈尔大学计算机科学硕士,https://tech.cornell.edu/admissions/meng-application/,计算机.json,康奈尔大学,16,计算机
0e00947d-ad52-442e-954a-ad175a677f43,加州大学伯克利分校计算机科学硕士,https://eecs.berkeley.edu/academics/graduate/research-programs/admissions,计算机.json,加州大学伯克利分校,17,计算机
35eb8431-2dde-4fc7-ab40-7f8da6f8b6cd,墨尔本大学软件工程硕士,https://study.unimelb.edu.au/find/courses/graduate/master-of-software-engineering/,计算机.json,墨尔本大学,19,计算机
7325d3cb-c097-4647-afd2-a9d2e8c6a80d,墨尔本大学信息技术硕士,https://study.unimelb.edu.au/find/courses/graduate/master-of-information-technology/,计算机.json,墨尔本大学,19,计算机
91361ece-b623-4be2-9758-59733d853591,墨尔本大学计算机科学硕士,https://study.unimelb.edu.au/find/courses/graduate/master-of-computer-science/,计算机.json,墨尔本大学,19,计算机
4677df78-2a59-4cfb-b212-afc7556611ff,新南威尔士大学信息技术硕士,https://www.unsw.edu.au/study/postgraduate/master-of-information-technology?studentType=international,计算机.json,新南威尔士大学,20,计算机
8452abcd-e37c-45c8-9c53-ffc09e49f3b6,新南威尔士大学模拟与沉浸式技术硕士,https://www.unsw.edu.au/study/postgraduate/master-of-simulation-and-immersive-technologies?studentType=International,计算机.json,新南威尔士大学,20,计算机
0cbec999-542f-4a88-8df8-709fd7228916,新南威尔士大学工程科学硕士（机器人）,https://www.unsw.edu.au/study/postgraduate/master-of-engineering-science-robotics?studentType=international,计算机.json,新南威尔士大学,20,计算机
4eefe42b-a871-4e54-b56b-fa84c0560fc8,耶鲁大学计算机科学硕士,https://cpsc.yale.edu/academics/graduate-program/master-science,计算机.json,耶鲁大学,21,计算机
5714e493-aa40-4b36-87d3-68f4e9d44897,慕尼黑工业大学计算科学与工程,https://www.tum.de/en/studies/degree-programs/detail/computational-science-and-engineering-cse-master-of-science-msc/,计算机.json,慕尼黑工业大学,22,计算机
39d2ec11-f0d0-4fe8-acbb-94e2ae88ae6f,慕尼黑工业大学信息学,https://www.cit.tum.de/en/cit/studies/degree-programs/master-informatics/,计算机.json,慕尼黑工业大学,22,计算机
aefc310a-8961-4c4d-bef5-70703b3f2996,慕尼黑工业大学信息学：游戏工程,https://www.cit.tum.de/en/cit/studies/degree-programs/master-informatics-games-engineering/,计算机.json,慕尼黑工业大学,22,计算机
2fa82db3-3f62-4d4d-882c-59e6fbda6f1f,慕尼黑工业大学软件工程,https://www.tum.de/en/studies/degree-programs/detail/software-engineering-master-of-science-msc/,计算机.json,慕尼黑工业大学,22,计算机
cb966c8e-5b92-435f-a523-59c0fbf6890d,洛桑联邦理工学院机器人技术理学硕士,https://www.epfl.ch/education/master/programs/robotics/,计算机.json,洛桑联邦理工学院,22,计算机
7648211f-e1f8-4185-b3f5-64762dea4a2a,洛桑联邦理工学院计算科学与工程理学硕士,https://www.epfl.ch/education/master/programs/computational-science-and-engineering/,计算机.json,洛桑联邦理工学院,22,计算机
19fa97d1-73b9-4a1f-bba1-6d2fc810de1b,洛桑联邦理工学院计算机科学理学硕士,https://www.epfl.ch/education/master/programs/computer-science/,计算机.json,洛桑联邦理工学院,22,计算机
8b27664a-ec77-4b17-bee8-1f95da0fe314,洛桑联邦理工学院通信系统理学硕士,https://www.epfl.ch/education/master/programs/communication-systems/,计算机.json,洛桑联邦理工学院,22,计算机
9461fb35-e315-4c6d-9f47-18c1fe272544,洛桑联邦理工学院网络安全理学硕士,https://www.epfl.ch/education/master/programs/cyber-security/,计算机.json,洛桑联邦理工学院,22,计算机
33fe1ca1-7de2-4519-a243-7279b7a18567,约翰霍普金斯大学机器人硕士,https://lcsr.jhu.edu/MSE/,计算机.json,约翰霍普金斯大学,24,计算机
1507c453-741e-4a4c-80e3-2b0caae54e51,约翰霍普金斯大学安全信息学硕士,https://isi.jhu.edu/academics/program-requirements-2/,计算机.json,约翰霍普金斯大学,24,计算机
ef8f7520-dd3a-4395-a90f-c05ff32c052e,约翰霍普金斯大学计算机科学硕士,https://www.cs.jhu.edu/graduate-studies/masters-program/,计算机.json,约翰霍普金斯大学,24,计算机
7d374e69-34d8-4598-8a44-4bf7e8bc1da3,悉尼大学计算机科学硕士,https://www.sydney.edu.au/courses/courses/pc/master-of-computer-science.html,计算机.json,悉尼大学,25,计算机
b539bd1f-3d9c-485b-b64c-077f4a557688,悉尼大学网络安全硕士,https://www.sydney.edu.au/courses/courses/pc/master-of-cybersecurity.html,计算机.json,悉尼大学,25,计算机
90824019-34aa-477f-aff2-17b0915e9ad9,悉尼大学交互设计与电子艺术硕士（音频与声学）,https://www.sydney.edu.au/courses/courses/pc/master-of-interaction-design-and-electronic-arts-audio-and-acoustics.html,计算机.json,悉尼大学,25,计算机
7679c392-6909-4d26-816d-4c804a0094ee,悉尼大学交互设计与电子艺术硕士（照明设计）,https://www.sydney.edu.au/courses/courses/pc/master-of-interaction-design-and-electronic-arts-illumination-design.html,计算机.json,悉尼大学,25,计算机
78b6bc35-b167-43cd-8a2c-27d2838b20b2,悉尼大学专业工程学硕士（软件工程）,https://www.sydney.edu.au/content/courses/courses/pc/master-of-professional-engineering-software-engineering.html,计算机.json,悉尼大学,25,计算机
2deddc6b-ea3b-44ea-8f5b-32894e58e601,悉尼大学交互设计与电子艺术硕士,https://www.sydney.edu.au/courses/courses/pc/master-of-interaction-design-and-electronic-arts.html,计算机.json,悉尼大学,25,计算机
ba43ccba-859f-46b1-96c1-3777f5a672b0,普林斯顿大学计算机科学硕士,https://www.cs.princeton.edu/grad,计算机.json,普林斯顿大学,25,计算机
95738202-f732-40b9-9867-0c287f05db1e,悉尼大学专业工程硕士（加速）（软件工程）,https://www.sydney.edu.au/content/courses/courses/pc/master-of-professional-engineering-accelerated-software-engineering.html,计算机.json,悉尼大学,25,计算机
6509a86d-a872-45c1-84f9-20aa8e3a6c63,悉尼大学软件工程工学硕士,https://www.sydney.edu.au/courses/courses/pc/master-of-engineering-software-engineering.html,计算机.json,悉尼大学,25,计算机
2702fb73-eee2-4c91-a2c4-6ffab938b64f,悉尼大学复杂系统硕士,https://www.sydney.edu.au/courses/courses/pc/master-of-complex-systems0.html,计算机.json,悉尼大学,25,计算机
ccbb6c4f-b068-4668-9aa9-43ee1a662e2d,悉尼大学计算机科学硕士（高级入门）,https://www.sydney.edu.au/courses/courses/pc/master-of-computer-science-advanced-entry.html,计算机.json,悉尼大学,25,计算机
41544313-3a1b-431f-9fb1-00e16fae75f4,伦敦大学国王学院高级计算理学硕士,https://www.kcl.ac.uk/study/postgraduate-taught/courses/advanced-computing-msc,计算机.json,伦敦大学国王学院,31,计算机
a05cc05b-fb6d-4871-b8a1-9a9012cc152a,伦敦大学国王学院高级软件工程理学硕士,https://www.kcl.ac.uk/study/postgraduate-taught/courses/advanced-software-engineering-msc,计算机.json,伦敦大学国王学院,31,计算机
c2cd9812-edbb-4bda-8448-e8a9b8296f8d,伦敦大学国王学院网络安全理学硕士,https://www.kcl.ac.uk/study/postgraduate-taught/courses/cyber-security-msc,计算机.json,伦敦大学国王学院,31,计算机
31366dc6-7db8-4553-a07b-c58a0d3c169d,伦敦大学国王学院机器人学理学硕士,https://www.kcl.ac.uk/study/postgraduate-taught/courses/robotics-msc,计算机.json,伦敦大学国王学院,31,计算机
b3716e90-a27a-4b83-82be-ab1cb71a9aca,伦敦大学国王学院人工智能理学硕士,https://www.kcl.ac.uk/study/postgraduate-taught/courses/artificial-intelligence-msc,计算机.json,伦敦大学国王学院,31,计算机
8a2e2f93-9eaa-4112-b229-96d59ef8234a,香港中文大学人工智能与机器人理学硕士（CUHK-Shenzhen）,https://sds.cuhk.edu.cn/mair,计算机.json,香港中文大学,32,计算机
2a3914d4-15eb-4ad2-ace7-06a531ba4f25,香港中文大学人工智能理学硕士,https://www.gs.cuhk.edu.hk/admissions/programme/engineering#msc-in-artificial-intelligence,计算机.json,香港中文大学,32,计算机
f74eced0-d874-450e-9280-fa2506da9664,香港中文大学计算机科学理学硕士（CUHK-Shenzhen）,https://sds.cuhk.edu.cn/page/2132,计算机.json,香港中文大学,32,计算机
e1f423e7-98c9-43bd-9b9e-2b90d6960032,香港中文大学计算机科学理学硕士,https://www.gs.cuhk.edu.hk/admissions/programme/engineering#msc-in-computer-science,计算机.json,香港中文大学,32,计算机
32729d3d-9c05-4b3c-a6f6-0b069995a148,香港中文大学信息工程理学硕士,https://www.gs.cuhk.edu.hk/admissions/programme/engineering#msc-in-information-engineering,计算机.json,香港中文大学,32,计算机
3e0872d7-c927-4658-bd1b-ca2ed136470a,澳大利亚国立大学计算硕士（高级）,https://programsandcourses.anu.edu.au/2025/program/VCOMP,计算机.json,澳大利亚国立大学,32,计算机
89a10f26-0a00-4a17-81af-fff56ba52db5,澳大利亚国立大学计算硕士,https://programsandcourses.anu.edu.au/2025/program/7706XMCOMP,计算机.json,澳大利亚国立大学,32,计算机
e542ab67-8fcf-4bee-a433-b466400c7b16,澳大利亚国立大学机器学习与计算机视觉硕士,https://programsandcourses.anu.edu.au/2025/program/MMLCV,计算机.json,澳大利亚国立大学,32,计算机
a6e464a5-2834-436a-ae63-8c882ef9a6ac,香港中文大学机器人学理学硕士,https://www.gs.cuhk.edu.hk/admissions/programme/engineering#msc-in-robotics,计算机.json,香港中文大学,32,计算机
7fc96fc5-c766-4feb-a74e-358007e4bb42,香港中文大学计算机与信息工程理学硕士（CUHK-Shenzhen）,https://sse.cuhk.edu.cn/page/1727,计算机.json,香港中文大学,32,计算机
a10e2dd3-cf64-4626-9904-0ebb75969594,爱丁堡大学认知科学理学硕士,https://www.ed.ac.uk/studying/postgraduate/degrees/index.php?r=site/view&edition=2025&id=108,计算机.json,爱丁堡大学,34,计算机
68755878-5456-4962-9899-4f0a8fe30561,爱丁堡大学人工智能理学硕士,https://www.ed.ac.uk/studying/postgraduate/degrees/index.php?r=site/view&edition=2025&id=107,计算机.json,爱丁堡大学,34,计算机
c0db5f42-6dd7-472a-ad5d-db4142d45265,爱丁堡大学高性能计算与数据科学理学硕士,https://www.ed.ac.uk/studying/postgraduate/degrees/index.php?r=site/view&edition=2025&id=871,计算机.json,爱丁堡大学,34,计算机
216b9eb6-b7b5-4be4-a72a-4a00f32ab15c,爱丁堡大学网络安全、隐私与信任理学硕士,https://www.ed.ac.uk/studying/postgraduate/degrees/index.php?r=site/view&edition=2025&id=971,计算机.json,爱丁堡大学,34,计算机
2f994a8f-38b5-49e4-a0b8-ffad646c8773,爱丁堡大学计算机科学理学硕士,https://www.ed.ac.uk/studying/postgraduate/degrees/index.php?r=site/view&edition=2025&id=110,计算机.json,爱丁堡大学,34,计算机
3531db15-2dd5-4cdf-9bbf-accebadefa78,爱丁堡大学语音与语言处理理学硕士,https://www.ed.ac.uk/studying/postgraduate/degrees/index.php?r=site/view&edition=2025&id=290,计算机.json,爱丁堡大学,34,计算机
cb8c63b7-97a8-4c00-aeea-cd40d6a75292,爱丁堡大学高性能计算理学硕士,https://www.ed.ac.uk/studying/postgraduate/degrees/index.php?r=site/view&edition=2025&id=187,计算机.json,爱丁堡大学,34,计算机
87b2efc0-5de9-46c3-8991-450fa44a6118,曼彻斯特大学高级计算机科学理学硕士,https://www.manchester.ac.uk/study/masters/courses/list/21573/msc-advanced-computer-science/,计算机.json,曼彻斯特大学,35,计算机
7c80992f-f14d-4415-83f6-ff7ea5590d92,曼彻斯特大学软件工程理学硕士,https://www.manchester.ac.uk/study/masters/courses/list/21577/msc-software-engineering/,计算机.json,曼彻斯特大学,35,计算机
0a82c14d-61b9-42fb-9c51-474e74220dfa,曼彻斯特大学机器学习理学硕士,https://www.manchester.ac.uk/study/masters/courses/list/21576/msc-machine-learning/,计算机.json,曼彻斯特大学,35,计算机
f6894d90-da22-4429-9204-a6be95c26b6e,曼彻斯特大学网络安全理学硕士,https://www.manchester.ac.uk/study/masters/courses/list/21575/msc-cyber-security/,计算机.json,曼彻斯特大学,35,计算机
bc84aca8-1734-4689-a9c9-25f9684f5755,曼彻斯特大学人工智能理学硕士,https://www.manchester.ac.uk/study/masters/courses/list/21574/msc-artificial-intelligence/,计算机.json,曼彻斯特大学,35,计算机
aa091ba8-9a0a-4db0-b0ba-066561f08653,曼彻斯特大学数字转型理学硕士,https://www.manchester.ac.uk/study/masters/courses/list/21605/msc-digital-transformation/,计算机.json,曼彻斯特大学,35,计算机
5ddbb178-acfe-4097-b7ed-041e26065007,莫纳什大学人工智能硕士,https://www.monash.edu/study/courses/find-a-course/artificial-intelligence-c6007?international=true,计算机.json,莫纳什大学,36,计算机
8ebd4adb-6b5b-4495-804a-d2a6d57ccc01,莫纳什大学网络安全硕士（1.5年制）,https://www.monash.edu/study/courses/find-a-course/cybersecurity-c6002?international=true,计算机.json,莫纳什大学,36,计算机
a95adaa4-7a86-455a-9d29-2eb38bd293fd,莫纳什大学网络安全硕士（2年制）,https://www.monash.edu/study/courses/find-a-course/cybersecurity-c6002?international=true,计算机.json,莫纳什大学,36,计算机
de8fa37e-e6e7-40a7-9133-6cf670acbd74,莫纳什大学信息技术硕士（2年制）,https://www.monash.edu/study/courses/find-a-course/information-technology-c6001?international=true,计算机.json,莫纳什大学,36,计算机
7ddb4036-838a-495e-9dc7-d67bc74c9258,马来西亚莫纳什大学人工智能硕士,https://www.monash.edu.my/study/postgraduate-and-research/information-technology/master-of-artificial-intelligence,计算机.json,马来西亚莫纳什大学,36,计算机
e8a67b52-7cf0-4672-a615-12cd8a4050f5,莫纳什大学信息技术硕士（1.5年制）,https://www.monash.edu/study/courses/find-a-course/information-technology-c6001?international=true,计算机.json,莫纳什大学,36,计算机
c2b2c96c-4948-467c-8adc-880c2c5d9b60,哥伦比亚大学计算机工程硕士,https://compeng.columbia.edu/compeng-graduate,计算机.json,哥伦比亚大学,38,计算机
9eaa35f3-0fd4-462f-8482-b6eca75a4221,哥伦比亚大学计算机科学硕士,https://www.cs.columbia.edu/education/admissions8/#deadlines,计算机.json,哥伦比亚大学,38,计算机
67210ee9-6810-4f5e-b326-94e22825bb4e,哥伦比亚大学数字游戏设计与开发硕士,https://www.tc.columbia.edu/mathematics-science-and-technology/communication-media-and-learning-technologies-design/degrees--requirements/design-and-development-of-digital-games-ma/,计算机.json,哥伦比亚大学,38,计算机
62ad6042-9ebd-47a0-a88a-d89d8601c71b,西北大学（美国）机器学习与数据科学硕士,https://www.mccormick.northwestern.edu/machine-learning-data-science/overview/,计算机.json,西北大学（美国）,42,计算机
21adc23f-4652-4afa-9e4f-5126a4d34dab,昆士兰大学计算机科学硕士（1年制）,https://study.uq.edu.au/study-options/programs/master-computer-science-5522,计算机.json,昆士兰大学,42,计算机
4fc799a3-912a-4217-bcb2-0d867fbc9fdd,昆士兰大学交互设计硕士,https://study.uq.edu.au/study-options/programs/master-interaction-design-5580,计算机.json,昆士兰大学,42,计算机
4e741de1-c8d6-42ec-b94c-e313a2e69d1b,昆士兰大学信息技术硕士,https://study.uq.edu.au/study-options/programs/master-information-technology-5581,计算机.json,昆士兰大学,42,计算机
24af5664-3236-4407-879d-faab687e1e12,昆士兰大学计算机科学硕士（管理学）,https://study.uq.edu.au/study-options/programs/master-computer-science-management-5523,计算机.json,昆士兰大学,42,计算机
7faf5127-daad-4463-8104-309d86960e62,昆士兰大学计算机科学硕士（1.5年制）,https://study.uq.edu.au/study-options/programs/master-computer-science-5522,计算机.json,昆士兰大学,42,计算机
0759905b-47cb-4b4e-bce5-d3742a36eaa0,昆士兰大学网络安全硕士（1.5年制）,https://study.uq.edu.au/study-options/programs/master-cyber-security-5257,计算机.json,昆士兰大学,42,计算机
f2bc015d-8c0e-47e1-b955-5832cf502ac0,昆士兰大学网络安全硕士（2年制）,https://study.uq.edu.au/study-options/programs/master-cyber-security-5257,计算机.json,昆士兰大学,42,计算机
738af928-e80b-4bf8-bd84-c15648c97471,西北大学（美国）计算机科学理学硕士,https://www.mccormick.northwestern.edu/computer-science/academics/graduate/masters/,计算机.json,西北大学（美国）,42,计算机
dab804c4-2b38-4858-b034-82559892970f,昆士兰大学软件工程硕士（专业）,https://study.uq.edu.au/study-options/programs/master-software-engineering-professional-5747,计算机.json,昆士兰大学,42,计算机
fd7e80bb-6832-4aa0-9fdf-88f7b2180085,西北大学（美国）人工智能理学硕士,https://www.mccormick.northwestern.edu/artificial-intelligence/,计算机.json,西北大学（美国）,42,计算机
541e048d-2cf3-41bf-8aec-e9b989b785fe,西北大学（美国）计算机工程硕士,https://www.mccormick.northwestern.edu/electrical-computer/graduate/masters/computer-engineering.html,计算机.json,西北大学（美国）,42,计算机
6e47299a-bf21-4a5f-9de1-f060a4f0711c,香港科技大学人工智能与创业理学硕士,https://prog-crs.hkust.edu.hk/pgprog/2025-26/msc-aie,计算机.json,香港科技大学,44,计算机
ba5c0fa7-2023-4704-bdb9-044fd25d25e8,香港科技大学人工智能理学硕士,https://prog-crs.hkust.edu.hk/pgprog/2025-26/msc-ai,计算机.json,香港科技大学,44,计算机
2b6b40e0-5571-41aa-b76e-a55b4a394d0f,香港科技大学人工智能哲学硕士（HKUST(GZ)）,https://fytgs.hkust-gz.edu.cn/programs/2025-26/information-hub-2025-26/artificial-intelligence-4,计算机.json,香港科技大学,44,计算机
f4d32a50-1237-4fd0-af52-753168d91f39,香港科技大学物联网哲学硕士（HKUST(GZ)）,https://fytgs.hkust-gz.edu.cn/programs/2025-26/information-hub-2025-26/internet-of-things-4,计算机.json,香港科技大学,44,计算机
c0e88007-06a1-4dd3-b73b-90e688a7ef83,香港科技大学信息技术理学硕士,https://prog-crs.hkust.edu.hk/pgprog/2025-26/msc-it,计算机.json,香港科技大学,44,计算机
bf3edb14-379e-4c41-8a88-6274d0ff4604,香港科技大学大数据智能理学硕士（HKUST(GZ)）,https://fytgs.hkust-gz.edu.cn/programs/2025-26/information-hub-2025-26/data-centric-artificial-intelligence-technology-3,计算机.json,香港科技大学,44,计算机
5689e9e9-b396-4a6d-9a9f-820984a4c7f4,密歇根大学安娜堡分校计算机科学与工程硕士,https://cse.engin.umich.edu/academics/graduate/graduate-programs/,计算机.json,密歇根大学安娜堡分校,45,计算机
2bcc7878-7da1-48b0-8e92-e80876e614b5,密歇根大学安娜堡分校机器人学理学硕士,https://robotics.umich.edu/academics/graduate/,计算机.json,密歇根大学安娜堡分校,45,计算机
bf9a34b4-8a6a-4598-aa23-fdbac866186a,密歇根大学安娜堡分校计算机科学与工程硕士,https://cse.engin.umich.edu/academics/graduate/graduate-programs/masters-in-cse/,计算机.json,密歇根大学安娜堡分校,45,计算机
ae5995cc-21f1-44d4-9bd1-e669cf17dc83,加州大学洛杉矶分校计算机科学硕士,https://www.cs.ucla.edu/graduate-admissions/#,计算机.json,加州大学洛杉矶分校,46,计算机
b7511c1b-8563-4b58-ba84-57c362bee882,加州大学洛杉矶分校工程硕士：人工智能,https://www.meng.ucla.edu/artificial-intelligence-2/,计算机.json,加州大学洛杉矶分校,46,计算机
7e167ad5-27a9-47d1-84ad-9f63a4c2e21d,代尔夫特理工大学计算机与嵌入式系统工程理学硕士,https://www.tudelft.nl/en/education/programmes/masters/msc-computer-embedded-systems-engineering,计算机.json,代尔夫特理工大学,47,计算机
cb266dc6-b3f1-41d7-9755-ca8739cd085e,代尔夫特理工大学交互设计理学硕士,https://www.tudelft.nl/en/education/programmes/masters/design-for-interaction/msc-design-for-interaction/,计算机.json,代尔夫特理工大学,47,计算机
93ee2b0a-beed-4304-b866-abf9699c6c18,代尔夫特理工大学计算机科学理学硕士,https://www.tudelft.nl/en/education/admission-and-application/msc-international-diploma/required-documents#c425780,计算机.json,代尔夫特理工大学,47,计算机
ac6e03dc-891e-4946-b1d6-caeafb3783d7,布里斯托大学网络安全（软件安全）理学硕士,https://www.bristol.ac.uk/study/postgraduate/taught/msc-cyber-security-software-security/,计算机.json,布里斯托大学,51,计算机
568958d8-5146-4b0e-82c0-24343b9fd393,布里斯托大学物联网与人工智能理学硕士,https://www.bristol.ac.uk/study/postgraduate/taught/msc-internet-of-things-with-ai/,计算机.json,布里斯托大学,51,计算机
f9b59e33-37bf-434f-846f-0f451410dc51,布里斯托大学沉浸式技术（虚拟与增强现实）理学硕士,https://www.bristol.ac.uk/study/postgraduate/taught/msc-immersive-technologies-virtual-and-augmented-reality/,计算机.json,布里斯托大学,51,计算机
a81ff568-03cd-4cc8-bfe7-f54a7b45f60c,布里斯托大学网络安全（基础设施安全）理学硕士,https://www.bristol.ac.uk/study/postgraduate/taught/msc-cyber-security-infrastructures-security/,计算机.json,布里斯托大学,51,计算机
3d0ded49-6fe9-40da-95b7-8aeb6c808fa4,布里斯托大学生物机器人理学硕士,https://www.bristol.ac.uk/study/postgraduate/taught/msc-biorobotics/,计算机.json,布里斯托大学,51,计算机
d3680bfd-c2ac-479b-afab-876d1fb43ab9,布里斯托大学计算机科学理学硕士（可跨申）,https://www.bristol.ac.uk/study/postgraduate/taught/msc-computer-science-conversion/,计算机.json,布里斯托大学,51,计算机
f24ab96a-9ffe-4b18-9822-6c99b57a458e,布里斯托大学机器人学理学硕士,https://www.bristol.ac.uk/study/postgraduate/taught/msc-robotics/,计算机.json,布里斯托大学,51,计算机
c92ff0d8-fd7b-4461-8bae-b4fa27193079,卡内基梅隆大学移动与物联网工程理学硕士,https://www.cmu.edu/ini/academics/bicoastal/index.html,计算机.json,卡内基梅隆大学,52,计算机
45e1b808-5e8c-4ef4-9f65-3f5a2262dac5,卡内基梅隆大学人工智能工程硕士-机械工程,https://www.meche.engineering.cmu.edu/education/graduate-programs/masters-artificial-intelligence-engineering.html,计算机.json,卡内基梅隆大学,52,计算机
ba91d984-2499-45d7-add7-c01259950487,卡内基梅隆大学人工智能工程硕士-化学工程,https://www.cheme.engineering.cmu.edu/education/graduate-programs/masters/aie-che.html,计算机.json,卡内基梅隆大学,52,计算机
0268c16e-3e5b-4253-a727-5399814428cf,卡内基梅隆大学计算生物学理学硕士,https://www.cmu.edu/ms-compbio/,计算机.json,卡内基梅隆大学,52,计算机
cdde2404-513b-4f91-8374-4d3370abc876,卡内基梅隆大学人机交互硕士,https://hcii.cmu.edu/academics/mhci,计算机.json,卡内基梅隆大学,52,计算机
57c21d02-6800-4135-8f15-da349a7af487,卡内基梅隆大学人工智能工程硕士-材料科学与工程,https://mse.engineering.cmu.edu/education/graduate/masters-programs/ms-ai-engineering.html,计算机.json,卡内基梅隆大学,52,计算机
58bde5c3-280a-485a-bd7c-e1b6da3128fc,卡内基梅隆大学计算机科学硕士,https://csd.cmu.edu/academics/masters/overview#mscsoverview,计算机.json,卡内基梅隆大学,52,计算机
c189c871-8ca5-4208-922c-bce42a88a0da,卡内基梅隆大学人工智能与创新硕士,https://msaii.cs.cmu.edu/,计算机.json,卡内基梅隆大学,52,计算机
8043f8d0-ccf0-4261-a270-a103e08e4af6,卡内基梅隆大学软件工程硕士,https://mse.isri.cmu.edu/,计算机.json,卡内基梅隆大学,52,计算机
0e3f5842-eb0f-4179-b928-19c92b8df43c,卡内基梅隆大学软件工程硕士,https://www.ece.cmu.edu/academics/ms-se/index.html,计算机.json,卡内基梅隆大学,52,计算机
e0f9e80f-23b4-4e77-8ee1-91dd7fd0d546,卡内基梅隆大学计算机视觉理学硕士,https://www.ri.cmu.edu/education/academic-programs/master-of-science-computer-vision/,计算机.json,卡内基梅隆大学,52,计算机
478a7729-d216-4078-915f-9bf0456d09a9,卡内基梅隆大学机器人系统开发理学硕士,https://mrsd.ri.cmu.edu/,计算机.json,卡内基梅隆大学,52,计算机
f1cda459-6e1d-4d8f-8c79-364aa1e9b2cc,卡内基梅隆大学计算材料科学与工程,https://mse.engineering.cmu.edu/education/graduate/masters-programs/ms-computational-materials-science-engineering.html,计算机.json,卡内基梅隆大学,52,计算机
7ef6e730-b4b1-4e22-8b47-286edd2beb58,卡内基梅隆大学人工智能硕士,https://www.ece.cmu.edu/academics/ms-ai/index.html,计算机.json,卡内基梅隆大学,52,计算机
ffede9e1-27b6-47d4-9120-73a1c7d10733,卡内基梅隆大学机器人理学硕士,https://www.ri.cmu.edu/education/academic-programs/master-of-science-robotics/,计算机.json,卡内基梅隆大学,52,计算机
7391d40e-5d56-4447-899c-3a73afe1a4d1,卡内基梅隆大学人工智能系统管理理学硕士,https://www.heinz.cmu.edu/admissions/artificial-intelligence-masters/ ,计算机.json,卡内基梅隆大学,52,计算机
0b7c06e0-9077-4aee-a76b-3bd63dfe12d7,卡内基梅隆大学机器学习硕士,http://www.ml.cmu.edu/,计算机.json,卡内基梅隆大学,52,计算机
5856baf1-c56a-4ed1-80f5-2e79886a5edb,卡内基梅隆大学人工智能工程硕士项目（标准方向）,https://www.ece.cmu.edu/academics/ms-ai/standard-program.html,计算机.json,卡内基梅隆大学,52,计算机
f64a2629-7a70-4d90-9e25-bdf0895e03a5,阿姆斯特丹大学软件工程理学硕士,https://www.uva.nl/en/programmes/masters/software-engineering/software-engineering.html?origin=5BOaRAofTjCccATraJp2XA,计算机.json,阿姆斯特丹大学,53,计算机
dc1cd44e-8d21-41a2-899c-213df8aad893,阿姆斯特丹大学计算机科学理学硕士,https://www.uva.nl/en/programmes/masters/computer-science/computer-science.html?origin=5BOaRAofTjCccATraJp2XA,计算机.json,阿姆斯特丹大学,53,计算机
c5c3abb3-b42b-4b18-833a-e20a9c992383,阿姆斯特丹大学计算科学理学硕士,https://www.uva.nl/en/programmes/masters/computational-science/computational-science.html?origin=5BOaRAofTjCccATraJp2XA,计算机.json,阿姆斯特丹大学,53,计算机
72e0d1ed-7ad2-4074-81dc-126014470dae,阿姆斯特丹大学人工智能理学硕士,https://www.uva.nl/en/programmes/masters/artificial-intelligence/artificial-intelligence.html?origin=5BOaRAofTjCccATraJp2XA,计算机.json,阿姆斯特丹大学,53,计算机
afea29c2-9f63-4136-950b-e3d4b379b222,阿姆斯特丹大学安全与网络工程理学硕士,https://www.uva.nl/en/programmes/masters/security-and-network-engineering/security-and-network-engineering.html?origin=5BOaRAofTjCccATraJp2XA,计算机.json,阿姆斯特丹大学,53,计算机
928362ff-b687-4583-b17f-8453c7f7b919,香港理工大学元宇宙科技理学硕士,https://www.polyu.edu.hk/study/pg/tpg/2026/61038,计算机.json,香港理工大学,54,计算机
a1ee2dc1-f0bc-4c9c-b14c-cb053efd3675,香港理工大学人工智能及大数据计算理学硕士,https://www.polyu.edu.hk/study/pg/tpg/2026/62037-fai-pai,计算机.json,香港理工大学,54,计算机
61837cf1-c945-44fd-bf49-d8686bba4d3e,香港理工大学创新多媒体娱乐理学硕士,https://www.polyu.edu.hk/study/pg/tpg/2026/73040-ftm-ptm,计算机.json,香港理工大学,54,计算机
2374f364-9df3-4189-8c42-82efbb2368b3,香港理工大学资讯科技理学硕士,https://www.polyu.edu.hk/study/pg/tpg/2026/61030-fit-pit,计算机.json,香港理工大学,54,计算机
80c44d97-4894-42c0-8521-af80c59f6bbb,香港理工大学区块链科技理学硕士,https://www.polyu.edu.hk/study/pg/tpg/2026/61036-fbt-pbt,计算机.json,香港理工大学,54,计算机
8eecf93e-ee38-4e02-8d58-8c404d643407,香港理工大学智能可穿戴科技理学硕士,https://www.polyu.edu.hk/study/pg/tpg/2026/14110-iwt-pwt-pgd,计算机.json,香港理工大学,54,计算机
e2709d71-374b-41a1-b304-fe6a815c0b11,纽约大学计算机科学硕士,https://engineering.nyu.edu/academics/programs/computer-science-ms,计算机.json,纽约大学,55,计算机
cd3105fb-afeb-498c-ad56-cdd46b191449,纽约大学计算机科学硕士,https://cs.nyu.edu/home/master/prospective_mscs.html,计算机.json,纽约大学,55,计算机
94b568da-568c-4226-b207-56b3fc62597e,纽约大学计算机工程硕士,https://engineering.nyu.edu/academics/programs/computer-engineering-ms,计算机.json,纽约大学,55,计算机
0ea8bd05-c0f7-4082-84c9-7d2b77c81256,纽约大学网络安全理学硕士,https://engineering.nyu.edu/academics/programs/cybersecurity-ms-campus,计算机.json,纽约大学,55,计算机
10047c3a-3511-4da9-a0c8-f8a40414f941,纽约大学计算机、创业及创新硕士,https://cs.nyu.edu/ms-cei/index.html,计算机.json,纽约大学,55,计算机
b4a954b3-744e-4259-853b-511063475392,纽约大学应用城市科学与信息学硕士,https://engineering.nyu.edu/academics/programs/applied-urban-science-and-informatics-ms,计算机.json,纽约大学,55,计算机
10b076e0-41d6-4432-b3b1-795f6d64344c,纽约大学科学计算硕士,https://math.nyu.edu/dynamic/graduate/ms-gsas/ms-scientific-computing/,计算机.json,纽约大学,55,计算机
5933a24e-47ed-4a16-a680-486678ef44a4,纽约大学机器人与机电一体化理学硕士,https://engineering.nyu.edu/academics/programs/mechatronics-and-robotics-ms,计算机.json,纽约大学,55,计算机
1a2b953b-008d-427a-8c5b-9db189cc5218,马来亚大学教育科技硕士,https://education.um.edu.my/master-of-educational-technology,计算机.json,马来亚大学,58,计算机
b197cfb1-616e-4ebc-b219-91e8ec96cd90,马来亚大学数学教育与技术硕士,https://education.um.edu.my/master-of-mathematics-education-with-technology,计算机.json,马来亚大学,58,计算机
e3122a13-8d9d-4ca7-bdfa-e492b3328028,慕尼黑大学软件工程理学硕士,https://elite-se.informatik.uni-augsburg.de,计算机.json,慕尼黑大学,58,计算机
b970aade-1b6d-4c7a-9696-dc09b40e67d5,马来亚大学人工智能硕士,https://fsktm.um.edu.my/master-of-artificial-intelligence-coursework,计算机.json,马来亚大学,58,计算机
0095dd78-52f1-4245-94db-7a116f353367,马来亚大学计算机科学硕士（应用计算）,https://fsktm.um.edu.my/master-of-computer-science-applied-computing-mixed-mode,计算机.json,马来亚大学,58,计算机
08fe7b63-73c7-459b-a63d-3401472d0e4f,马来亚大学软件工程硕士（软件技术）,https://fsktm.um.edu.my/master-of-software-engineering-software-technology-mixed-mode,计算机.json,马来亚大学,58,计算机
0fb6033e-118b-4585-b4ab-b925897c77b3,马来亚大学信息技术与科学教育硕士,https://education.um.edu.my/master-of-science-education-with-information-technology,计算机.json,马来亚大学,58,计算机
26d9d70f-a473-438c-9205-d5b6dd0dde0a,马来亚大学网络安全硕士,https://fsktm.um.edu.my/master-of-cyber-security-coursework,计算机.json,马来亚大学,58,计算机
4a85268b-a0fd-4c2c-9577-71a9f57c1511,荷语鲁汶大学计算机科学工程,https://onderwijsaanbod.kuleuven.be/opleidingen/e/CQ_52364384.htm#activetab=diploma_omschrijving,计算机.json,荷语鲁汶大学,60,计算机
ea10e7c4-5ce3-4a26-b8c7-3730be1ddd82,杜克大学计算力学与科学计算工程硕士,https://cee.duke.edu/grad/masters/meng-computational-mechanics,计算机.json,杜克大学,62,计算机
3fb732f7-ec5c-4ce6-b060-e8537024e52d,杜克大学网络安全,https://cybersecurity.meng.duke.edu/,计算机.json,杜克大学,62,计算机
20d2a1ca-828d-410f-8b01-46330f1d4e68,杜克大学计算机科学理学硕士,https://gradschool.duke.edu/academics/programs-degrees/computer-science-ms/,计算机.json,杜克大学,62,计算机
f7af066a-6678-469c-8420-2d638a138efe,杜克大学人工智能（产品创新）,https://ai.meng.duke.edu/degree,计算机.json,杜克大学,62,计算机
1fa68db0-e651-45da-8a4a-2c56bc83d292,香港城市大学电脑科学理学硕士,https://www.cityu.edu.hk/pg/programme/p53,计算机.json,香港城市大学,63,计算机
bdbb0205-f057-45d1-9627-f3e072ea91c9,香港城市大学多媒体资讯科技理学硕士,https://www.cityu.edu.hk/pg/programme/p59,计算机.json,香港城市大学,63,计算机
e72245c4-d5fd-4190-ba44-4e7470b2b5c3,香港城市大学电脑科学理学硕士（CityU-DG）,https://pga.cityu-dg.edu.cn/computer-science,计算机.json,香港城市大学,63,计算机
cbb02f2e-49a8-4616-86ba-50d7f0f08d31,香港城市大学人工智能理学硕士,https://www.cityu.edu.hk/pg/programme/p75,计算机.json,香港城市大学,63,计算机
08d2d576-1d68-4e13-967c-78da95a0485e,加州大学圣地亚哥分校计算机科学与工程硕士,https://cse.ucsd.edu/graduate/admissions,计算机.json,加州大学圣地亚哥分校,66,计算机
f8e4fc02-336a-4033-bdd1-923460ad11e8,德克萨斯大学奥斯汀分校计算机科学硕士,https://www.cs.utexas.edu/graduate-program/masters-program,计算机.json,德克萨斯大学奥斯汀分校,68,计算机
4c957ba4-96cb-4762-b392-b069e0cd5fb1,德克萨斯大学奥斯汀分校技术商业化硕士,https://www.mccombs.utexas.edu/graduate/specialized-masters/ms-technology-commercialization/,计算机.json,德克萨斯大学奥斯汀分校,68,计算机
9b2a5b44-1a73-4bbe-b4b6-bfedf91130e1,德克萨斯大学奥斯汀分校信息安全与隐私科学硕士,https://msisp.ischool.utexas.edu/,计算机.json,德克萨斯大学奥斯汀分校,68,计算机
e1e1bb7f-d689-421b-b513-9aa3ec4d5381,布朗大学计算机科学硕士,https://cs.brown.edu/degrees/masters/,计算机.json,布朗大学,69,计算机
946cc37b-e074-4fbf-8022-9e3bee425ce2,伊利诺伊大学香槟分校计算机科学硕士,https://cs.illinois.edu/academics/graduate/professional-mcs/campus-master-computer-science,计算机.json,伊利诺伊大学香槟分校,70,计算机
d50e349b-5ab5-464d-b444-4e3d6936fef3,伊利诺伊大学香槟分校计算机科学硕士,https://cs.illinois.edu/academics/graduate/ms-program,计算机.json,伊利诺伊大学香槟分校,70,计算机
16368151-5826-4188-bcb6-5ae09cbce7be,伊利诺伊大学香槟分校生物图像计算理学硕士,https://bioengineering.illinois.edu/academics/graduate/msbic,计算机.json,伊利诺伊大学香槟分校,70,计算机
127c62fe-cbfd-4fe3-ac8c-18f027df3b1b,华威大学计算机科学理学硕士,https://warwick.ac.uk/study/postgraduate/courses/msc-computer-science,计算机.json,华威大学,74,计算机
b24f20ad-b165-4991-b76e-c67b541caca4,华威大学数据分析学理学硕士,https://warwick.ac.uk/study/postgraduate/courses/msc-data-analytics,计算机.json,华威大学,74,计算机
4328ecc0-f28e-403c-b1ba-9b4f66c43173,华威大学网络安全管理理学硕士,https://warwick.ac.uk/study/postgraduate/courses/msc-cyber-security-management,计算机.json,华威大学,74,计算机
d36584ef-cab8-406d-a570-ecc13e6b7cbf,华威大学网络安全工程理学硕士,https://warwick.ac.uk/study/postgraduate/courses/msc-cyber-security-engineering,计算机.json,华威大学,74,计算机
d856693b-57a0-417f-a855-9f93b695b266,华威大学游戏工程理学硕士,https://warwick.ac.uk/study/postgraduate/courses/msc-games-engineering,计算机.json,华威大学,74,计算机
be2af0f7-2f45-46ed-a8c4-a6ec7e12b4ed,华威大学人工智能应用理学硕士,https://warwick.ac.uk/study/postgraduate/courses/msc-applied-artificial-intelligence,计算机.json,华威大学,74,计算机
3c9eeab2-2895-4542-b031-707f09d666fe,伯明翰大学网络安全理学硕士,https://www.birmingham.ac.uk/study/postgraduate/subjects/computer-science-and-data-science-courses/cyber-security-msc,计算机.json,伯明翰大学,76,计算机
360d2532-91df-4f29-bba1-df8455335a40,伯明翰大学人机交互理学硕士,https://www.birmingham.ac.uk/study/postgraduate/subjects/computer-science-and-data-science-courses/human-computer-interaction-msc,计算机.json,伯明翰大学,76,计算机
85e95b56-9fc0-488b-b1ea-7e154e9836c1,伯明翰大学机器人学理学硕士,https://www.birmingham.ac.uk/study/postgraduate/subjects/mechanical-engineering-courses/robotics-msc,计算机.json,伯明翰大学,76,计算机
3c1396f3-f6b6-411c-bcee-f1d01076849c,伯明翰大学人工智能与政府理学硕士,https://www.birmingham.ac.uk/study/postgraduate/subjects/politics-development-and-international-relations-courses/ai-and-government-msc,计算机.json,伯明翰大学,76,计算机
21262610-2d95-4b1f-b5ae-d5f93e9930af,伯明翰大学人工智能与可持续发展理学硕士,https://www.birmingham.ac.uk/study/postgraduate/subjects/politics-development-and-international-relations-courses/ai-and-sustainable-development-msc,计算机.json,伯明翰大学,76,计算机
dc549af2-c132-4eac-93b7-14bbb49fba51,伯明翰大学人工智能与机器学习理学硕士,https://www.birmingham.ac.uk/study/postgraduate/subjects/computer-science-and-data-science-courses/artificial-intelligence-machine-learning-msc,计算机.json,伯明翰大学,76,计算机
c25b2ed4-7baf-4d44-8984-ee2028c93735,伯明翰大学高级计算机科学理学硕士,https://www.birmingham.ac.uk/study/postgraduate/subjects/computer-science-and-data-science-courses/advanced-computer-science-msc,计算机.json,伯明翰大学,76,计算机
04cd122f-6dbe-43ce-a438-af0ddf8cc9d9,伯明翰大学计算机科学理学硕士,https://www.birmingham.ac.uk/study/postgraduate/subjects/computer-science-and-data-science-courses/computer-science-msc,计算机.json,伯明翰大学,76,计算机
3368d5e5-f60f-4b85-bf96-d14b7c979263,西澳大学信息技术硕士,https://www.uwa.edu.au/study/Courses/Master-of-Information-Technology,计算机.json,西澳大学,77,计算机
ba50faa4-bc7c-43ba-a524-0ebe74a2340c,格拉斯哥大学信息技术理学硕士,https://www.gla.ac.uk/postgraduate/taught/informationtechnology/,计算机.json,格拉斯哥大学,79,计算机
4b88023f-b11b-4805-aff8-30d39aed2687,格拉斯哥大学软件开发理学硕士,https://www.gla.ac.uk/postgraduate/taught/softwaredevelopment/,计算机.json,格拉斯哥大学,79,计算机
b4290110-8a9c-474f-a51c-0daf0595006a,格拉斯哥大学计算机系统工程理学硕士,https://www.gla.ac.uk/postgraduate/taught/computersystemsengineering/,计算机.json,格拉斯哥大学,79,计算机
d5888bc9-5079-466f-8e38-566ecc657878,格拉斯哥大学机器人与人工智能理学硕士,https://www.gla.ac.uk/postgraduate/taught/roboticsai/,计算机.json,格拉斯哥大学,79,计算机
b84bd44e-fc87-4a49-90eb-aea27602f8eb,格拉斯哥大学计算科学理学硕士,https://www.gla.ac.uk/postgraduate/taught/computingscience/,计算机.json,格拉斯哥大学,79,计算机
d2ef62bf-75ee-4432-a3db-dd0a9e2f9fbd,格拉斯哥大学网络安全理学硕士,https://www.gla.ac.uk/postgraduate/taught/cybersecurity/,计算机.json,格拉斯哥大学,79,计算机
42abc654-af55-4ea3-be70-96e71279b569,华盛顿大学人机交互与设计硕士,https://mhcid.washington.edu/,计算机.json,华盛顿大学,81,计算机
1592b7e4-3734-4ca8-8219-13845ca0a1e3,华盛顿大学计算语言学理学硕士,https://www.compling.uw.edu/,计算机.json,华盛顿大学,81,计算机
4affe6ed-0da7-4101-8b33-26232af74d05,阿德莱德大学计算机科学硕士,https://adelaideuni.edu.au/study/degrees/master-of-computer-science/int/,计算机.json,阿德莱德大学,82,计算机
f7268e1d-a917-4caa-aa41-a5ffcd893ae4,阿德莱德大学信息技术硕士（计算与创新）,https://adelaideuni.edu.au/study/degrees/master-of-information-technology-computing-and-innovation/,计算机.json,阿德莱德大学,82,计算机
588694a9-d0ca-4824-95ef-86e19c31d553,阿德莱德大学信息技术硕士（网络安全）,https://adelaideuni.edu.au/study/degrees/master-of-information-technology-cyber-security/,计算机.json,阿德莱德大学,82,计算机
88296dec-a0d3-4bce-91e4-b94655f14eaa,宾夕法尼亚州立大学计算机科学理学硕士,https://harrisburg.psu.edu/science-engineering-technology/computer-science-and-mathematics/master-science-computer-science,计算机.json,宾夕法尼亚州立大学,82,计算机
af9f8c6b-ca43-49e5-8e60-90535b84db8b,阿德莱德大学人工智能与机器学习硕士,https://adelaideuni.edu.au/study/degrees/master-of-artificial-intelligence-and-machine-learning/,计算机.json,阿德莱德大学,82,计算机
10688682-d208-4c0b-bfe8-1efe77cb9226,宾夕法尼亚州立大学计算机科学与工程工程学硕士,https://www.engr.psu.edu/academics/graduate/academic-areas/cse.aspx,计算机.json,宾夕法尼亚州立大学,82,计算机
ecd0fd2b-3853-4149-8e39-2f6a1befd4b4,宾夕法尼亚州立大学计算机科学与工程理学硕士,https://www.eecs.psu.edu/students/graduate/Graduate-Degree-Programs-CSE.aspx,计算机.json,宾夕法尼亚州立大学,82,计算机
d92e3c54-9824-49ee-a1b0-5f99661125e2,阿德莱德大学信息技术硕士（应用人工智能）,https://adelaideuni.edu.au/study/degrees/master-of-information-technology-applied-artificial-intelligence/int/,计算机.json,阿德莱德大学,82,计算机
6738279e-cf56-4e82-9481-34f01c3013da,宾夕法尼亚州立大学信息学硕士,https://ist.psu.edu/education/degree/ms,计算机.json,宾夕法尼亚州立大学,82,计算机
8a762bf2-0622-41d4-870e-ef3663eeb205,宾夕法尼亚州立大学网络安全分析与运营硕士,https://ist.psu.edu/prospective/graduate/ms-cybersecurity,计算机.json,宾夕法尼亚州立大学,82,计算机
4b83bd0e-60f5-48c6-9672-1362df627523,利兹大学高级计算机科学（人工智能）理学硕士,https://courses.leeds.ac.uk/i537/advanced-computer-science-artificial-intelligence-msc,计算机.json,利兹大学,86,计算机
e9299650-379d-48fb-8cba-14463b91785e,利兹大学高级计算机科学理学硕士,https://courses.leeds.ac.uk/f753/advanced-computer-science-msc,计算机.json,利兹大学,86,计算机
88172491-daee-4123-a36b-86b8b83fa247,利兹大学高级计算机科学（云计算）理学硕士,https://courses.leeds.ac.uk/g313/advanced-computer-science-cloud-computing-msc,计算机.json,利兹大学,86,计算机
a4451acc-3267-4b5b-90a6-a844506ad3fe,利兹大学高级计算机科学（数据分析）理学硕士,https://courses.leeds.ac.uk/g314/advanced-computer-science-data-analytics-msc,计算机.json,利兹大学,86,计算机
e8fe7149-ab71-4457-a1a7-b1ae4ae0efc9,利兹大学高性能图形与游戏工程理学硕士,https://courses.leeds.ac.uk/i070/high-performance-graphics-and-games-engineering-msc,计算机.json,利兹大学,86,计算机
48fefbb7-43cd-4e65-9354-8f3a363bcfcd,南安普顿大学人工智能理学硕士,https://www.southampton.ac.uk/courses/artificial-intelligence-masters-msc,计算机.json,南安普顿大学,87,计算机
5074ae7a-ce9a-4db1-bde2-5346363bc932,南安普顿大学计算机科学理学硕士,https://www.southampton.ac.uk/courses/computer-science-masters-msc,计算机.json,南安普顿大学,87,计算机
9979a167-cbe7-404d-a9c8-08d9ebcb30b3,南安普顿大学网络安全理学硕士,https://www.southampton.ac.uk/courses/cyber-security-masters-msc,计算机.json,南安普顿大学,87,计算机
e144960d-04e3-459c-a73b-130ca366218a,南安普顿大学软件工程理学硕士,https://www.southampton.ac.uk/courses/software-engineering-masters-msc,计算机.json,南安普顿大学,87,计算机
c1f4f864-4e86-4b02-bd2c-e514e1f94b42,波士顿大学计算机信息系统硕士,https://www.bu.edu/met/degrees-certificates/ms-computer-information-systems/,计算机.json,波士顿大学,88,计算机
588b96a4-fed5-47d5-b3b8-70056f5d3452,波士顿大学软件开发硕士,https://www.bu.edu/met/degrees-certificates/ms-software-development/,计算机.json,波士顿大学,88,计算机
c3d3e554-cd44-4fef-97ab-66df07a3c122,波士顿大学计算机科学理学硕士-以数据为中心的计算,https://www.bu.edu/cs/masters/program/cs/data-centric/,计算机.json,波士顿大学,88,计算机
0a036ef4-d365-464e-b198-e34ae38e9168,波士顿大学人工智能硕士,http://www.bu.edu/cs/masters/program/ai/,计算机.json,波士顿大学,88,计算机
1b16aac0-dd11-46df-832d-72c3176c9243,波士顿大学计算机科学理学硕士-网络安全方向,http://www.bu.edu/cs/masters/program/cyber-security/,计算机.json,波士顿大学,88,计算机
9ed5eb6f-b073-4c8f-bcef-e0c21492e971,波士顿大学计算机科学硕士,https://www.bu.edu/met/degrees-certificates/ms-computer-science/,计算机.json,波士顿大学,88,计算机
c00413e2-4db7-459a-ad0d-3678ee3878c5,普渡大学西拉法叶分校计算机科学硕士,https://www.cs.purdue.edu/graduate/index.html,计算机.json,普渡大学西拉法叶分校,88,计算机
7a24888b-78ab-4ab7-b2cf-1787422f1b7a,普渡大学西拉法叶分校计算机图形技术理学硕士,https://polytechnic.purdue.edu/degrees/ms-computer-graphics-technology,计算机.json,普渡大学西拉法叶分校,88,计算机
79c53e93-5e2c-493b-9f68-4fde28ee1d44,普渡大学西拉法叶分校计算机与信息技术硕士,https://polytechnic.purdue.edu/degrees/ms-computer-and-information-technology,计算机.json,普渡大学西拉法叶分校,88,计算机
729e838d-66c6-48d8-b7e5-1b0ff52e851d,波士顿大学计算机科学硕士,http://www.bu.edu/cs/masters/program/cs/,计算机.json,波士顿大学,88,计算机
30108901-0642-48dd-ae45-6fea874e920f,普渡大学西拉法叶分校信息安全跨学科课程硕士,https://www.cerias.purdue.edu/site/education/graduate_program/,计算机.json,普渡大学西拉法叶分校,88,计算机
35c2d1cf-e5f6-4d46-9266-e78bb1f204c4,谢菲尔德大学网络安全与人工智能理学硕士,https://www.sheffield.ac.uk/postgraduate/taught/courses/2025/cybersecurity-and-artificial-intelligence-msc,计算机.json,谢菲尔德大学,92,计算机
ffdab029-559f-482f-ba99-d13b59bce418,谢菲尔德大学机器人学理学硕士,https://www.sheffield.ac.uk/postgraduate/taught/courses/2025/robotics-msc,计算机.json,谢菲尔德大学,92,计算机
e33ae54e-6456-476b-8124-82d4df646194,谢菲尔德大学人工智能理学硕士,https://www.sheffield.ac.uk/postgraduate/taught/courses/2025/artificial-intelligence-msc,计算机.json,谢菲尔德大学,92,计算机
8f3f3836-e09b-4809-acbc-d0e3fa326c94,谢菲尔德大学计算机科学（语音与语言处理）理学硕士,https://www.sheffield.ac.uk/postgraduate/taught/courses/2025/computer-science-speech-and-language-processing-msc,计算机.json,谢菲尔德大学,92,计算机
63fccca3-1cbd-49fb-8760-2501f6f61f51,谢菲尔德大学高级计算机科学理学硕士,https://www.sheffield.ac.uk/postgraduate/taught/courses/2025/advanced-computer-science-msc,计算机.json,谢菲尔德大学,92,计算机
a5edb8a6-9b98-4b87-a0d1-3cb4fdf66169,杜伦大学高级计算机科学理学硕士（人工智能）,https://www.durham.ac.uk/study/courses/advanced-computer-science-artificial-intelligence-g5t709/,计算机.json,杜伦大学,94,计算机
f5cdbe2b-b38b-4b94-9977-ebe92357e247,杜伦大学高级计算机科学理学硕士,https://www.durham.ac.uk/study/courses/advanced-computer-science-g5t609/,计算机.json,杜伦大学,94,计算机
6b84d37b-3188-49e7-a81a-8b941588645b,悉尼科技大学交互设计硕士（扩展）,https://www.uts.edu.au/study/find-a-course/master-interaction-design-extension,计算机.json,悉尼科技大学,96,计算机
218f598b-44f8-442b-97f0-4a1b7c2f4a90,悉尼科技大学交互设计硕士,https://www.uts.edu.au/study/find-a-course/master-interaction-design,计算机.json,悉尼科技大学,96,计算机
ff5f4034-fd6a-473f-8a55-a435b5cef17e,悉尼科技大学网络安全硕士（扩展）,https://www.uts.edu.au/study/find-a-course/master-cybersecurity-extension,计算机.json,悉尼科技大学,96,计算机
d7480042-b6a9-4f85-92e2-86164608a9a7,悉尼科技大学网络安全硕士,https://www.uts.edu.au/study/find-a-course/master-cybersecurity,计算机.json,悉尼科技大学,96,计算机
ff302cf5-4f24-4d00-b464-90edf4fce797,悉尼科技大学人工智能硕士,https://www.uts.edu.au/study/find-a-course/master-artificial-intelligence,计算机.json,悉尼科技大学,96,计算机
499440b7-8d12-4b5b-acb2-6e5be5cb7c32,悉尼科技大学信息技术硕士（扩展）,https://www.uts.edu.au/study/find-a-course/master-information-technology-extension,计算机.json,悉尼科技大学,96,计算机
2c91a798-8d6a-4eb2-91ab-50a97d3c3aa9,悉尼科技大学信息技术硕士,https://www.uts.edu.au/study/find-a-course/master-information-technology,计算机.json,悉尼科技大学,96,计算机
0b374eb3-adab-4dd2-9ea6-995526949c97,悉尼科技大学数据科学与创新硕士,https://www.uts.edu.au/study/find-a-course/master-data-science-and-innovation,计算机.json,悉尼科技大学,96,计算机
0c746350-99f8-40ad-a479-87e496e08c0d,悉尼科技大学动画与可视化硕士,https://www.uts.edu.au/study/find-a-course/master-animation-and-visualisation,计算机.json,悉尼科技大学,96,计算机
565269aa-0854-4372-b921-976f801c5d94,诺丁汉大学网络物理系统理学硕士,https://www.nottingham.ac.uk/pgstudy/course/taught/cyberphysical-systems-msc,计算机.json,诺丁汉大学,97,计算机
90684066-f466-4c4d-9ca8-ac1610f65487,诺丁汉大学科学机器学习理学硕士,https://www.nottingham.ac.uk/pgstudy/course/taught/Machine-Learning-in-Science-MSc,计算机.json,诺丁汉大学,97,计算机
ce44007c-fb1e-48a6-9334-12f0ba4de5ca,诺丁汉大学计算机科学/计算机科学（人工智能）理学硕士,https://www.nottingham.ac.uk/pgstudy/course/taught/computer-science-or-computer-science-artificial-intelligence-msc,计算机.json,诺丁汉大学,97,计算机
8607cd2e-1a80-45a7-9c12-88afeff0e043,诺丁汉大学人机交互理学硕士,https://www.nottingham.ac.uk/pgstudy/course/taught/human-computer-interaction-msc,计算机.json,诺丁汉大学,97,计算机
c9c7fa95-55bd-4c45-ad43-961bd0b918ba,诺丁汉大学计算机科学或计算机科学（人工智能）理学硕士（2年制）,https://www.nottingham.ac.uk/pgstudy/course/taught/computer-science-or-computer-science-artificial-intelligence-2-year-msc,计算机.json,诺丁汉大学,97,计算机
e95a6e34-5c6b-4293-b6f0-e52ca2cf0000,诺丁汉大学网络物理系统理学硕士（2年制）,https://www.nottingham.ac.uk/pgstudy/course/taught/cyberphysical-systems-2year-msc,计算机.json,诺丁汉大学,97,计算机
b962519b-e7f2-421f-a953-805ead883110,乌得勒支大学人机交互理学硕士,https://www.uu.nl/masters/en/human-computer-interaction,计算机.json,乌得勒支大学,103,计算机
ccd4ca1a-d050-45a1-b40a-1de8c00d4e08,乌得勒支大学游戏和媒体技术理学硕士,https://www.uu.nl/masters/en/game-and-media-technology,计算机.json,乌得勒支大学,103,计算机
95e232c4-55b7-40e5-88c0-54e95e8cdc9d,乌得勒支大学计算机科学理学硕士,https://www.uu.nl/masters/en/computing-science,计算机.json,乌得勒支大学,103,计算机
c66c4c1c-cf58-4a06-9b6b-f453530dc007,乌得勒支大学人工智能理学硕士,https://www.uu.nl/masters/en/artificial-intelligence,计算机.json,乌得勒支大学,103,计算机
4e92a57d-32ef-41f8-80f3-042d70a80847,东北大学（美国）网络安全硕士,https://graduate.northeastern.edu/programs/ms-cybersecurity/master-of-science-cybersecurity-boston/,计算机.json,东北大学（美国）,109,计算机
cdbdc6d9-e092-4667-a5f5-f3bd03a69435,东北大学（美国）人工智能硕士,https://graduate.northeastern.edu/programs/ms-artificial-intelligence/master-of-science-in-artificial-intelligence/,计算机.json,东北大学（美国）,109,计算机
8603a3bc-5f37-47ce-8af3-dd23b45f0bf6,东北大学（美国）机器人科学硕士,https://coe.northeastern.edu/academic-programs/ms-robo/,计算机.json,东北大学（美国）,109,计算机
12c7de87-ebac-418d-a987-ee7f96f62605,东北大学（美国）应用机器智能硕士,https://www.northeastern.edu/graduate/program/master-of-professional-studies-in-applied-machine-intelligence-boston-18358/,计算机.json,东北大学（美国）,109,计算机
ecd75853-3646-45b5-b09e-2f1a06ac2705,东北大学（美国）软件系统工程硕士,https://coe.northeastern.edu/academics-experiential-learning/academic-departments/mgen/ms-swes/,计算机.json,东北大学（美国）,109,计算机
b11a170d-c0ed-42d7-9454-a4cc0799a174,东北大学（美国）物联网理学硕士,https://ece.northeastern.edu/academics/graduate-studies/ms-iot/,计算机.json,东北大学（美国）,109,计算机
9aa6a07f-1ac1-4355-8490-21959fdd8ec8,东北大学（美国）计算机科学硕士Align,https://www.khoury.northeastern.edu/programs/align-masters-of-science-in-computer-science/,计算机.json,东北大学（美国）,109,计算机
ad29f8d9-bf57-4248-9fa0-f7d22058fec9,伦敦大学玛丽皇后学院人工智能理学硕士（可跨申）,https://www.qmul.ac.uk/postgraduate/taught/coursefinder/courses/artificial-intelligence-conversion-msc/,计算机.json,伦敦大学玛丽皇后学院,110,计算机
adacfd4e-e92b-4b23-b7d0-4d39ffeb6c27,伦敦大学玛丽皇后学院科学领域人工智能与机器学习理学硕士,https://www.qmul.ac.uk/postgraduate/taught/coursefinder/courses/artificial-intelligence-and-machine-learning-in-science-msc/,计算机.json,伦敦大学玛丽皇后学院,110,计算机
14c05346-1f0d-4bef-9830-146971369251,威斯康星大学麦迪逊分校计算机科学理学硕士,https://www.cs.wisc.edu/grad/,计算机.json,威斯康星大学麦迪逊分校,110,计算机
7b64eaeb-aac7-474c-a6f9-f5e7b39e86c3,伦敦大学玛丽皇后学院电脑游戏理学硕士,https://www.qmul.ac.uk/postgraduate/taught/coursefinder/courses/computer-games-msc/,计算机.json,伦敦大学玛丽皇后学院,110,计算机
808eb8ef-9b3d-4a43-b1df-0504708c31d0,伦敦大学玛丽皇后学院机器人与人工智能理学硕士,https://www.qmul.ac.uk/postgraduate/taught/coursefinder/courses/robotics-and-artificial-intelligence-msc/,计算机.json,伦敦大学玛丽皇后学院,110,计算机
90ab95f1-ee0e-4bd7-b3e2-f09fa456c2aa,伦敦大学玛丽皇后学院人工智能理学硕士,https://www.qmul.ac.uk/postgraduate/taught/coursefinder/courses/artificial-intelligence-msc/,计算机.json,伦敦大学玛丽皇后学院,110,计算机
5b9a8659-d46f-4d7e-bfa8-f9fdd0cf9080,伦敦大学玛丽皇后学院高级计算机科学理学硕士,https://www.qmul.ac.uk/postgraduate/taught/coursefinder/courses/advanced-computer-science-msc/,计算机.json,伦敦大学玛丽皇后学院,110,计算机
27d36ce0-161a-464f-829b-83ad5c4a8c29,伦敦大学玛丽皇后学院数据科学理学硕士,https://www.qmul.ac.uk/postgraduate/taught/coursefinder/courses/data-science-msc/,计算机.json,伦敦大学玛丽皇后学院,110,计算机
58fa2af7-d109-4ab1-9fb1-e473e47e8641,伦敦大学玛丽皇后学院视觉数据分析机器学习理学硕士,https://www.qmul.ac.uk/postgraduate/taught/coursefinder/courses/machine-learning-for-visual-data-analytics-msc/,计算机.json,伦敦大学玛丽皇后学院,110,计算机
cca8ae2c-6972-4363-acc3-f69cde0169d6,圣安德鲁斯大学计算机科学理学硕士,https://www.st-andrews.ac.uk/subjects/computer-science/computer-science-msc/,计算机.json,圣安德鲁斯大学,113,计算机
60fe8537-8a43-41e9-9a2c-f06fd5095c51,圣安德鲁斯大学人工智能理学硕士,https://www.st-andrews.ac.uk/subjects/computer-science/artificial-intelligence-msc/,计算机.json,圣安德鲁斯大学,113,计算机
e963964e-45cc-4a77-8b54-c6ebef052061,圣安德鲁斯大学人机交互理学硕士,https://www.st-andrews.ac.uk/subjects/computer-science/human-computer-interaction-msc/,计算机.json,圣安德鲁斯大学,113,计算机
af7506d2-8172-4f80-88ea-c2872fb6339c,圣安德鲁斯大学软件工程理学硕士,https://www.st-andrews.ac.uk/subjects/computer-science/software-engineering-msc/,计算机.json,圣安德鲁斯大学,113,计算机
4b640ff2-85ff-40c5-ad3c-311b3ec53f39,加州大学戴维斯分校计算机科学理学硕士,https://cs.ucdavis.edu/graduate/our-programs/ms-degree,计算机.json,加州大学戴维斯分校,114,计算机
e6c47a6a-0bb3-4be9-9989-b6e7d915eac1,莱顿大学商务信息与通讯技术理学硕士,https://www.universiteitleiden.nl/en/education/study-programmes/master/ict-in-business-and-the-public-sector/ict-in-business,计算机.json,莱顿大学,119,计算机
7c5d2807-83ac-4947-99c7-4b5b05e19109,莱顿大学计算机基础理学硕士,https://www.universiteitleiden.nl/en/education/study-programmes/master/computer-science/foundations-of-computing,计算机.json,莱顿大学,119,计算机
e47653ad-666f-4e9f-be6c-c6fa0c612f96,莱顿大学数据科学：计算机科学理学硕士,https://www.universiteitleiden.nl/en/education/study-programmes/master/computer-science/data-science-computer-science,计算机.json,莱顿大学,119,计算机
2af668f5-1df4-4aee-bc9e-414f5e9dfb5a,莱顿大学计算机科学与科学传播与社会理学硕士,https://www.universiteitleiden.nl/en/education/study-programmes/master/computer-science/computer-science-and-science-communication-and-society,计算机.json,莱顿大学,119,计算机
a8deae3e-b074-4c45-b56b-e632a4e5ccc8,莱顿大学生物信息学理学硕士,https://www.universiteitleiden.nl/en/education/study-programmes/master/computer-science/bioinformatics,计算机.json,莱顿大学,119,计算机
6e980f14-bdac-4f4b-a364-b102eff6cc7f,莱顿大学人工智能理学硕士,https://www.universiteitleiden.nl/en/education/study-programmes/master/computer-science/artificial-intelligence,计算机.json,莱顿大学,119,计算机
de7f584d-1875-4351-87d3-797dfdec626b,莱顿大学高级计算和系统理学硕士,https://www.universiteitleiden.nl/en/education/study-programmes/master/computer-science/advanced-computing-and-systems,计算机.json,莱顿大学,119,计算机
b40c00a0-5f0c-4a2d-a9a9-feed03a2dcbe,莱顿大学公共部门的信息和通信技术理学硕士,https://www.universiteitleiden.nl/en/education/study-programmes/master/ict-in-business-and-the-public-sector/ict-in-the-public-sector,计算机.json,莱顿大学,119,计算机
291cd6f5-1486-4e77-9fb1-d05f7e74841a,莱斯大学计算机科学硕士,https://csweb.rice.edu/academics/graduate-programs/professional-masters-programs,计算机.json,莱斯大学,119,计算机
d1360211-3231-4331-916e-0b80d10b02ff,莱斯大学计算机科学与工程硕士,https://ga.rice.edu/programs-study/departments-programs/engineering/computational-science-engineering/computational-science-engineering-mcse/#requirementstext,计算机.json,莱斯大学,119,计算机
e0dd2424-80ea-402c-a7a8-19a1ecf9fac6,莱顿大学创新智能与技术硕士,https://www.universiteitleiden.nl/en/education/study-programmes/master/media-technology,计算机.json,莱顿大学,119,计算机
15f7feee-7182-496a-bedb-86411113fae6,佐治亚理工学院机器人,https://research.gatech.edu/robotics/ms-robotics-program,计算机.json,佐治亚理工学院,123,计算机
5a65fc54-b197-47f5-8535-de92cc9fedd5,佐治亚理工学院网络安全硕士,https://www.cc.gatech.edu/degree-programs/master-science-cybersecurity,计算机.json,佐治亚理工学院,123,计算机
29079dac-e2ea-47a4-a232-432c698e8eb1,佐治亚理工学院人机交互硕士,http://mshci.gatech.edu/,计算机.json,佐治亚理工学院,123,计算机
6fd44068-786c-4e84-aa98-bef445a188d8,佐治亚理工学院计算机科学与工程硕士,https://cse.gatech.edu/academics/ms-cse,计算机.json,佐治亚理工学院,123,计算机
c8a0027e-ed15-4007-af6e-8c1155dec17d,佐治亚理工学院计算机科学硕士,https://www.cc.gatech.edu/future/masters/mscs,计算机.json,佐治亚理工学院,123,计算机
272fa038-17a6-4d06-963f-3bc2e906391a,皇家墨尔本理工大学人工智能硕士,https://www.rmit.edu.au/study-with-us/levels-of-study/postgraduate-study/masters-by-coursework/master-of-artificial-intelligence-mc271,计算机.json,皇家墨尔本理工大学,125,计算机
130d01fa-2c9d-4490-a2fd-f9ca5cf7c71c,皇家墨尔本理工大学网络安全硕士,https://www.rmit.edu.au/study-with-us/levels-of-study/postgraduate-study/masters-by-coursework/master-of-cyber-security-mc159,计算机.json,皇家墨尔本理工大学,125,计算机
7c6847c6-be89-4d3e-8715-5b09b30193f5,柏林洪堡大学计算神经科学,https://www.bccn-berlin.de/master-program.html,计算机.json,柏林洪堡大学,130,计算机
575f8650-40b9-4a15-bac6-a47bd7e022ae,巴斯大学高级机器学习理学硕士,https://www.bath.ac.uk/courses/postgraduate-2025/taught-postgraduate-courses/msc-advanced-machine-learning/,计算机.json,巴斯大学,132,计算机
25af0fd3-565b-46fa-8ae7-b217c6272ec4,巴斯大学高级机器学习理学硕士（含实习）,https://www.bath.ac.uk/courses/postgraduate-2025/taught-postgraduate-courses/msc-advanced-machine-learning-with-professional-placement/,计算机.json,巴斯大学,132,计算机
f078f1b3-0780-46eb-af9b-50608a301b9d,巴斯大学人工智能理学硕士（含实习）,https://www.bath.ac.uk/courses/postgraduate-2025/taught-postgraduate-courses/msc-artificial-intelligence-with-professional-placement/,计算机.json,巴斯大学,132,计算机
db3aa5a7-66b9-4bea-83b3-8441363d64ba,巴斯大学人工智能理学硕士,https://www.bath.ac.uk/courses/postgraduate-2025/taught-postgraduate-courses/msc-artificial-intelligence/,计算机.json,巴斯大学,132,计算机
471446bf-9b5d-4495-9848-dd281f9cfd06,巴斯大学计算机科学理学硕士,https://www.bath.ac.uk/courses/postgraduate-2025/taught-postgraduate-courses/msc-computer-science/,计算机.json,巴斯大学,132,计算机
089808b1-836f-43a9-b33b-165ada887ae9,马来西亚博特拉大学计算机网络硕士,https://fsktm.upm.edu.my/upload/dokumen/20240213135505MRK_13FEB24.pdf,计算机.json,马来西亚博特拉大学,134,计算机
9ee04cf9-fc82-4da8-b813-83f463ad8902,马来西亚博特拉大学软件工程硕士,https://fsktm.upm.edu.my/upload/dokumen/20240213135446MKP_13FEB24.pdf,计算机.json,马来西亚博特拉大学,134,计算机
bdd65a38-ece5-4d7a-a931-0a0d9de9b53b,马来西亚博特拉大学信息安全硕士,https://fsktm.upm.edu.my/upload/dokumen/20240213135516MKM_13FEB24.pdf,计算机.json,马来西亚博特拉大学,134,计算机
1cc2d573-6728-4ec8-9e81-40262b29813d,马来西亚博特拉大学计算机科学硕士,https://fsktm.upm.edu.my/upload/dokumen/20240213135344MSK_13FEB24.pdf,计算机.json,马来西亚博特拉大学,134,计算机
96798830-7c6c-4c4b-80ce-beec3fb67602,马来西亚理科大学计算机科学硕士,https://cs.usm.my/index.php/admissions-academics/postgraduate/master-of-computer-science-mixed-mode,计算机.json,马来西亚理科大学,134,计算机
738b9592-f52a-42ce-a991-ec23f4201c36,马来西亚理科大学数字化转型硕士,https://cs.usm.my/index.php/admissions-academics/postgraduate/master-of-digital-transformation-coursework-mode,计算机.json,马来西亚理科大学,134,计算机
2ad2007d-0a56-4f61-8732-5caac7eccb27,纽卡斯尔大学（英国）网络安全理学硕士,https://www.ncl.ac.uk/postgraduate/degrees/5144f/,计算机.json,纽卡斯尔大学（英国）,137,计算机
3456cbf0-2713-491f-acb4-a622f3ca2a78,纽卡斯尔大学（英国）机器人与人工智能理学硕士,https://www.ncl.ac.uk/postgraduate/degrees/5524f/,计算机.json,纽卡斯尔大学（英国）,137,计算机
0c85c925-82f9-4b4d-ba68-bffecc4629fb,纽卡斯尔大学（英国）人机交互理学硕士,https://www.ncl.ac.uk/postgraduate/degrees/5447f/,计算机.json,纽卡斯尔大学（英国）,137,计算机
5a8ce2f9-ecc2-409c-a490-dd11c0fa6de0,纽卡斯尔大学（英国）电脑游戏工程理学硕士,https://www.ncl.ac.uk/postgraduate/degrees/5152f/,计算机.json,纽卡斯尔大学（英国）,137,计算机
82cb5df0-90e4-41b5-b716-ec5202acfd02,纽卡斯尔大学（英国）计算机科学理学硕士,https://www.ncl.ac.uk/postgraduate/degrees/5055f/,计算机.json,纽卡斯尔大学（英国）,137,计算机
cb735444-0607-4ec9-a89a-0a0c48e58bd7,纽卡斯尔大学（英国）云计算理学硕士,https://www.ncl.ac.uk/postgraduate/degrees/5056f/,计算机.json,纽卡斯尔大学（英国）,137,计算机
80221351-67c0-4eee-9187-5bf890e0210f,纽卡斯尔大学（英国）高级计算机科学理学硕士,https://www.ncl.ac.uk/postgraduate/degrees/5178f/,计算机.json,纽卡斯尔大学（英国）,137,计算机
c9c51147-c515-4ab7-8d11-a2f3e53596c6,纽卡斯尔大学（英国）生物信息学理学硕士,https://www.ncl.ac.uk/postgraduate/degrees/5198f/,计算机.json,纽卡斯尔大学（英国）,137,计算机
f59e8c5a-fc9c-4dc0-90c0-3c871f39b2cb,麦考瑞大学网络信息技术硕士,https://www.mq.edu.au/study/find-a-course/courses/master-of-information-technology-in-networking,计算机.json,麦考瑞大学,138,计算机
d16f151d-7b1b-4d17-9426-db35d9fd1549,麦考瑞大学网络安全信息技术硕士,https://www.mq.edu.au/study/find-a-course/courses/master-of-information-technology-in-cyber-security,计算机.json,麦考瑞大学,138,计算机
56964661-1c67-4576-8e96-68cef24271e6,麦考瑞大学人工智能信息技术硕士,https://www.mq.edu.au/study/find-a-course/courses/master-of-information-technology-in-artificial-intelligence,计算机.json,麦考瑞大学,138,计算机
7aef71c7-93cb-4dc6-aa2c-c805d5dd1c86,麦考瑞大学数据科学硕士,https://www.mq.edu.au/study/find-a-course/courses/master-of-data-science,计算机.json,麦考瑞大学,138,计算机
1b9239f8-2a20-40ca-8463-f9087dbc38d4,麦考瑞大学网络安全分析硕士,https://www.mq.edu.au/study/find-a-course/courses/master-of-cyber-security-analysis,计算机.json,麦考瑞大学,138,计算机
aa5445de-ab5d-460e-85b8-165f142f1fd2,麦考瑞大学信息技术硕士,https://www.mq.edu.au/study/find-a-course/courses/master-of-information-technology,计算机.json,麦考瑞大学,138,计算机
422aa279-5b33-48f2-9f43-129e0ca801f1,埃因霍芬理工大学主嵌入式系统理学硕士,https://www.tue.nl/en/education/graduate-school/master-embedded-systems/,计算机.json,埃因霍芬理工大学,140,计算机
8c4d6b3b-6bab-437d-9a52-21cbd17ad612,北卡罗来纳大学教堂山分校计算机科学硕士,https://cs.unc.edu/graduate/ms/,计算机.json,北卡罗来纳大学教堂山分校,140,计算机
e773778b-2921-4e9c-bef0-1b3a2a1c268e,埃因霍芬理工大学人工智能与工程系统理学硕士,https://www.tue.nl/en/education/graduate-school/master-artificial-intelligence-and-engineering-systems/,计算机.json,埃因霍芬理工大学,140,计算机
a9bff679-8cf8-4bb2-8c1b-c29264450c82,埃因霍芬理工大学计算机科学与工程理学硕士-信息安全技术,https://www.tue.nl/en/education/graduate-school/mastertrack-information-security-technology/,计算机.json,埃因霍芬理工大学,140,计算机
80fecdc1-e7d1-4f27-b679-65fe4b150ae1,埃因霍芬理工大学人机交互理学硕士,https://www.tue.nl/en/education/graduate-school/master-human-technology-interaction/,计算机.json,埃因霍芬理工大学,140,计算机
332caaee-a233-4ee9-be00-3637a4770e81,德州农工大学计算机科学理学硕士,https://engineering.tamu.edu/cse/academics/degrees/graduate/ms-cs.html,计算机.json,德州农工大学,144,计算机
58e4a23d-6d72-4c87-86cd-93e6a52b7d90,德州农工大学计算机科学硕士,https://engineering.tamu.edu/cse/academics/degrees/graduate/mcs.html,计算机.json,德州农工大学,144,计算机
cf83073d-010f-446a-bbaf-6d2e3c730206,德州农工大学计算机工程理学硕士,https://engineering.tamu.edu/cse/academics/degrees/graduate/ms-ce.html,计算机.json,德州农工大学,144,计算机
045c9e5d-3ba7-4c7f-8391-5afa8fd2894c,德州农工大学计算机工程工程硕士,https://engineering.tamu.edu/cse/academics/degrees/graduate/meng.html,计算机.json,德州农工大学,144,计算机
8103a30a-6cd7-4ac9-89c9-c878faedbfaa,南加州大学网络安全工程理学硕士,https://viterbigradadmission.usc.edu/programs/masters/msprograms/data-science/ms-cyber-security-engineering/,计算机.json,南加州大学,146,计算机
674996d5-640d-47d4-b887-34446790be40,南加州大学计算机工程理学硕士,https://viterbigradadmission.usc.edu/programs/masters/msprograms/electrical-computer-engineering/ms-computer-engineering/,计算机.json,南加州大学,146,计算机
c05ec4f0-69f0-423b-bfc3-34bcc6234d66,南加州大学计算机科学硕士,https://viterbigradadmission.usc.edu/programs/masters/msprograms/computer-science/ms-cs-scientists-engineers/,计算机.json,南加州大学,146,计算机
ae3e55d2-f535-4d82-a9c0-097f97276f68,南加州大学计算机科学硕士,https://www.cs.usc.edu/academic-programs/masters/computer-science-general/,计算机.json,南加州大学,146,计算机
3058f8f9-93fe-4585-9411-5da4861581ac,南加州大学计算机科学硕士,https://viterbigradadmission.usc.edu/programs/masters/msprograms/computer-science/ms-computer-science/,计算机.json,南加州大学,146,计算机
da3a1d61-e905-4a97-bbae-daf1efcdb69c,利物浦大学机器人与物联网（工程）理学硕士,https://www.liverpool.ac.uk/courses/robotics-and-the-internet-of-things-msc-eng,计算机.json,利物浦大学,147,计算机
1e418cf0-33db-42e3-8479-7677da55f831,利物浦大学信息技术理学硕士,https://www.liverpool.ac.uk/courses/information-technology-msc,计算机.json,利物浦大学,147,计算机
b3aeb6ce-8f12-4f94-b3ed-412df12d5b66,格罗宁根大学计算认知科学理学硕士,https://www.rug.nl/masters/computational-cognitive-science/,计算机.json,格罗宁根大学,147,计算机
7cd20e73-aee2-446e-ac3c-b1655374f37b,格罗宁根大学计算认知科学理学硕士,https://www.rug.nl/masters/computational-cognitive-science/,计算机.json,格罗宁根大学,147,计算机
db02761c-32b0-4d92-bfe3-8aee592d13af,格罗宁根大学人工智能理学硕士,https://www.rug.nl/masters/artificial-intelligence/,计算机.json,格罗宁根大学,147,计算机
0dd1fa76-c13b-4e43-b139-519d0f99272e,利物浦大学高级数据科学与人工智能理学硕士（含1年行业实习）,https://www.liverpool.ac.uk/courses/2025/big-data-and-high-performance-computing-with-a-year-in-industry-msc,计算机.json,利物浦大学,147,计算机
bf1eafa4-3ba6-41f8-a93d-3a580af9067a,利物浦大学理论计算机科学理学硕士（含1年行业实习）,https://www.liverpool.ac.uk/courses/2025/theoretical-computer-science-with-a-year-in-industry-msc,计算机.json,利物浦大学,147,计算机
36f75be9-c6ab-4aa8-a567-6b96edf1fd13,利物浦大学网络安全理学硕士,https://www.liverpool.ac.uk/courses/cyber-security-msc,计算机.json,利物浦大学,147,计算机
f1975a70-fbde-49b4-ac47-6798d965ce5d,利物浦大学高级计算机科学理学硕士（含1年行业实习）,https://www.liverpool.ac.uk/courses/2025/advanced-computer-science-with-a-year-in-industry-msc,计算机.json,利物浦大学,147,计算机
86be35c2-dc2d-40ce-a048-5d828bcfcfcf,利物浦大学计算机科学理学硕士,https://www.liverpool.ac.uk/courses/2025/computer-science-msc,计算机.json,利物浦大学,147,计算机
5e0a3ebb-e1b5-477c-b075-bec1c2153bdc,利物浦大学理论计算机科学理学硕士,https://www.liverpool.ac.uk/courses/2025/theoretical-computer-science-msc,计算机.json,利物浦大学,147,计算机
0cf48923-ca60-4d59-8c50-ce759ba594b7,利物浦大学高级数据科学与人工智能理学硕士,https://www.liverpool.ac.uk/courses/2025/big-data-and-high-performance-computing-msc,计算机.json,利物浦大学,147,计算机
b9953e6e-88b8-4a29-9e63-ab8ae867e6f2,利物浦大学高级计算机科学理学硕士,https://www.liverpool.ac.uk/courses/2025/advanced-computer-science-msc,计算机.json,利物浦大学,147,计算机
26ee21de-0a29-41b2-816b-a67257eb20ef,马来西亚理工大学创新计算硕士,https://comp.utm.my/master-ic/,计算机.json,马来西亚理工大学,153,计算机
57401bf6-0aea-4f30-a20f-cb59cdebb5b2,马来西亚理工大学软件工程硕士,https://razak.utm.my/master-of-software-engineering/,计算机.json,马来西亚理工大学,153,计算机
2adedfe6-2907-4cd2-a013-9ded1ec89cc8,马来西亚理工大学信息安全保障理学硕士,https://razak.utm.my/msc-information-assurance/,计算机.json,马来西亚理工大学,153,计算机
7f8d0851-24b2-4c2b-bf59-000043fa40c7,马来西亚理工大学信息学理学硕士,https://razak.utm.my/msc-informatics/,计算机.json,马来西亚理工大学,153,计算机
756c8361-6117-4429-9536-2e26d7dfd2f9,马来西亚理工大学计算机系统工程理学硕士,https://razak.utm.my/msc-systems-engineering/,计算机.json,马来西亚理工大学,153,计算机
c96b6586-3560-4463-9e0b-c85fbc45440a,马来西亚理工大学计算机科学硕士,https://comp.utm.my/master-cs/,计算机.json,马来西亚理工大学,153,计算机
c8b18d19-723a-468b-856f-2d5fd6874817,马来西亚理工大学网络安全硕士,https://comp.utm.my/master-csy/,计算机.json,马来西亚理工大学,153,计算机
7680b9fe-d924-4f2c-9a8c-82d1d30f490d,埃克塞特大学以人为本的人工智能理学硕士,https://www.exeter.ac.uk/study/postgraduate/courses/computerscience/human-centred-ai/,计算机.json,埃克塞特大学,155,计算机
117bbe69-0782-430d-96ac-075a00432afa,埃克塞特大学生成式人工智能理学硕士,https://www.exeter.ac.uk/study/postgraduate/courses/computerscience/generative-ai/,计算机.json,埃克塞特大学,155,计算机
7c0c0763-1cc2-4c19-949a-1f768dfbf298,埃克塞特大学计算机科学理学硕士,https://www.exeter.ac.uk/study/postgraduate/courses/computerscience/computer-science/,计算机.json,埃克塞特大学,155,计算机
ed5d5438-7183-437c-82e4-ce6448d77f83,埃克塞特大学高级计算机科学与商业理学硕士,https://www.exeter.ac.uk/study/postgraduate/courses/computerscience/compscibusmsc/,计算机.json,埃克塞特大学,155,计算机
6874647e-23bb-470e-873a-6a0ef0c134a0,埃克塞特大学网络安全分析理学硕士,https://www.exeter.ac.uk/study/postgraduate/courses/computerscience/cyber-security/,计算机.json,埃克塞特大学,155,计算机
8517dbd5-53df-4bcf-ade9-45d342f21c55,埃克塞特大学高级计算机科学理学硕士,https://www.exeter.ac.uk/study/postgraduate/courses/computerscience/compscimsc/,计算机.json,埃克塞特大学,155,计算机
314846ab-ddac-4e43-8ca4-acd4400187a1,兰卡斯特大学网络安全理学硕士,https://www.lancaster.ac.uk/study/postgraduate/postgraduate-courses/cyber-security-msc/2025/,计算机.json,兰卡斯特大学,157,计算机
44f3b21d-6b83-41c9-b9e6-70f23d5a7faf,兰卡斯特大学人工智能理学硕士,https://www.lancaster.ac.uk/study/postgraduate/postgraduate-courses/artificial-intelligence-msc/2025/,计算机.json,兰卡斯特大学,157,计算机
7c32c2b2-33ef-4250-bed5-8148e50f0269,巴塞尔大学计算机科学理学硕士,https://www.unibas.ch/en/Studies/Degree-Programs/Degree-Programs.html?study=Computer-Science-MSc,计算机.json,巴塞尔大学,158,计算机
bf27699f-134c-4324-becf-20a68a963dcf,密歇根州立大学计算机科学 硕士,https://www.cse.msu.edu/,计算机.json,密歇根州立大学,161,计算机
bbe6bfee-8b41-4b42-a6e4-afce132eb157,根特大学计算机科学与工程理学硕士,https://studiekiezer.ugent.be/master-of-science-in-computer-science-engineering-en,计算机.json,根特大学,162,计算机
c913b0a4-23ae-4b34-b34d-d1be5d69d211,圣路易斯华盛顿大学计算机工程硕士,https://cse.wustl.edu/graduate/programs/Pages/ms-in-computer-engineering.aspx,计算机.json,圣路易斯华盛顿大学,167,计算机
fa70fd17-275b-4d87-9e1c-3972b389d2f9,圣路易斯华盛顿大学网络安全工程硕士,https://cse.wustl.edu/graduate/programs/Pages/ms-in-cybersecurity-engineering.aspx,计算机.json,圣路易斯华盛顿大学,167,计算机
1e8d6aa2-74f7-41dd-8675-e831ddd5fc13,圣路易斯华盛顿大学计算机科学理学硕士,https://cse.wustl.edu/academics/graduate/MS-in-Computer-Science.html,计算机.json,圣路易斯华盛顿大学,167,计算机
3fb47344-ed82-4a13-8629-b3dc64406975,约克大学（英国）高级计算机科学理学硕士,https://www.york.ac.uk/study/postgraduate-taught/courses/msc-advanced-computer-science/,计算机.json,约克大学（英国）,169,计算机
7c101d16-c1c0-4928-a699-749aec1317bf,约克大学（英国）网络安全理学硕士,https://www.york.ac.uk/study/postgraduate-taught/courses/msc-cyber-security/,计算机.json,约克大学（英国）,169,计算机
7612046e-3311-4d2d-a55c-00952a6d1c8d,约克大学（英国）以人为本的交互式技术理学硕士,https://www.york.ac.uk/study/postgraduate-taught/courses/msc-human-centred-interactive-technologies/,计算机.json,约克大学（英国）,169,计算机
cb08aeac-5120-4426-b34d-1fd0381796d7,约克大学（英国）安全关键系统工程理学硕士,https://www.york.ac.uk/study/postgraduate-taught/courses/msc-safety-critical-systems-engineering/,计算机.json,约克大学（英国）,169,计算机
6f2f5561-c012-4893-9d4c-89c76ac7d3b3,约克大学（英国）人工智能理学硕士,https://www.york.ac.uk/study/postgraduate-taught/courses/msc-artificial-intelligence/,计算机.json,约克大学（英国）,169,计算机
21171e48-d305-4766-a9ae-3a57ebec879f,约克大学（英国）创意产业人工智能理学硕士,https://www.york.ac.uk/study/postgraduate-taught/courses/msc-ai-for-the-creative-industries/,计算机.json,约克大学（英国）,169,计算机
c3b09a0e-7fbc-48e6-bad4-d0e5a387a8d3,卡迪夫大学计算理学硕士（含实习）,https://www.cardiff.ac.uk/study/postgraduate/taught/courses/course/computing-with-placement-msc,计算机.json,卡迪夫大学,181,计算机
9ffa27a2-fa5c-4b4d-a71c-279b20d109fe,卡迪夫大学人工智能理学硕士,https://www.cardiff.ac.uk/study/postgraduate/taught/courses/course/artificial-intelligence-msc,计算机.json,卡迪夫大学,181,计算机
04f3a0d8-204c-4145-aa93-5ab26c09997a,卡迪夫大学软件工程理学硕士,https://www.cardiff.ac.uk/study/postgraduate/taught/courses/course/software-engineering,计算机.json,卡迪夫大学,181,计算机
a9904bc6-4dc0-46e9-be39-87ac710b2599,卡迪夫大学软件工程理学硕士（含专业实习一年）,https://www.cardiff.ac.uk/study/postgraduate/taught/courses/course/software-engineering-with-professional-placement-year-msc-full-time-2-years,计算机.json,卡迪夫大学,181,计算机
304fcdfb-3101-4762-bee3-66050f1a03f8,卡迪夫大学自然语言处理理学硕士,https://www.cardiff.ac.uk/study/postgraduate/taught/courses/course/msc-natural-language-processing,计算机.json,卡迪夫大学,181,计算机
3d6055c9-4279-459a-acea-e91b725e78b2,卡迪夫大学人工智能理学硕士（含专业实习一年）,https://www.cardiff.ac.uk/study/postgraduate/taught/courses/course/artificial-intelligence-with-a-professional-placement-year-msc,计算机.json,卡迪夫大学,181,计算机
d4d9f1c5-1fd1-4a9b-b70f-c8165ee228d7,卡迪夫大学网络安全与技术理学硕士,https://www.cardiff.ac.uk/study/postgraduate/taught/courses/course/cyber-security-and-technology-msc-full-time-1-year,计算机.json,卡迪夫大学,181,计算机
12dc6615-daf6-4d43-aba5-eccbfe157240,卡迪夫大学网络安全理学硕士,https://www.cardiff.ac.uk/study/postgraduate/taught/courses/course/cyber-security-msc-full-time-1-year,计算机.json,卡迪夫大学,181,计算机
439c4b05-4d3d-4520-a9d9-501472b815b6,卡迪夫大学计算与信息技术管理理学硕士,https://www.cardiff.ac.uk/study/postgraduate/taught/courses/course/computing-and-it-management-msc,计算机.json,卡迪夫大学,181,计算机
7239371a-b208-4df0-8831-800e2a0ab88e,卡迪夫大学高级计算机科学理学硕士（含专业实习1年）,https://www.cardiff.ac.uk/study/postgraduate/taught/courses/course/advanced-computer-science-with-a-professional-placement-year-msc,计算机.json,卡迪夫大学,181,计算机
42b1f079-3008-44ae-a30d-2303fb911271,卡迪夫大学计算与信息技术管理理学硕士（含实习）,https://www.cardiff.ac.uk/study/postgraduate/taught/courses/course/computing-And-it-management-with-placement-msc,计算机.json,卡迪夫大学,181,计算机
7f9c7bd1-ab21-4cf3-b738-3c445732d201,卡迪夫大学计算学理学硕士,https://www.cardiff.ac.uk/study/postgraduate/taught/courses/course/computing-msc,计算机.json,卡迪夫大学,181,计算机
799f0af8-ddc2-4115-81af-81caad4b92e6,卡迪夫大学高级计算机科学理学硕士,https://www.cardiff.ac.uk/study/postgraduate/taught/courses/course/advanced-computer-science-msc,计算机.json,卡迪夫大学,181,计算机
27b5e9a3-5542-4159-b5fc-ef609f90da1b,埃默里大学计算机科学硕士,https://computerscience.emory.edu/graduate-ms/cs-ms-programs.html,计算机.json,埃默里大学,182,计算机
83eb16ba-8953-40e1-aa79-9fd442f543d5,科廷大学网络安全硕士,https://www.curtin.edu.au/study/offering/course-pg-master-of-cyber-security--mc-cybse/,计算机.json,科廷大学,183,计算机
7356ab3f-a02d-46f4-a613-6c05c94a5ea8,科廷大学人工智能硕士,https://www.curtin.edu.au/study/offering/course-pg-master-of-artificial-intelligence--mc-aintl/,计算机.json,科廷大学,183,计算机
2b1c58e7-6e81-4478-a9df-e617a891f88a,科廷大学计算机硕士,https://www.curtin.edu.au/study/offering/course-pg-master-of-computing--mc-comp/,计算机.json,科廷大学,183,计算机
3e3b3498-5ece-4092-aaea-34004f0b7dfd,伍伦贡大学计算机科学硕士（网络安全）,https://coursefinder.uow.edu.au/information/index.html?course=master-computer-science-cyber-security,计算机.json,伍伦贡大学,184,计算机
7e60781d-895a-4b5a-be94-062f6f7e925f,伍伦贡大学计算机科学硕士（机器学习和大数据）,https://coursefinder.uow.edu.au/information/index.html?course=master-computer-science-machine-learning-big-data,计算机.json,伍伦贡大学,184,计算机
ee8ec85c-2d57-4126-9e56-d5a4118a0667,伍伦贡大学信息技术硕士,https://coursefinder.uow.edu.au/information/index.html?course=master-information-technology,计算机.json,伍伦贡大学,184,计算机
451df861-0e79-41db-ad9c-999f8c5011d4,伍伦贡大学计算机科学硕士（网络和信息安全）,https://coursefinder.uow.edu.au/information/index.html?course=master-computer-science-information-security,计算机.json,伍伦贡大学,184,计算机
6eb24381-36db-4d75-86e4-a881c193d944,伍伦贡大学计算机科学硕士,https://coursefinder.uow.edu.au/information/index.html?course=master-computer-science,计算机.json,伍伦贡大学,184,计算机
c6009a52-dcd3-4e0d-86ed-d43f77d77c04,伯尔尼大学计算机科学理学硕士,https://www.philnat.unibe.ch/studium/studienprogramme/master_informatik/index_ger.html,计算机.json,伯尔尼大学,184,计算机
ad4f479c-472b-480e-9a82-20f996b3be17,伍伦贡大学计算机科学硕士（软件工程）,https://coursefinder.uow.edu.au/information/index.html?course=master-computer-science-software-engineering,计算机.json,伍伦贡大学,184,计算机
d202520b-4820-420c-a5b4-6e769b55f990,俄亥俄州立大学计算机科学与工程理学硕士,https://cse.osu.edu/graduate/master-science-program,计算机.json,俄亥俄州立大学,190,计算机
d6888bef-af04-4153-9eb5-cd236f58c7aa,法语鲁汶大学计算机科学与工程硕士,https://uclouvain.be/en-prog-2025-info2m,计算机.json,法语鲁汶大学,191,计算机
b897b574-e345-4376-8cf4-c597d867e636,法语鲁汶大学计算机科学硕士（2年制）,https://uclouvain.be/en-prog-2025-sinf2m,计算机.json,法语鲁汶大学,191,计算机
f6948875-802b-4367-8b15-b38b3055ece4,法语鲁汶大学计算机科学硕士（1年制）,https://uclouvain.be/en-prog-2025-sinf2m1,计算机.json,法语鲁汶大学,191,计算机
a62dcc77-7d64-45b0-bbab-16c1d4903906,雷丁大学气候变化与人工智能理学硕士,https://www.reading.ac.uk/ready-to-study/study/subject-area/meteorology-and-climate-pg/msc-climate-change-and-artificial-intelligence,计算机.json,雷丁大学,194,计算机
31d4637e-a28c-4c75-8ec0-d6ed2422cad1,雷丁大学数据科学与高级计算理学硕士,https://www.reading.ac.uk/ready-to-study/study/subject-area/computer-science-pg/msc-data-science-and-advanced-computing,计算机.json,雷丁大学,194,计算机
f668c4ed-f2a2-45fb-b85b-7e9148fb833b,贝尔法斯特女王大学人工智能理学硕士,https://www.qub.ac.uk/courses/postgraduate-taught/artificial-intelligence-msc/,计算机.json,贝尔法斯特女王大学,199,计算机
529e8c44-a485-4c8e-a88b-31a8e580f5fe,贝尔法斯特女王大学应用网络安全理学硕士,https://www.qub.ac.uk/courses/postgraduate-taught/applied-cyber-security-msc/,计算机.json,贝尔法斯特女王大学,199,计算机
465c525a-2fef-4c87-aa7b-630fd66eccd3,贝尔法斯特女王大学软件开发理学硕士,https://www.qub.ac.uk/courses/postgraduate-taught/software-development-msc/,计算机.json,贝尔法斯特女王大学,199,计算机
58525abe-7cc1-49c2-a1de-5836b43ee9a3,贝尔法斯特女王大学应用网络安全理学硕士（含专业实习）,https://www.qub.ac.uk/courses/postgraduate-taught/applied-cyber-security-professional-internship-msc/,计算机.json,贝尔法斯特女王大学,199,计算机
